citycode,cityname,statecode,countrycode,latitude,longitude,active,searchorigin,searchdestination,wtforigin,wtfdestination
cit,cityName,st,co,(null),(null),(null),(null),(null),(null),(null)
AAA,Anaa,,PF,-17.352500000000003,-145.51,1,183,473,68,34
AAB,Arrabury,QL,AU,-26.691111111111113,141.04722222222222,0,0,0,0,0
AAC,El Arish,,EG,31.073333333333334,33.83583333333333,1,0,0,0,0
AAD,Adado,,SO,6.096111111111111,46.6375,1,0,0,1,1
AAE,Annaba,,DZ,36.82222222222222,7.809166666666666,1,35738,47805,83,96
AAF,Apalachicola,FL,US,29.733333333333334,-85.03333333333333,0,0,0,0,0
AAG,Arapoti,PR,BR,-24.103611111111114,-49.79,0,0,0,0,0
AAH,Aachen,,DE,50.823055555555555,6.186388888888889,0,287,522,0,0
AAI,Arraias,TO,BR,-12.916666666666666,-46.93333333333333,0,0,0,0,0
AAJ,Awaradam,,SR,3.9,-55.36666666666667,0,0,0,0,0
AAK,Aranuka,,KI,0.18527777777777776,173.63694444444442,1,0,0,2,2
AAL,Aalborg,,DK,57.1,9.85,1,288090,299136,2050,2002
AAM,Mala Mala,,ZA,-24.818055555555556,31.544722222222223,0,0,0,0,0
AAN,Al Ain,,AE,24.261666666666667,55.60916666666667,1,644259,665390,18,17
AAO,Anaco,,VE,9.416666666666666,-64.46666666666667,0,0,0,0,0
AAP,Samarinda,,ID,-0.37305555555555553,117.25083333333333,1,4010,3391,30,32
AAQ,Anapa,,RU,45.00222222222222,37.34722222222222,0,0,0,0,0
AAR,Aarhus,,DK,56.15,10.216666666666667,1,185045,180155,794,822
AAS,Apalapsili,,ID,-3.9166666666666665,139.25,0,0,0,0,0
AAT,Altay,,CN,47.75055555555556,88.08583333333333,1,1028,5669,111,109
AAU,Asau,,WS,-13.458333333333332,-172.6,0,0,0,0,0
AAV,Surallah,,PH,6.333333333333333,124.76666666666667,0,0,0,0,0
AAX,Araxa,MG,BR,-19.563333333333333,-46.96027777777778,1,517,533,22,14
AAY,Al Ghaydah,,YE,16.19361111111111,52.17305555555555,1,0,0,59,59
AAZ,Quetzaltenango,,GT,14.863888888888889,-91.52027777777778,1,1042,1643,12,16
ABA,Abakan,,RU,53.74,91.385,1,9917,5368,66,62
ABB,Asaba,,NG,6.203055555555555,6.6672222222222235,1,1188,1688,45,42
ABC,Albacete,,ES,38.994166666666665,-1.8583333333333334,1,12,33,0,0
ABD,Abadan,,IR,30.371111111111112,48.22833333333333,1,0,0,52,55
ABE,Allentown/Bethlehem/Easton,PA,US,40.65222222222222,-75.44083333333333,1,152908,110015,743,646
ABF,Abaiang,,KI,1.3816666666666666,173.14749999999998,1,0,0,2,2
ABG,Abingdon Downs,QL,AU,-17.666666666666668,143.2,0,0,0,0,0
ABH,Alpha,QL,AU,-23.7,146.58333333333334,0,0,0,0,0
ABI,Abilene,TX,US,32.416666666666664,-99.68333333333334,1,30198,26479,191,220
ABJ,Abidjan,,CI,5.261388888888889,-3.926388888888889,1,585428,815746,1154,1133
ABK,Kebri Dehar,,ET,6.733888888888889,44.25527777777778,0,9,8,0,0
ABL,Ambler,AK,US,67.10722222222222,-157.85333333333332,1,6,9,3,3
ABM,Bamaga,QL,AU,-10.950833333333332,142.45944444444444,1,342,438,66,78
ABN,Albina,,SR,5.5166666666666675,-54.05,0,0,0,0,0
ABO,Aboisso,,CI,5.466666666666667,-3.2,0,0,0,0,0
ABP,Atkamba,,PG,-6.066666666666666,141.1,0,0,0,0,0
ABQ,Albuquerque,NM,US,35.04055555555556,-106.60944444444443,1,584953,565879,5341,5272
ABR,Aberdeen,SD,US,45.453611111111115,-98.42555555555556,1,12509,14209,28,28
ABS,Abu Simbel,,EG,22.375833333333333,31.611666666666668,1,10089,15944,55,73
ABT,Al Baha,,SA,20.296111111111113,41.634166666666665,1,23549,18118,119,121
ABU,Atambua,,ID,-9.075,124.9038888888889,1,0,0,3,3
ABV,Abuja,,NG,9.006666666666666,7.263055555555556,1,639394,644275,463,464
ABW,Abau,,PG,-10.166666666666666,148.7,0,0,0,0,0
ABX,Albury,NS,AU,-36.06777777777778,146.95805555555555,1,80654,30433,184,179
ABY,Albany,GA,US,31.535555555555558,-84.19444444444444,1,19011,17548,164,167
ABZ,Aberdeen,,GB,57.20416666666667,-2.200277777777778,1,495786,361053,8052,9129
ACA,Acapulco,,MX,16.756944444444443,-99.7538888888889,1,201443,304283,403,368
ACB,Bellaire,MI,US,44.983333333333334,-85.20277777777778,0,0,0,0,0
ACC,Accra,,GH,5.605277777777777,-0.16666666666666666,1,1685491,1898125,924,982
ACD,Acandi,,CO,8.516666666666667,-77.3,0,0,0,0,0
ACE,Lanzarote,,ES,28.945555555555554,-13.605277777777777,1,665104,1239406,6283,6239
ACF,Alaer,,CN,40.44944444444444,81.2675,1,0,9,46,42
ACH,Altenrhein,,CH,47.485,9.560833333333335,1,2910,3397,32,32
ACI,Alderney,,GB,49.706944444444446,-2.215555555555556,1,407,1392,6,6
ACJ,Anuradhapura,,LK,8.3,80.42666666666668,0,0,0,0,0
ACK,Nantucket,MA,US,41.253055555555555,-70.06027777777777,1,18610,21121,1177,1237
ACL,Aguaclara,,CO,4.75,-73.0,0,0,0,0,0
ACM,Arica,,CO,-2.1333333333333333,-71.78333333333333,0,0,0,0,0
ACN,Ciudad Acuna,,MX,29.333055555555557,-101.09916666666666,0,0,0,0,0
ACO,Cobano,,CR,9.691944444444445,-85.09666666666666,0,0,0,0,0
ACP,Maragheh,,IR,37.34805555555556,46.13305555555556,1,0,0,2,2
ACR,Araracuara,,CO,-0.6008333333333333,-72.3963888888889,0,0,0,0,0
ACS,Achinsk,,RU,56.26972222222222,90.57194444444444,0,0,0,0,0
ACT,Waco,TX,US,31.616666666666667,-97.23333333333333,1,21409,17663,321,295
ACU,Achutupo,,PA,8.433333333333334,-77.96666666666667,0,0,0,0,0
ACV,Arcata/Eureka,CA,US,40.97805555555556,-124.1086111111111,1,35448,32198,145,132
ACX,Xingyi,,CN,25.085555555555555,104.95944444444444,1,1968,2652,117,120
ACY,Atlantic City,NJ,US,39.36277777777778,-74.4263888888889,1,56237,46279,199,206
ACZ,Zabol,,IR,31.098333333333333,61.54388888888889,1,0,0,3,3
ADA,Adana,,TR,36.98222222222223,35.280277777777776,1,566922,560945,3157,3156
ADC,Andakombe,,PG,-7.15,145.75,0,0,0,0,0
ADD,Addis Ababa,,ET,8.977777777777778,38.79944444444444,1,2596564,1932728,6289,6324
ADE,Aden,,YE,12.829444444444444,45.028888888888886,1,5,6,366,188
ADF,Adiyaman,,TR,37.731388888888894,38.46888888888889,1,13667,15118,76,77
ADG,Adrian,MI,US,41.9,-84.03333333333333,0,0,0,0,0
ADH,Aldan,,RU,58.60277777777778,125.40666666666667,0,0,0,0,0
ADI,Arandis,,NA,-22.4,15.0,0,0,0,0,0
ADK,Adak Island,AK,US,51.88111111111111,-176.6483333333333,1,118,270,31,15
ADL,Adelaide,SA,AU,-34.93333333333333,138.6,1,3370834,2758387,5888,5980
ADM,Ardmore,OK,US,34.3,-97.01666666666667,1,0,0,0,0
ADN,Andes,,CO,5.666666666666667,-75.88333333333334,0,0,0,0,0
ADO,Andamooka,SA,AU,-30.433888888888887,137.13722222222222,0,0,0,0,0
ADP,Ampara,,LK,7.3374999999999995,81.62583333333333,0,0,0,0,0
ADQ,Kodiak,AK,US,57.75,-152.48333333333332,1,6661,7323,137,100
ADR,Andrews,SC,US,33.45,-79.56666666666666,0,0,0,0,0
ADT,Ada,OK,US,34.8,-96.66666666666667,0,0,0,0,0
ADU,Ardabil,,IR,38.32555555555556,48.424166666666665,1,0,0,23,23
ADV,Addeain,,SD,11.402222222222223,26.11861111111111,0,0,0,0,0
ADW,Camp Springs,MD,US,38.80888888888889,-76.87083333333332,0,0,0,0,0
ADX,St Andrews,,GB,56.36666666666667,-2.8666666666666667,0,0,0,0,0
ADY,Alldays,,ZA,-22.666666666666668,29.1,0,0,0,0,0
ADZ,San Andres Island,,CO,12.58361111111111,-81.71111111111111,1,267304,510470,3117,3151
AEA,Abemama,,KI,0.4905555555555556,173.82999999999998,1,0,0,3,3
AEB,Baise,,CN,23.72,106.96027777777778,1,436,503,25,24
AEE,Adareil,,SS,10.061111111111112,32.96194444444445,0,0,0,0,0
AEG,Aek Godang,,ID,1.4,99.43,1,0,0,0,0
AEH,Abeche,,TD,13.8475,20.844444444444445,0,0,0,0,0
AEK,Aseki,,PG,-7.366666666666666,146.28333333333333,0,0,0,0,0
AEL,Albert Lea,MN,US,43.68333333333333,-93.36666666666666,0,0,0,0,0
AEM,Amgu,,RU,45.8425,137.67777777777778,1,0,0,1,1
AEO,Aioun el Atrouss,,MR,16.7,-9.65,0,0,0,0,0
AEQ,Chifeng,,CN,43.90833333333333,120.15027777777779,0,0,0,0,0
AER,Sochi,,RU,43.45,39.95666666666667,1,1081255,624504,1179,1175
AES,Alesund,,NO,62.56027777777778,6.110277777777777,1,258477,154359,1701,1773
AET,Allakaket,AK,US,66.55055555555555,-152.63194444444446,1,0,0,4,6
AEU,Abu Musa Island,,IR,25.875555555555557,55.0325,1,0,0,1,1
AEX,Alexandria,LA,US,31.316666666666666,-92.51666666666667,1,43003,40520,420,422
AEY,Akureyri,,IS,65.65861111111111,-18.072222222222223,1,17008,26809,145,145
AFA,San Rafael,MD,AR,-34.58861111111111,-68.40277777777779,1,5803,10390,37,38
AFD,Port Alfred,,ZA,-33.583333333333336,26.883333333333333,0,0,0,0,0
AFI,Amalfi,,CO,6.916666666666667,-75.06666666666666,0,0,0,0,0
AFK,Ampara,,LK,7.291944444444444,81.63527777777779,0,0,1,0,0
AFL,Alta Floresta,MT,BR,-9.866111111111111,-56.10611111111111,1,1192,1697,10,9
AFN,Jaffrey,NJ,US,42.80555555555555,-72.00333333333333,0,0,0,0,0
AFO,Afton,WY,US,42.71666666666667,-110.93333333333334,0,0,0,0,0
AFR,Afore,,PG,-9.133333333333333,148.38333333333333,0,0,0,0,0
AFS,Zarafshan,,UZ,41.615833333333335,64.23305555555555,0,0,0,0,0
AFT,Afutara,,SB,-9.19111111111111,160.94916666666668,0,0,0,0,0
AFY,Afyon,,TR,38.733333333333334,30.6,0,0,0,0,0
AFZ,Sabzevar,,IR,36.16861111111111,57.59638888888889,0,0,0,0,0
AGA,Agadir,,MA,30.325,-9.413055555555555,1,443931,729300,2804,2629
AGD,Anggi,,ID,-1.3833333333333333,133.86666666666667,0,0,0,0,0
AGE,Wangerooge,,DE,53.78722222222222,7.9158333333333335,0,0,0,0,0
AGF,Agen,,FR,44.17472222222222,0.5905555555555556,0,0,0,0,0
AGG,Angoram,,PG,-4.066666666666666,144.1,0,0,0,0,0
AGH,Angelholm/Helsingborg,,SE,56.29611111111111,12.847222222222223,1,24521,18794,284,276
AGI,Wageningen,,SR,5.7666666666666675,-56.68333333333333,0,0,0,0,0
AGJ,Aguni,,JP,26.583333333333332,127.25,0,0,0,0,0
AGK,Kagua,,PG,-6.333333333333333,143.83333333333334,0,0,0,0,0
AGL,Wanigela,,PG,-9.333333333333334,149.15,0,0,0,0,0
AGM,Tasiilaq,,GL,65.6125,-37.618611111111115,1,0,0,0,0
AGN,Angoon,AK,US,57.495,-134.56722222222223,1,25,36,77,78
AGO,Magnolia,AR,US,33.233333333333334,-93.21666666666667,0,0,0,0,0
AGP,Malaga,,ES,36.72138888888889,-4.421388888888889,1,4974701,4894702,19135,19317
AGQ,Agrinion,,GR,38.60194444444445,21.351111111111113,0,0,0,0,0
AGR,Agra,UP,IN,27.15583333333333,77.96083333333334,1,0,0,15,17
AGS,Augusta,GA,US,33.36666666666667,-81.96666666666667,1,105499,81125,1478,1448
AGT,Ciudad del Este,,PY,-25.455555555555556,-54.843611111111116,1,6584,8919,25,24
AGU,Aguascalientes,,MX,21.705555555555556,-102.31777777777778,1,208379,200193,864,903
AGV,Acarigua,,VE,9.55,-69.23333333333333,1,0,0,4,4
AGW,Agnew,QL,AU,-12.15,142.15,0,0,0,0,0
AGX,Agatti Island,LD,IN,10.823611111111111,72.17611111111111,1,0,0,2,2
AGZ,Aggeneys,,ZA,-29.283333333333335,18.816666666666666,0,0,0,0,0
AHB,Abha,,SA,18.240277777777777,42.656666666666666,1,264475,221083,589,446
AHC,Herlong,CA,US,40.15,-120.13333333333334,0,0,0,0,0
AHE,Ahe,,PF,-14.428055555555554,-146.25694444444446,1,72,141,68,46
AHF,Arapahoe,NE,US,40.333333333333336,-99.9,0,0,0,0,0
AHH,Amery,WI,US,45.28333333333333,-92.36666666666666,0,0,0,0,0
AHI,Amahai,,ID,-3.3333333333333335,128.91666666666666,0,0,0,0,0
AHJ,Aba Hongyuan,,CN,32.53138888888889,102.35194444444444,1,21,87,20,20
AHL,Aishalton,,GY,2.4833333333333334,-59.31666666666667,0,0,0,0,0
AHM,Ashland,OR,US,42.19027777777777,-122.66055555555556,0,0,0,0,0
AHN,Athens,GA,US,33.94944444444444,-83.32194444444444,0,12,3,0,0
AHO,Alghero,,IT,40.63027777777778,8.289722222222222,1,112563,104962,210,206
AHS,Ahuas,,HN,15.441666666666666,-84.42500000000001,0,0,0,0,0
AHU,Al Hoceima,,MA,35.17722222222222,-3.8394444444444447,1,6446,10342,128,123
AHW,Saih Rawl,,OM,21.342777777777776,56.76555555555556,0,0,0,0,0
AHY,Ambatolahy,,MG,-20.016666666666666,45.53333333333333,0,0,0,0,0
AHZ,L'Alpe-d'Huez,,FR,45.08833333333334,6.084722222222222,0,0,0,0,0
AIA,Alliance,NE,US,42.051944444444445,-102.80777777777777,1,5575,12080,8,8
AIC,Airok,,MH,7.279444444444445,168.82583333333332,1,0,0,2,2
AID,Anderson,IN,US,40.1,-85.66666666666667,0,0,0,0,0
AIE,Aiome,,PG,-5.133333333333334,144.73333333333332,0,0,0,0,0
AIF,Assis,SP,BR,-22.666666666666668,-50.416666666666664,0,0,0,0,0
AIG,Yalinga,,CF,6.5166666666666675,23.25,0,0,0,0,0
AIH,Aiambak,,PG,-7.3486111111111105,141.26666666666668,0,0,0,0,0
AII,Ali Sabieh,,DJ,11.15,42.71666666666667,0,0,0,0,0
AIK,Aiken,SC,US,33.64944444444444,-81.68916666666667,0,0,0,0,0
AIL,Ailigandi,,PA,9.233333333333333,-78.01666666666667,0,0,0,0,0
AIM,Ailuk Island,,MH,10.216944444444444,169.9836111111111,1,0,0,1,1
AIN,Wainwright,AK,US,70.61361111111111,-159.86694444444444,1,0,0,2,3
AIO,Atlantic,IA,US,41.4,-95.01666666666667,0,0,0,0,0
AIP,Adampur,PB,IN,31.43277777777778,75.75888888888889,0,0,0,0,0
AIR,Aripuana,MT,BR,-10.19111111111111,-59.456944444444446,1,10,26,10,5
AIS,Arorae,,KI,-2.616388888888889,176.8025,1,0,0,4,4
AIT,Aitutaki Island,,CK,-18.83111111111111,-159.76472222222222,1,960,2589,129,128
AIU,Atiu Island,,CK,-19.966666666666665,-158.125,1,0,0,0,0
AIV,Aliceville,AL,US,33.1,-88.2,0,0,0,0,0
AIW,Ai-Ais,,NA,-27.983333333333334,17.583333333333332,0,0,0,0,0
AIZ,Kaiser/Lake of the Ozarks,MO,US,38.1,-92.55,0,0,0,0,0
AJA,Ajaccio,,FR,41.92388888888889,8.8025,1,79724,117372,1504,1479
AJF,Jouf,,SA,29.785,40.1,1,50455,40383,193,139
AJI,Agri,,TR,39.653888888888886,43.02638888888889,1,5520,7990,43,43
AJJ,Akjoujt,,MR,19.733333333333334,-14.383333333333333,0,0,0,0,0
AJK,Araak,,IR,34.13805555555555,49.846944444444446,0,0,0,0,0
AJL,Aizawl,MZ,IN,23.83888888888889,92.62027777777777,1,0,1,23,23
AJN,Anjouan,,KM,-12.131111111111112,44.42972222222222,1,80,118,12,12
AJR,Arvidsjaur,,SE,65.59027777777777,19.281944444444445,1,1379,1631,167,160
AJS,Punta Abreojos,,MX,26.733333333333334,-113.58333333333333,0,0,0,0,0
AJU,Aracaju,SE,BR,-10.983888888888888,-37.07027777777778,1,307403,322348,854,1136
AJY,Agadez,,NE,16.9625,7.990277777777778,0,0,0,0,0
AKA,Ankang,,CN,32.70777777777778,108.93222222222222,1,525,1652,123,93
AKB,Atka,AK,US,52.218333333333334,-174.20638888888888,1,0,0,0,0
AKD,Akola,MH,IN,20.666666666666668,77.08333333333333,0,0,0,0,0
AKE,Akieni,,GA,-1.1722222222222223,13.916666666666666,0,0,0,0,0
AKF,Kufra,,LY,24.178611111111113,23.31388888888889,0,0,0,0,0
AKG,Anguganak,,PG,-3.5833333333333335,142.25,0,0,0,0,0
AKH,Al Kharj,,SA,24.063333333333333,47.580555555555556,1,0,0,0,0
AKI,Akiak,AK,US,60.901666666666664,-161.23222222222222,1,2,0,2,2
AKJ,Asahikawa,,JP,43.670833333333334,142.4475,1,71669,86861,236,244
AKK,Akhiok,AK,US,56.93861111111111,-154.1838888888889,1,0,0,1,1
AKL,Auckland,,NZ,-36.86666666666667,174.76666666666668,1,5966475,7345288,18653,18634
AKM,Zakouma,,TD,10.883333333333333,19.816666666666666,0,0,0,0,0
AKN,King Salmon,AK,US,58.67666666666666,-156.64916666666667,1,1246,1809,47,28
AKO,Akron,CO,US,40.166666666666664,-103.21666666666667,0,0,0,0,0
AKP,Anaktuvuk Pass,AK,US,68.13361111111112,-151.7433333333333,1,0,0,3,3
AKQ,Menggala,,ID,-4.616666666666667,105.23333333333333,0,0,0,0,0
AKR,Akure,,NG,7.248611111111111,5.301944444444445,1,351,626,6,6
AKS,Auki,,SB,-8.702499999999999,160.68194444444444,1,17,16,3,4
AKT,Akrotiri,,CY,34.59055555555556,32.98777777777778,0,0,0,0,0
AKU,Aksu,,CN,41.26277777777778,80.29194444444444,1,2425,4758,383,412
AKV,Akulivik,QC,CA,60.81861111111112,-78.14861111111112,1,25,130,16,16
AKW,Aghajari,,IR,30.75,49.68333333333333,0,0,0,0,0
AKX,Aktobe,,KZ,50.24583333333334,57.20666666666667,1,170906,157862,199,194
AKY,Sittwe,,MM,20.13277777777778,92.87249999999999,1,844,2520,79,74
ALA,Almaty,,KZ,43.35333333333333,77.04222222222222,1,3541219,2938886,2537,2527
ALB,Albany,NY,US,42.733333333333334,-73.8,1,400850,307899,2347,2138
ALC,Alicante,,ES,38.34583333333334,-0.4905555555555556,1,3192011,3099338,12320,12342
ALD,Alerta,,PE,-11.7,-69.35,0,0,0,0,0
ALE,Alpine,TX,US,30.38611111111111,-103.68333333333334,0,0,0,0,0
ALF,Alta,,NO,69.97611111111111,23.371666666666666,1,68507,98541,564,539
ALG,Algiers,,DZ,36.69416666666666,3.2147222222222225,1,1025917,1470872,3022,3019
ALH,Albany,WA,AU,-34.94333333333333,117.80888888888889,1,2385,3339,6,5
ALI,Alice,TX,US,27.739166666666666,-98.02694444444444,1,0,0,1,1
ALJ,Alexander Bay,,ZA,-28.566666666666666,16.533333333333335,0,0,0,0,0
ALK,Asela,,ET,7.966666666666667,39.11666666666667,0,0,0,0,0
ALL,Albenga,,IT,44.045833333333334,8.125555555555556,0,0,0,0,0
ALM,Alamogordo,NM,US,32.833333333333336,-106.0,1,3,7,0,0
ALN,Alton,IL,US,38.891666666666666,-90.17222222222223,0,0,0,0,0
ALO,Waterloo,IA,US,42.55694444444444,-92.40027777777779,1,14199,12310,79,65
ALP,Aleppo,,SY,36.18055555555555,37.224444444444444,1,0,1,4,3
ALQ,Alegrete,RS,BR,-29.8,-55.733333333333334,1,50,66,4,4
ALR,Alexandra,,NZ,-45.21666666666667,169.36666666666667,0,0,0,0,0
ALS,Alamosa,CO,US,37.4375,-105.86638888888888,1,3878,4485,11,10
ALT,Alenquer,PA,BR,-1.9388888888888887,-54.74722222222222,0,0,0,0,0
ALU,Alula,,SO,11.966666666666667,50.75,0,0,0,0,0
ALW,Walla Walla,WA,US,46.095,-118.28777777777778,1,18093,13415,158,161
ALX,Alexander City,AL,US,32.93333333333333,-85.95,0,0,0,0,0
ALY,Alexandria,,EG,31.216666666666665,29.916666666666668,1,410201,428479,1056,978
ALZ,Alitak,AK,US,56.89888888888889,-154.2497222222222,1,0,0,1,1
AMA,Amarillo,TX,US,35.233333333333334,-101.7,1,70353,58473,1090,1041
AMB,Ambilobe,,MG,-13.183333333333334,48.983333333333334,0,0,0,0,0
AMC,Am Timan,,TD,11.033333333333333,20.283333333333335,0,0,0,0,0
AMD,Ahmedabad,GJ,IN,23.077222222222222,72.63472222222222,1,4602374,4840163,1617,1408
AME,Alto Molocue,,MZ,-15.65,37.68333333333333,0,0,0,0,0
AMF,Ama,,PG,-4.166666666666667,141.66666666666666,0,0,0,0,0
AMG,Amboin,,PG,-4.6,143.5,0,0,0,0,0
AMH,Arba Minch,,ET,6.039444444444444,37.59055555555556,1,9626,11083,3,2
AMI,Mataram,,ID,-8.560833333333335,116.09472222222222,0,1,11,0,0
AMJ,Almenara,MG,BR,-16.183333333333334,-40.68333333333333,0,0,0,0,0
AML,Puerto Armuelles,,PA,8.3,-82.86666666666666,0,0,0,0,0
AMM,Amman,,JO,31.966666666666665,35.983333333333334,1,2682893,3041561,19222,19620
AMN,Alma,MI,US,43.38333333333333,-84.65,0,0,0,0,0
AMO,Mao,,TD,14.116666666666667,15.316666666666666,0,0,0,0,0
AMP,Ampanihy,,MG,-24.7,44.733333333333334,0,0,0,0,0
AMQ,Ambon,,ID,-3.710277777777778,128.08916666666667,1,100774,139890,156,171
AMS,Amsterdam,,NL,52.308055555555555,4.764166666666667,1,17262343,16402462,68056,72756
AMT,Amata,SA,AU,-26.2,131.11666666666667,0,0,0,0,0
AMU,Amanab,,PG,-3.5833333333333335,141.21666666666667,0,0,0,0,0
AMV,Amderma,,RU,69.76083333333334,61.57361111111111,0,0,0,0,0
AMW,Ames,IA,US,42.0,-93.61666666666666,0,0,0,0,0
AMX,Ammaroo,NT,AU,-21.740000000000002,135.23999999999998,0,0,0,0,0
AMY,Ambatomainty,,MG,-17.683333333333334,45.666666666666664,0,0,0,0,0
AMZ,Ardmore,,NZ,-37.03333333333333,174.96944444444443,1,0,0,0,0
ANA,Maasai Mara,,KE,-1.2716666666666665,34.95527777777778,1,3,2,13,40
ANB,Anniston,AL,US,33.58833333333334,-85.85833333333333,0,0,0,0,0
ANC,Anchorage,AK,US,61.166666666666664,-149.98333333333332,1,520358,599746,6542,7433
AND,Anderson,SC,US,34.5,-82.71666666666667,0,0,0,0,0
ANE,Angers,,FR,47.483333333333334,-0.5333333333333333,1,349,428,0,0
ANF,Antofagasta,,CL,-23.444444444444446,-70.44500000000001,1,154476,131477,4849,4419
ANG,Angouleme,,FR,45.72944444444445,0.21916666666666668,0,0,0,0,0
ANI,Aniak,AK,US,61.58222222222223,-159.54416666666665,1,43,54,15,9
ANJ,Zanaga,,CG,-2.85,13.833333333333334,0,0,0,0,0
ANK,Ankara,,TR,39.93333333333333,32.86666666666667,1,2206217,2458292,5285,5396
ANL,Andulo,,AO,-11.5,16.75,0,0,0,0,0
ANM,Antalaha,,MG,-14.999444444444444,50.32027777777778,0,0,0,0,0
ANN,Annette Island,AK,US,55.03333333333333,-131.56666666666666,0,0,0,0,0
ANO,Angoche,,MZ,-16.166666666666668,39.93333333333333,0,0,0,0,0
ANP,Annapolis,MD,US,38.983333333333334,-76.5,0,0,0,0,0
ANQ,Angola,IN,US,41.63333333333333,-85.0,0,0,0,0,0
ANR,Antwerp,,BE,51.18944444444444,4.460277777777778,1,77513,89488,972,971
ANS,Andahuaylas,,PE,-13.706388888888888,-73.35027777777778,0,0,0,0,0
ANT,St Anton,,AT,47.12083333333334,10.241666666666665,0,0,0,0,0
ANU,Antigua,,AG,17.136666666666667,-61.79277777777778,1,165571,235629,544,534
ANV,Anvik,AK,US,62.649166666666666,-160.18972222222223,1,0,0,2,2
ANW,Ainsworth,NE,US,42.583333333333336,-99.98333333333333,0,0,0,0,0
ANX,Andenes,,NO,69.2925,16.144166666666667,1,3853,4494,148,136
ANY,Anthony,KS,US,37.15,-98.03333333333333,0,0,0,0,0
ANZ,Angus Downs Station,NT,AU,-25.083333333333332,132.16666666666666,0,0,0,0,0
AOA,Aroa,,PG,-9.033333333333333,146.75,0,0,0,0,0
AOB,Annanberg,,PG,-4.916666666666667,144.66666666666666,0,0,0,0,0
AOC,Altenburg,,DE,50.981944444444444,12.506388888888889,0,0,0,0,0
AOD,Abou Deia,,TD,11.466666666666667,19.283333333333335,0,0,0,0,0
AOE,Eskisehir,,TR,39.809999999999995,30.516944444444444,1,3695,2282,95,95
AOG,Anshan,,CN,41.105555555555554,122.8561111111111,1,0,0,30,31
AOH,Lima,OH,US,40.71666666666667,-84.03333333333333,0,0,0,0,0
AOI,Ancona,,IT,43.61666666666667,13.360277777777778,1,144835,112862,191,189
AOJ,Aomori,,JP,40.734722222222224,140.69083333333333,1,78722,112659,312,319
AOK,Karpathos,,GR,35.421388888888885,27.14611111111111,1,13221,18513,244,234
AOL,Paso de los Libres,CR,AR,-29.683333333333334,-57.15,0,0,0,0,0
AOM,Adam,,OM,22.497222222222224,57.38333333333333,0,0,0,0,0
AON,Arona,,PG,-6.25,145.96666666666667,0,0,0,0,0
AOO,Altoona,PA,US,40.296388888888885,-78.32,1,4943,4028,6,8
AOP,Andoas,,PE,-2.7913888888888887,-76.47472222222223,0,0,0,0,0
AOQ,Aappilattoq,,GL,72.88694444444445,-55.596111111111114,1,0,0,0,0
AOR,Alor Setar,,MY,6.194444444444445,100.40083333333334,1,418256,405207,186,208
AOS,Amook Bay,AK,US,57.471111111111114,-153.81555555555556,1,0,0,2,2
AOT,Aosta,,IT,45.73861111111111,7.368055555555555,0,0,0,0,0
AOU,Attapeu,,LA,14.82,106.82055555555556,0,0,0,0,0
APB,Apolo,,BO,-14.716666666666667,-68.5,0,0,0,0,0
APC,Napa,CA,US,38.21333333333334,-122.28,0,0,0,0,0
APF,Naples,FL,US,26.153333333333332,-81.77527777777777,1,336,326,0,0
APG,Aberdeen,MD,US,39.516666666666666,-76.16666666666667,0,0,0,0,0
APH,Bowling Green,VA,US,38.05,-77.35,0,0,0,0,0
API,Apiay,,CO,4.076111111111111,-73.56277777777777,0,0,0,0,0
APJ,Pulan,,CN,30.398611111111112,81.1325,1,0,0,0,0
APK,Apataki,,PF,-15.573611111111111,-146.4152777777778,1,0,7,16,16
APL,Nampula,,MZ,-15.105555555555556,39.281666666666666,1,10812,12141,53,62
APN,Alpena,MI,US,45.07805555555556,-83.56027777777777,1,3907,3922,44,44
APO,Apartado,,CO,7.8125,-76.71666666666667,1,0,0,29,29
APP,Asapa,,PG,-8.983333333333333,148.13333333333333,0,0,0,0,0
APQ,Arapiraca,AL,BR,-9.75,-36.65,0,0,0,0,0
APR,April River,,PG,-4.676944444444445,142.53972222222222,0,0,0,0,0
APS,Anapolis,GO,BR,-16.36277777777778,-48.927499999999995,0,0,0,0,0
APT,Jasper,TN,US,35.06666666666667,-85.63333333333334,0,0,0,0,0
APU,Apucarana,PR,BR,-23.55,-51.483333333333334,0,0,0,0,0
APV,Apple Valley,CA,US,34.57833333333333,-117.18666666666667,0,0,0,0,0
APW,Apia,,WS,-13.833333333333334,-172.0,1,105875,223168,365,380
APX,Arapongas,PR,BR,-23.383333333333333,-51.95,0,0,0,0,0
APY,Alto Parnaiba,MA,BR,-9.1,-45.96666666666667,0,0,0,0,0
APZ,Zapala,NE,AR,-38.916666666666664,-70.08333333333333,0,0,0,0,0
AQA,Araraquara,SP,BR,-21.811944444444446,-48.13305555555556,0,0,0,0,0
AQB,Quiche,,GT,15.01,-91.15,0,0,0,0,0
AQG,Anqing,,CN,30.5825,117.05027777777778,1,5208,7284,102,93
AQI,Qaisumah,,SA,28.335277777777776,46.125,1,28406,22103,110,110
AQJ,Aqaba,,JO,29.611666666666668,35.018055555555556,1,123800,175404,1565,1824
AQM,Ariquemes,RO,BR,-9.933333333333334,-63.06666666666667,0,0,0,0,0
AQP,Arequipa,,PE,-16.340833333333332,-71.57249999999999,1,176084,242459,2294,2156
AQS,Saqani,,FJ,-16.75,179.35,0,0,0,0,0
AQY,Girdwood,AK,US,60.96666666666667,-149.11666666666667,0,0,0,0,0
ARA,New Iberia,LA,US,30.04277777777778,-91.88527777777779,0,34973,30027,0,0
ARB,Ann Arbor,MI,US,42.22361111111111,-83.74583333333334,0,26,32,0,0
ARC,Arctic Village,AK,US,68.11472222222221,-145.57944444444445,1,0,0,4,6
ARD,Alor,,ID,-8.133055555555556,124.59694444444445,1,0,0,5,1
ARE,Arecibo,,PR,18.45,-66.66666666666667,0,0,0,0,0
ARF,Acaricuara,,CO,0.5333333333333333,-70.13333333333334,0,0,0,0,0
ARG,Walnut Ridge,AR,US,36.11666666666667,-90.91666666666667,0,0,0,0,0
ARH,Arkhangelsk,,RU,64.60027777777778,40.71666666666667,1,0,0,44,40
ARI,Arica,,CL,-18.34861111111111,-70.3386111111111,1,67890,75518,727,659
ARJ,Arso,,ID,-2.9333333333333336,140.78333333333333,0,0,0,0,0
ARK,Arusha,,TZ,-3.3672222222222223,36.625,1,75296,114300,1468,1443
ARL,Arly,,BF,11.596388888888889,1.4811111111111113,0,0,0,0,0
ARM,Armidale,NS,AU,-30.528055555555554,151.61722222222224,1,78959,59238,200,211
ARO,Arboletes,,CO,8.866666666666667,-76.43333333333334,0,0,0,0,0
ARP,Aragip,,PG,-9.9,149.46666666666667,0,0,0,0,0
ARQ,Arauquita,,CO,7.036111111111111,-71.44027777777778,0,0,0,0,0
ARR,Alto Rio Senguer,CB,AR,-45.13611111111111,-70.81222222222222,0,0,0,0,0
ARS,Aragarcas,GO,BR,-15.916666666666666,-52.25,0,0,0,0,0
ART,Watertown,NY,US,43.99194444444444,-76.02166666666666,1,14621,14069,102,88
ARU,Aracatuba,SP,BR,-21.141388888888887,-50.42472222222222,1,11958,9551,26,47
ARV,Minocqua/Woodruff,WI,US,45.916666666666664,-89.73333333333333,0,0,0,0,0
ARW,Arad,,RO,46.17666666666666,21.261944444444445,1,1,3,0,0
ARX,Aracati,CE,BR,-4.569166666666667,-37.80555555555555,1,1295,1301,44,44
ARY,Ararat,VI,AU,-37.28333333333333,142.93333333333334,0,0,0,0,0
ARZ,N'zeto,,AO,-7.216666666666667,12.866666666666667,0,0,0,0,0
ASA,Assab,,ER,13.071666666666667,42.644999999999996,0,0,0,0,0
ASB,Ashgabat,,TM,37.98694444444445,58.36083333333333,1,89638,132920,181,179
ASC,Ascension,,BO,-15.930555555555555,-63.15694444444444,0,0,0,0,0
ASD,Andros Town,,BS,24.698333333333334,-77.79555555555555,1,1,5,0,0
ASE,Aspen,CO,US,39.219166666666666,-106.86722222222221,1,61468,106561,1152,1084
ASF,Astrakhan,,RU,46.28333333333333,48.006388888888885,1,28891,19095,22,20
ASG,Ashburton,,NZ,-43.9,171.78333333333333,0,0,0,0,0
ASH,Nashua,NH,US,42.78333333333333,-71.51666666666667,0,0,3,0,0
ASI,Ascension Island,,SH,-7.966666666666667,-14.4,0,0,0,0,0
ASJ,Amami,,JP,28.430555555555557,129.71249999999998,1,58174,64203,238,321
ASK,Yamoussoukro,,CI,6.903888888888889,-5.365555555555555,1,0,0,0,0
ASL,Marshall,TX,US,32.55,-94.36666666666666,0,0,0,0,0
ASM,Asmara,,ER,15.291944444444445,38.910555555555554,1,59995,100220,89,84
ASN,Talladega,AL,US,33.43333333333333,-86.1,0,0,0,0,0
ASO,Asosa,,ET,10.018611111111111,34.58638888888889,1,9719,10030,11,10
ASP,Alice Springs,NT,AU,-23.7,133.86666666666667,1,348252,368658,299,299
ASQ,Austin,NV,US,39.5,-117.06666666666666,0,0,0,0,0
ASR,Kayseri,,TR,38.77027777777778,35.495555555555555,1,424799,547903,1669,1582
ASS,Arathusa Safari Lodge,,ZA,-24.741111111111113,31.51833333333333,0,0,0,0,0
AST,Astoria,OR,US,46.159166666666664,-123.88111111111111,0,0,0,0,0
ASU,Asuncion,,PY,-25.239722222222223,-57.51916666666666,1,497532,610703,1046,1019
ASV,Amboseli,,KE,-2.645,37.25277777777778,1,375,399,76,64
ASW,Aswan,,EG,23.964444444444442,32.82,1,110809,150834,581,576
ASX,Ashland,WI,US,46.55,-90.91666666666667,0,0,0,0,0
ASY,Ashley,ND,US,46.03333333333333,-99.36666666666666,0,0,0,0,0
ASZ,Asirim,,PG,-6.009722222222222,150.3686111111111,0,0,0,0,0
ATA,Huaraz,,PE,-9.350555555555555,-77.5975,0,0,0,15,15
ATB,Atbara,,SD,17.709722222222222,34.05722222222222,0,0,0,0,0
ATC,Arthur's Town,,BS,24.629444444444445,-75.6738888888889,0,0,0,0,0
ATD,Atoifi,,SB,-8.873333333333333,161.0113888888889,1,3,4,1,1
ATE,Antlers,OK,US,34.233333333333334,-95.61666666666666,0,0,0,0,0
ATF,Ambato,,EC,-1.2,-78.56666666666666,0,0,0,0,0
ATG,Attock,,PK,33.9,72.25,0,0,0,0,0
ATH,Athens,,GR,37.936388888888885,23.944444444444446,1,9348447,9122864,20588,20838
ATI,Artigas,,UY,-30.416666666666668,-56.516666666666666,0,0,0,0,0
ATJ,Antsirabe,,MG,-19.837777777777777,47.06527777777777,0,0,0,0,0
ATK,Atqasuk,AK,US,70.46722222222222,-157.43583333333333,1,0,0,2,3
ATL,Atlanta,GA,US,33.65,-84.43333333333334,1,10816327,8961285,163800,199727
ATM,Altamira,PA,BR,-3.253888888888889,-52.25388888888889,1,2825,3307,31,20
ATN,Namatanai,,PG,-3.6666666666666665,152.45,0,0,0,0,0
ATO,Athens,OH,US,39.333333333333336,-82.1,0,0,0,0,0
ATP,Aitape,,PG,-3.1333333333333333,142.35,1,0,0,0,0
ATQ,Amritsar,PB,IN,31.709722222222222,74.79722222222222,1,1745191,2452663,579,540
ATR,Atar,,MR,20.5,-13.05,0,0,0,0,0
ATS,Artesia,NM,US,32.85,-104.46666666666667,0,0,0,0,0
ATT,Atmautluak,AK,US,60.86694444444444,-162.2738888888889,1,0,2,2,2
ATU,Attu Island,AK,US,52.833333333333336,173.18333333333334,0,0,0,0,0
ATV,Ati,,TD,13.233333333333333,18.316666666666666,0,0,0,0,0
ATW,Appleton,WI,US,44.266666666666666,-88.51666666666667,1,136333,100295,1143,1234
ATX,Atbasar,,KZ,51.88333333333333,68.4,0,2,0,0,0
ATY,Watertown,SD,US,44.91361111111111,-97.15111111111112,1,7584,6167,12,12
ATZ,Asyut,,EG,27.04638888888889,31.011944444444445,1,25879,52793,276,275
AUA,Aruba,,AW,12.501388888888888,-70.01527777777778,1,452958,921685,1869,1665
AUC,Arauca,,CO,7.068888888888889,-70.73694444444445,1,2081,2973,51,54
AUD,Augustus Downs,QL,AU,-18.666666666666668,139.93333333333334,0,0,0,0,0
AUE,Abu Rudeis,,EG,28.966666666666665,33.18333333333333,0,0,0,0,0
AUF,Auxerre,,FR,47.84638888888889,3.4966666666666666,0,0,0,0,0
AUG,Augusta,ME,US,44.31805555555556,-69.79694444444445,1,19384,17858,41,41
AUH,Abu Dhabi,,AE,24.466666666666665,54.36666666666667,1,10812340,11104227,10241,10613
AUI,Aua Island,,PG,-1.45,143.06666666666666,0,0,0,0,0
AUJ,Ambunti,,PG,-4.233333333333333,142.83333333333334,0,0,0,0,0
AUK,Alakanuk,AK,US,62.678888888888885,-164.65083333333334,1,0,0,0,0
AUL,Aur Island,,MH,8.3025,171.1613888888889,1,0,0,1,1
AUM,Austin,MN,US,43.666666666666664,-92.93333333333334,0,0,0,0,0
AUN,Auburn,CA,US,38.9,-121.06666666666666,0,0,0,0,0
AUO,Auburn,AL,US,32.61666666666667,-85.43333333333334,0,0,0,0,0
AUP,Agaun,,PG,-9.916666666666666,149.33333333333334,0,0,0,0,0
AUQ,Hiva Oa,,PF,-9.76888888888889,-139.0113888888889,1,200,247,99,107
AUR,Aurillac,,FR,44.8975,2.4166666666666665,1,7061,6376,49,42
AUS,Austin,TX,US,30.3,-97.78333333333333,1,3428610,3065787,19077,19804
AUT,Atauro,,TL,-8.266666666666667,125.6,0,0,0,0,0
AUU,Aurukun,QL,AU,-13.35388888888889,141.72083333333333,1,199,343,143,152
AUV,Aumo,,PG,-5.716666666666667,148.43333333333334,0,0,0,0,0
AUW,Wausau,WI,US,44.766666666666666,-89.68055555555556,1,18876,28356,242,242
AUX,Araguaina,TO,BR,-7.228055555555556,-48.24027777777778,1,3244,4474,115,115
AUY,Aneityum,,VU,-20.249444444444446,169.77083333333334,1,2,7,1,1
AUZ,Aurora,IL,US,41.766666666666666,-88.31666666666666,0,0,5,0,0
AVA,Anshun,,CN,26.25722222222222,105.87277777777777,1,508,727,8,8
AVB,Aviano,,IT,46.03194444444444,12.596388888888889,0,0,0,0,0
AVG,Auvergne Station,NT,AU,-15.75,129.91666666666666,0,0,0,0,0
AVI,Ciego de Avila,,CU,22.026944444444442,-78.78972222222222,0,0,0,0,0
AVK,Arvaikheer,,MN,46.266666666666666,102.78333333333333,0,0,0,0,0
AVL,Asheville/Hendersonville,NC,US,35.43611111111111,-82.54194444444444,1,308338,286671,2579,2457
AVN,Avignon,,FR,43.93333333333333,4.8,1,1479,2443,0,0
AVO,Avon Park,FL,US,27.6,-81.51666666666667,0,0,0,0,0
AVP,Wilkes-Barre/Scranton,PA,US,41.333333333333336,-75.71666666666667,1,85321,65566,233,194
AVR,Alverca,,PT,38.88305555555556,-9.030000000000001,0,0,0,0,0
AVU,Avu Avu,,SB,-9.84138888888889,160.3836111111111,0,0,0,0,0
AVX,Avalon,CA,US,33.405,-118.41611111111112,0,0,0,0,0
AWA,Awasa,,ET,7.0675,38.49055555555556,1,11033,12074,9,8
AWB,Awaba,,PG,-8.014444444444445,142.7511111111111,0,0,0,0,0
AWD,Aniwa,,VU,-19.2375,169.6011111111111,1,3,9,1,1
AWE,Alowe,,GA,-0.75,9.45,0,0,0,0,0
AWK,Wake Island,,UM,19.3,166.58333333333334,0,0,0,0,0
AWM,West Memphis,AR,US,35.13333333333333,-90.18333333333334,0,0,0,0,0
AWN,Alton Downs,SA,AU,-26.483333333333334,139.31666666666666,0,0,0,0,0
AWP,Austral Downs Station,NT,AU,-20.333333333333332,137.25,0,0,0,0,0
AWR,Awar,,PG,-4.116666666666666,144.85,0,0,0,0,0
AWZ,Ahwaz,,IR,31.3375,48.76027777777778,1,0,0,112,112
AXA,Anguilla,,AI,18.204722222222223,-63.055,1,14317,21048,138,163
AXB,Alexandria Bay,NY,US,44.2525,-75.90138888888889,0,0,0,0,0
AXC,Aramac,QL,AU,-23.083333333333332,145.25,0,0,0,0,0
AXD,Alexandroupolis,,GR,40.85583333333334,25.95638888888889,1,48858,48311,256,246
AXE,Xanxere,SC,BR,-26.883333333333333,-52.38333333333333,0,0,0,0,0
AXF,Alxa Left Banner,,CN,38.823888888888895,105.6261111111111,1,0,0,8,8
AXG,Algona,IA,US,43.06666666666667,-94.23333333333333,0,0,0,0,0
AXJ,Amakusa,,JP,32.48222222222223,130.1588888888889,1,307,431,16,16
AXK,Ataq,,YE,14.552222222222223,46.82555555555556,0,0,0,0,0
AXL,Alexandria Station,NT,AU,-19.116666666666667,136.76666666666668,0,0,0,0,0
AXM,Armenia,,CO,4.452777777777778,-75.76638888888888,1,215818,235152,472,427
AXN,Alexandria,MN,US,45.78333333333333,-95.26666666666667,0,0,0,0,0
AXO,Alor,,ID,-8.245833333333332,124.21861111111112,0,0,0,0,0
AXP,Spring Point,,BS,22.441944444444445,-73.97083333333333,1,40,107,18,17
AXR,Arutua,,PF,-15.248333333333333,-146.61666666666667,1,7,36,31,26
AXT,Akita,,JP,39.61555555555556,140.2186111111111,1,81029,86710,252,258
AXU,Axum,,ET,14.146666666666667,38.772777777777776,0,0,0,0,0
AXV,Wapakoneta,OH,US,40.56666666666667,-84.18333333333334,0,0,0,0,0
AXX,Angel Fire,NM,US,36.416666666666664,-105.28333333333333,0,0,0,0,0
AYA,Ayapel,,CO,8.3,-75.15,0,0,0,0,0
AYC,Ayacucho,,CO,8.6,-73.61666666666666,0,0,0,0,0
AYD,Alroy Downs,NT,AU,-19.3,135.95,0,0,0,0,0
AYG,Yaguara II,,CO,2.6666666666666665,-75.51666666666667,0,0,0,0,0
AYI,Yari,,CO,-0.38333333333333336,-72.26666666666667,0,0,0,0,0
AYJ,Ayodhya,UP,IN,26.75138888888889,82.15555555555557,1,0,0,30,32
AYK,Arkalyk,,KZ,50.31666666666667,66.96666666666667,0,0,0,0,0
AYL,Anthony Lagoon,NT,AU,-18.016666666666666,135.55,1,0,0,0,0
AYM,Abu Dhabi Yas Island SPB,,AE,24.47083333333333,54.609722222222224,0,0,0,0,0
AYN,Anyang,,CN,36.1,114.35,0,0,0,0,0
AYO,Ayolas,,PY,-27.366666666666667,-56.85,0,0,0,0,0
AYP,Ayacucho,,PE,-13.154722222222222,-74.20444444444445,1,28683,40394,362,404
AYQ,Ayers Rock,NT,AU,-25.18611111111111,130.97555555555556,1,122326,107214,231,232
AYR,Ayr,QL,AU,-19.666666666666668,147.36666666666667,0,0,0,0,0
AYS,Waycross,GA,US,31.25,-82.4,0,0,0,0,0
AYT,Antalya,,TR,36.89861111111111,30.800555555555555,1,5322779,5997966,15175,18075
AYU,Aiyura,,PG,-6.333333333333333,145.9,0,0,0,0,0
AYW,Ayawasi,,ID,-1.2,132.5,0,0,0,0,0
AYX,Atalaya,,PE,-10.729166666666666,-73.76666666666667,0,0,0,0,0
AYY,Pottuvil SPB,,LK,6.8549999999999995,81.83111111111111,0,0,0,0,0
AZB,Amazon Bay,,PG,-10.3,149.33333333333334,0,0,0,0,0
AZD,Yazd,,IR,31.90111111111111,54.28194444444444,1,0,0,46,46
AZG,Apatzingan,,MX,19.083333333333332,-102.38333333333334,0,0,0,0,0
AZJ,Zhenjiang,,CN,32.23583333333333,119.72055555555556,0,0,0,0,0
AZL,Sapezal,MT,BR,-13.4725,-58.850833333333334,0,0,0,0,0
AZN,Andizhan,,UZ,40.72777777777778,72.29388888888889,0,0,0,0,0
AZO,Kalamazoo/Battle Creek,MI,US,42.235,-85.55194444444444,1,49205,35603,672,717
AZR,Adrar,,DZ,27.8375,-0.18638888888888888,1,1456,2224,86,91
AZS,Samana,,DO,19.26722222222222,-69.74222222222222,1,4346,8378,59,60
AZT,Zapatoca,,CO,6.816666666666666,-73.28333333333333,0,0,0,0,0
AZZ,Ambriz,,AO,-7.883333333333333,13.15,0,0,0,0,0
BAA,Bialla,,PG,-5.330555555555556,151.00805555555556,0,0,0,0,0
BAC,Barranca de Upia,,CO,4.583333333333333,-72.96666666666667,0,0,0,0,0
BAE,Barcelonnette,,FR,44.388333333333335,6.610277777777777,0,0,0,0,0
BAG,Baguio,,PH,16.375,120.61972222222222,1,29142,32820,8,8
BAH,Bahrain,,BH,26.270833333333332,50.63361111111111,1,3069872,2575155,7536,7165
BAI,Buenos Aires,,CR,9.166666666666666,-83.33333333333333,0,0,0,0,0
BAJ,Bali,,PG,-4.883333333333333,149.13333333333333,0,0,0,0,0
BAK,Baku,,AZ,40.36666666666667,49.88333333333333,1,3190289,3921963,1756,1559
BAL,Batman,,TR,37.928888888888885,41.11666666666667,1,15460,36928,148,161
BAM,Battle Mountain,NV,US,40.63333333333333,-116.93333333333334,0,0,0,0,0
BAN,Basongo,,CD,-4.166666666666667,20.333333333333332,0,0,0,0,0
BAP,Baibara,,PG,-10.333333333333334,149.63333333333333,0,0,0,0,0
BAQ,Barranquilla,,CO,10.889722222222222,-74.78083333333333,1,750132,709279,4501,3960
BAR,Qionghai,,CN,19.139166666666664,110.45361111111112,1,8143,11219,217,214
BAS,Balalae,,SB,-6.9911111111111115,155.88583333333332,1,10,21,2,2
BAT,Barretos,SP,BR,-20.584999999999997,-48.59527777777778,0,0,0,0,0
BAV,Baotou,,CN,40.56055555555555,109.99638888888889,1,18117,29546,296,308
BAW,Biawongue,,GA,-0.6666666666666666,9.45,0,0,0,0,0
BAX,Barnaul,,RU,53.363055555555555,83.54722222222222,1,19602,15560,110,122
BAY,Baia Mare,,RO,47.65833333333333,23.46833333333333,1,7110,8737,16,17
BAZ,Barcelos,AM,BR,-0.9811111111111112,-62.91833333333333,1,26,66,3,3
BBA,Balmaceda,,CL,-45.91611111111111,-71.68944444444445,1,51829,63921,953,913
BBB,Benson,MN,US,45.33277777777778,-95.65138888888889,0,0,0,0,0
BBC,Bay City,TX,US,28.983333333333334,-95.96666666666667,0,0,0,0,0
BBD,Brady,TX,US,31.133333333333333,-99.33333333333333,0,0,0,0,0
BBG,Butaritari,,KI,3.086388888888889,172.81083333333333,1,0,0,2,2
BBH,Stralsund,,DE,54.337500000000006,12.7,0,0,0,0,0
BBI,Bhubaneshwar,OR,IN,20.244444444444447,85.81777777777778,1,1142522,1211011,252,243
BBJ,Bitburg,,DE,49.945277777777775,6.5649999999999995,0,0,0,0,0
BBK,Kasane,,BW,-17.83277777777778,25.162499999999998,1,6977,8443,226,232
BBL,Ballera,QL,AU,-27.40361111111111,141.81166666666667,1,0,0,0,0
BBM,Battambang,,KH,13.095555555555556,103.22444444444444,0,0,0,0,0
BBN,Bario,,MY,3.7347222222222225,115.47833333333334,1,941,9193,71,52
BBO,Berbera,,SO,10.389166666666666,44.941111111111105,0,0,0,0,0
BBP,Bembridge,,GB,50.67805555555555,-1.1091666666666669,0,0,0,0,0
BBQ,Barbuda,,AG,17.63611111111111,-61.827222222222225,0,0,0,0,0
BBR,Basse-Terre,,GP,16.166666666666668,-61.75,0,0,0,0,0
BBS,Blackbushe,,GB,51.323888888888895,-0.8475,1,0,0,0,0
BBT,Berberati,,CF,4.216666666666667,15.783333333333333,0,0,0,0,0
BBV,Grand Bereby,,CI,4.666666666666667,-6.95,0,0,0,0,0
BBW,Broken Bow,NE,US,41.4,-99.63333333333334,0,0,0,0,0
BBY,Bambari,,CF,5.85,20.633333333333333,0,0,0,0,0
BBZ,Zambezi,,ZM,-13.533333333333333,23.116666666666667,0,0,0,0,0
BCA,Baracoa,,CU,20.36527777777778,-74.50611111111111,1,0,0,0,0
BCB,Blacksburg,VA,US,37.208333333333336,-80.40916666666668,0,0,0,0,0
BCC,Bear Creek,AK,US,63.57055555555556,-156.1513888888889,0,0,0,0,0
BCD,Bacolod,,PH,10.776666666666667,123.01916666666666,1,587289,683225,261,240
BCE,Bryce Canyon,UT,US,37.7,-112.15,0,0,0,0,0
BCF,Bouca,,CF,6.5,18.283333333333335,0,0,0,0,0
BCG,Bemichi,,GY,7.640833333333333,-58.96083333333333,0,0,0,0,0
BCH,Baucau,,TL,-8.483333333333333,126.4,0,0,0,0,0
BCI,Barcaldine,QL,AU,-23.560833333333335,145.30416666666667,1,375,820,14,18
BCK,Bolwarra,QL,AU,-17.4,144.16666666666666,0,0,0,0,0
BCL,Barra del Colorado,,CR,10.768611111111111,-83.58555555555554,0,0,0,0,0
BCM,Bacau,,RO,46.52194444444444,26.910277777777775,1,2084,2890,100,100
BCN,Barcelona,,ES,41.416666666666664,2.1666666666666665,1,17579584,16402548,54958,51438
BCO,Jinka,,ET,5.783888888888889,36.5625,1,588,2256,6,5
BCP,Bambu,,PG,-5.85,146.48333333333332,0,0,0,0,0
BCQ,Brach,,LY,27.683333333333334,14.25,0,0,0,0,0
BCR,Boca do Acre,AM,BR,-8.633333333333333,-67.41666666666667,0,0,0,0,0
BCS,Belle Chasse,LA,US,30.05,-90.23333333333333,0,0,0,0,0
BCT,Boca Raton,FL,US,26.378888888888888,-80.10749999999999,1,20,31,7,7
BCU,Bauchi,,NG,10.2925,9.817222222222222,1,0,0,0,0
BCV,Belmopan,,BZ,17.26972222222222,-88.77666666666667,0,0,0,0,0
BCW,Benguerra Island,,MZ,-21.884722222222223,35.425,0,0,0,0,0
BCX,Beloretsk,,RU,53.93333333333333,58.333333333333336,0,0,0,0,0
BCY,Bulchi,,ET,6.216666666666667,36.666666666666664,0,0,0,0,0
BCZ,Bickerton Island,NT,AU,-13.783333333333333,137.8,0,0,0,0,0
BDA,Bermuda,,BM,32.36416666666667,-64.67861111111111,1,117678,135647,982,788
BDB,Bundaberg,QL,AU,-24.9025,152.32083333333333,1,18086,65334,78,87
BDC,Barra do Corda,MA,BR,-5.466666666666667,-45.266666666666666,0,0,0,0,0
BDD,Badu Island,QL,AU,-10.15,142.17416666666665,1,38,30,259,154
BDE,Baudette,MN,US,48.71666666666667,-94.6,0,0,0,0,0
BDF,Bradford,IL,US,41.18333333333333,-89.65,0,0,0,0,0
BDG,Blanding,UT,US,37.583333333333336,-109.48333333333333,0,0,0,0,0
BDH,Bandar Lengeh,,IR,26.531388888888888,54.8275,1,0,0,4,4
BDI,Bird Island,,SC,-3.716666666666667,55.21666666666667,0,0,0,0,0
BDJ,Banjarmasin,,ID,-3.4422222222222225,114.7625,1,123194,114833,261,235
BDK,Bondoukou,,CI,8.018333333333334,-2.7619444444444445,0,0,0,0,0
BDM,Bandirma,,TR,40.31666666666667,27.983333333333334,0,0,0,0,0
BDN,Badin,,PK,24.841666666666665,68.8386111111111,0,0,0,0,0
BDO,Bandung,,ID,-6.900555555555556,107.57638888888889,1,2,26,1,1
BDP,Bhadrapur,,NP,26.570555555555554,88.08027777777778,1,2273,2650,8,8
BDQ,Vadodara,GJ,IN,22.33611111111111,73.22638888888889,1,484827,518266,157,121
BDR,Bridgeport,CT,US,41.16361111111111,-73.1261111111111,1,470,282,2,2
BDS,Brindisi,,IT,40.660555555555554,17.948055555555555,1,496814,476222,2126,2007
BDT,Gbadolite,,CD,4.254722222222222,20.971944444444443,1,0,0,0,0
BDU,Bardufoss,,NO,69.05583333333333,18.540277777777778,1,52874,19794,44,48
BDV,Moba,,CD,-7.083333333333333,29.733333333333334,0,0,0,0,0
BDW,Bedford Downs,WA,AU,-17.3,127.46666666666667,0,0,0,0,0
BDX,Broadus,MT,US,45.45,-105.41666666666667,0,0,0,0,0
BDY,Bandon,OR,US,43.11666666666667,-124.41666666666667,0,0,0,0,0
BDZ,Baindoung,,PG,-6.333333333333333,146.95,0,0,0,0,0
BEA,Bereina,,PG,-8.65,146.48333333333332,0,0,0,0,0
BEB,Benbecula,,GB,57.4775,-7.366388888888888,1,2206,4312,139,124
BED,Bedford,MA,US,42.47,-71.28916666666666,0,268,12,0,0
BEE,Beagle Bay,WA,AU,-16.916666666666668,122.55,0,0,0,0,0
BEF,Bluefields,,NI,11.990833333333333,-83.77416666666666,1,0,0,2,2
BEG,Belgrade,,RS,44.78722222222222,20.4575,1,3826194,4524680,5292,5266
BEH,Benton Harbor,MI,US,42.13333333333333,-86.43333333333334,0,0,0,0,0
BEI,Beica,,ET,9.391944444444444,34.519444444444446,0,0,0,0,0
BEJ,Tanjung Redeb,,ID,2.1552777777777776,117.43277777777779,1,41617,44914,39,31
BEK,Bareilly,UP,IN,28.422222222222224,79.45083333333334,1,0,0,9,9
BEL,Belem,PA,BR,-1.3791666666666667,-48.47638888888889,1,908351,631157,2132,2253
BEM,Beni Mellal,,MA,32.4,-6.317222222222222,1,0,0,6,6
BEN,Benghazi,,LY,32.09666666666667,20.269444444444442,1,11668,16702,106,119
BEP,Bellary,KA,IN,15.183333333333334,76.9,0,0,0,0,0
BEQ,Bury St Edmunds,,GB,52.34166666666667,0.773888888888889,0,0,0,0,0
BER,Berlin,,DE,52.53333333333333,13.416666666666666,1,11226032,9373617,28768,28590
BES,Brest,,FR,48.447222222222216,-4.421666666666667,1,172387,134767,964,919
BET,Bethel,AK,US,60.78333333333333,-161.83333333333334,1,3580,3119,190,121
BEU,Bedourie,QL,AU,-24.34611111111111,139.46027777777778,1,86,114,4,4
BEV,Beersheba,,IL,31.283333333333335,34.71666666666667,0,0,0,0,0
BEW,Beira,,MZ,-19.79638888888889,34.9075,1,15822,19389,77,77
BEX,Benson,,GB,51.61666666666667,-1.0833333333333333,0,0,0,0,0
BEY,Beirut,,LB,33.82083333333334,35.48833333333334,1,2135342,2677964,5606,4966
BEZ,Beru,,KI,-1.3544444444444446,176.00666666666666,1,0,0,2,2
BFA,Bahia Negra,,PY,-20.232777777777777,-58.17027777777778,0,0,0,0,0
BFC,Bloomfield River,QL,AU,-15.873888888888889,145.32999999999998,0,0,0,0,0
BFD,Bradford,PA,US,41.80305555555555,-78.64,1,7919,7165,39,39
BFE,Bielefeld,,DE,51.96472222222223,8.544722222222221,0,0,0,0,0
BFF,Scottsbluff,NE,US,41.87416666666667,-103.59555555555555,1,5614,5948,22,16
BFG,Glen Canyon,UT,US,37.55,-110.70833333333334,0,0,0,0,0
BFJ,Bijie,,CN,27.26722222222222,105.4713888888889,1,284,1054,48,46
BFL,Bakersfield,CA,US,35.433611111111105,-119.05666666666666,1,72779,61893,123,138
BFN,Bloemfontein,,ZA,-29.092777777777776,26.302500000000002,1,40126,38777,731,734
BFO,Chiredzi,,ZW,-21.008055555555554,31.578611111111112,0,0,0,0,0
BFP,Beaver Falls,PA,US,40.766666666666666,-80.4,0,0,0,0,0
BFQ,Bahia Pina,,PA,7.584722222222222,-78.18111111111112,0,0,0,0,0
BFR,Bedford,IN,US,38.85,-86.48333333333333,0,0,0,0,0
BFS,Belfast,,GB,54.583333333333336,-5.916666666666667,1,981118,890601,22996,23828
BFT,Beaufort,SC,US,32.41166666666666,-80.63583333333334,0,0,0,0,0
BFU,Bengbu,,CN,32.95,117.33333333333333,0,0,0,0,0
BFV,Buriram,,TH,15.226666666666667,103.25111111111111,1,0,0,11,11
BFW,Sidi Bel Abbes,,DZ,35.17166666666667,-0.5894444444444444,0,0,0,0,0
BFX,Bafoussam,,CM,5.5375,10.354166666666666,1,0,0,4,3
BGA,Bucaramanga,,CO,7.126388888888888,-73.18472222222222,1,382058,335919,3014,2645
BGB,Booue,,GA,-0.1,11.933333333333334,0,0,0,0,0
BGC,Braganca,,PT,41.85805555555556,-6.707222222222223,1,0,0,2,4
BGD,Borger,TX,US,35.65,-101.4,0,0,0,0,0
BGE,Bainbridge,GA,US,30.9,-84.6,0,0,0,0,0
BGF,Bangui,,CF,4.397777777777778,18.52,1,25502,23376,126,83
BGG,Bingol,,TR,38.86138888888889,40.5925,1,6402,35506,29,30
BGH,Bogue,,MR,16.633333333333333,-14.2,0,0,0,0,0
BGI,Barbados,,BB,13.074722222222222,-59.4925,1,355849,581148,1108,1067
BGJ,Borgarfjordur eystri,,IS,65.51638888888888,-13.805000000000001,0,0,0,0,0
BGK,Big Creek,,BZ,16.516666666666666,-88.41666666666667,0,0,0,0,0
BGL,Baglung,,NP,28.216666666666665,83.66666666666667,0,0,0,0,0
BGM,Binghamton,NY,US,42.20861111111111,-75.97972222222222,1,22498,16596,22,20
BGN,Belaya Gora,,RU,68.55694444444444,146.23111111111112,1,0,0,6,6
BGO,Bergen,,NO,60.29333333333333,5.218055555555556,1,1071368,1014678,8661,8372
BGP,Bongo,,GA,-2.1666666666666665,10.216666666666667,0,0,0,0,0
BGQ,Big Lake,AK,US,61.53333333333333,-149.81666666666666,0,0,0,0,0
BGR,Bangor,ME,US,44.8075,-68.82805555555555,1,98052,75807,601,565
BGS,Boguchany,,RU,58.37861111111111,97.46722222222222,1,0,0,6,6
BGT,Bagdad,AZ,US,34.56666666666667,-113.18333333333334,0,0,0,0,0
BGU,Bangassou,,CF,4.783333333333333,22.8,0,0,0,0,0
BGV,Bento Goncalves,RS,BR,-29.166666666666668,-51.516666666666666,0,0,0,0,0
BGW,Baghdad,,IQ,33.2625,44.23444444444444,1,645155,1234985,1547,1440
BGX,Bage,RS,BR,-31.383333333333333,-54.11666666666667,1,111,85,4,4
BGZ,Braga,,PT,41.583333333333336,-8.45,0,0,0,0,0
BHA,Bahia de Caraquez,,EC,-0.5833333333333334,-80.4,0,0,0,0,0
BHB,Bar Harbor,ME,US,44.446666666666665,-68.36138888888888,1,13377,16181,60,69
BHC,Bhurban Heliport,,PK,33.925,73.43333333333334,0,0,0,0,0
BHE,Blenheim,,NZ,-41.51777777777777,173.86916666666667,1,18962,23413,653,513
BHF,Cupica,,CO,6.55,-77.33333333333333,0,0,0,0,0
BHG,Brus Laguna,,HN,15.833333333333334,-84.83333333333333,0,0,0,0,0
BHH,Bisha,,SA,19.984444444444446,42.62083333333334,1,20188,17023,113,112
BHI,Bahia Blanca,BA,AR,-38.727222222222224,-62.15333333333333,1,23538,23729,169,183
BHJ,Bhuj,GJ,IN,23.28777777777778,69.67027777777778,1,1440,2150,4,4
BHK,Bukhara,,UZ,39.76638888888889,64.48,1,187023,374852,79,76
BHL,Bahia de los Angeles,,MX,28.95,-113.55,0,0,0,0,0
BHM,Birmingham,AL,US,33.56305555555555,-86.75361111111111,1,388652,341051,4225,4226
BHN,Beihan,,YE,14.783333333333333,45.733333333333334,0,0,0,0,0
BHO,Bhopal,MP,IN,23.2875,77.33749999999999,1,567496,506215,128,119
BHP,Bhojpur,,NP,27.1475,87.05138888888888,0,0,0,0,0
BHQ,Broken Hill,NS,AU,-32.00138888888889,141.47166666666666,1,4344,5152,27,28
BHR,Bharatpur,,NP,27.678055555555556,84.42805555555556,1,1781,2947,8,8
BHS,Bathurst,NS,AU,-33.409444444444446,149.65194444444444,0,0,0,0,0
BHT,Brighton Downs,QL,AU,-23.5,141.63333333333333,0,0,0,0,0
BHU,Bhavnagar,GJ,IN,21.752222222222223,72.18527777777778,1,3088,5236,7,6
BHV,Bahawalpur,,PK,29.348055555555554,71.71805555555555,0,523,909,0,0
BHX,Birmingham,,GB,52.45,-1.75,1,4028514,1979461,9799,9838
BHY,Beihai,,CN,21.539444444444445,109.29388888888889,1,21939,28273,517,585
BHZ,Belo Horizonte,MG,BR,-19.916666666666668,-43.93333333333333,1,1472508,1536393,7494,7350
BIA,Bastia,,FR,42.55,9.48472222222222,1,70072,105726,918,936
BIB,Baidoa,,SO,3.1025,43.62777777777778,1,0,0,2,2
BIC,Belle Ile,,FR,47.32555555555556,-3.2011111111111115,0,0,0,0,0
BID,Block Island,RI,US,41.168055555555554,-71.57888888888888,1,0,0,5,6
BIE,Beatrice,NE,US,40.31666666666667,-96.75,0,0,0,0,0
BIG,Delta Junction,AK,US,64.0,-145.73333333333332,0,0,0,0,0
BIH,Bishop,CA,US,37.37361111111111,-118.36527777777778,1,583,891,18,15
BII,Bikini Atoll,,MH,11.522777777777778,165.56555555555556,0,0,0,0,0
BIJ,Biliau,,PG,-5.583333333333333,146.35,0,0,0,0,0
BIK,Biak,,ID,-1.19,136.10805555555555,1,17665,12431,81,106
BIL,Billings,MT,US,45.80777777777777,-108.54277777777777,1,155833,133691,1087,1282
BIM,Bimini,,BS,25.7,-79.26472222222222,1,5005,10265,79,79
BIN,Bamyan,,AF,34.8,67.81666666666666,0,0,0,0,0
BIO,Bilbao,,ES,43.301111111111105,-2.9105555555555553,1,2568737,1954187,7105,7600
BIP,Bulimba,QL,AU,-16.15,143.75,0,0,0,0,0
BIQ,Biarritz,,FR,43.468333333333334,-1.531111111111111,1,142933,148194,1060,984
BIR,Biratnagar,,NP,26.482499999999998,87.26666666666667,1,2758,3172,19,19
BIS,Bismarck,ND,US,46.77222222222222,-100.74583333333334,1,79086,56256,884,1000
BIT,Baitadi,,NP,29.533333333333335,80.43333333333334,0,0,0,0,0
BIU,Bildudalur,,IS,65.6413888888889,-23.546111111111113,1,0,0,4,4
BIV,Bria,,CF,6.533333333333333,21.983333333333334,0,0,0,0,0
BIW,Billiluna,WA,AU,-19.583333333333332,127.63333333333334,0,0,0,0,0
BIX,Gulfport/Biloxi,MS,US,30.4,-88.91666666666667,0,12,16,0,0
BIY,Bisho,,ZA,-32.9,27.283333333333335,0,0,0,0,0
BIZ,Bimin,,PG,-5.283333333333333,142.01666666666668,0,0,0,0,0
BJA,Bejaia,,DZ,36.71194444444445,5.069999999999999,1,40953,82053,92,94
BJB,Bojnurd,,IR,37.490833333333335,57.30916666666666,1,0,0,3,3
BJD,Bakkafjordur,,IS,66.02194444444444,-14.824444444444444,0,0,0,0,0
BJE,Baleela,,SD,11.209166666666667,28.526666666666667,0,0,0,0,0
BJF,Batsfjord,,NO,70.60027777777778,29.6925,1,1066,1129,163,153
BJG,Kota Mobagu,,ID,0.9333333333333332,124.16666666666667,0,0,0,0,0
BJH,Bajhang,,NP,29.55,81.25,0,0,0,0,0
BJI,Bemidji,MN,US,47.50972222222222,-94.93305555555555,1,6680,7258,31,30
BJJ,Wooster,OH,US,40.8,-81.93333333333334,0,0,0,0,0
BJK,Nangasuri Aru Island,,ID,-6.083333333333333,134.25,0,0,0,0,0
BJL,Banjul,,GM,13.338055555555556,-16.65222222222222,1,170458,377286,355,288
BJM,Bujumbura,,BI,-3.3238888888888884,29.31861111111111,1,54801,94533,114,92
BJN,Bajone,,MZ,-17.183333333333334,37.95,0,0,0,0,0
BJO,Bermejo,,BO,-22.866666666666667,-64.33333333333333,0,0,0,0,0
BJP,Braganca Paulista,SP,BR,-22.95,-46.56666666666667,0,0,0,0,0
BJQ,Bahja,,OM,19.875,56.06194444444444,0,0,0,0,0
BJR,Bahar Dar,,ET,11.608055555555556,37.32166666666667,1,10101,11203,24,22
BJS,Beijing,,CN,39.919444444444444,116.43333333333334,1,20318982,19060834,19017,18514
BJT,Bentota River,,LK,6.416666666666667,79.98333333333333,0,0,0,0,0
BJU,Bajura,,NP,29.35,81.3,1,0,0,0,0
BJV,Bodrum,,TR,37.13472222222222,27.66722222222222,1,353871,480666,2913,2968
BJW,Bajawa,,ID,-8.707777777777777,121.05777777777777,1,0,0,7,7
BJX,Leon/Guanajuato,,MX,20.993333333333336,-101.48083333333334,1,655468,700777,1478,1300
BJZ,Badajoz,,ES,38.89138888888889,-6.8213888888888885,1,27664,28857,74,93
BKA,Baykit,,RU,61.677499999999995,96.3536111111111,1,0,0,41,46
BKB,Bikaner,RJ,IN,28.016666666666666,73.3,1,0,0,1,1
BKC,Buckland,AK,US,65.98166666666667,-161.14916666666667,1,3,5,3,3
BKD,Breckenridge,TX,US,32.75,-98.9,0,0,0,0,0
BKE,Baker City,OR,US,44.833333333333336,-117.81666666666666,0,0,0,0,0
BKF,Katmai National Park,AK,US,58.6,-156.23333333333332,0,0,0,0,0
BKG,Branson,MO,US,36.531666666666666,-93.19972222222222,1,2284,2783,26,24
BKH,Kekaha,HI,US,21.966666666666665,-159.71666666666667,0,0,0,0,0
BKI,Kota Kinabalu,,MY,5.937222222222222,116.05305555555556,1,4761718,4289854,1302,1254
BKJ,Boke,,GN,10.966666666666667,-14.283333333333333,0,0,0,0,0
BKK,Bangkok,,TH,13.733333333333333,100.5,1,52947430,63732643,15696,15513
BKM,Bakelalan,,MY,3.9738888888888892,115.61722222222221,1,277,207,9,9
BKN,Balkanabat,,TM,39.48027777777778,54.365833333333335,1,0,0,0,0
BKO,Bamako,,ML,12.53361111111111,-7.95,1,208438,227108,318,299
BKP,Barkly Downs,QL,AU,-21.033333333333335,138.25,0,0,0,0,0
BKQ,Blackall,QL,AU,-24.4325,145.42805555555555,1,263,333,5,7
BKR,Bokoro,,TD,12.383055555555556,17.06722222222222,0,0,0,0,0
BKS,Bengkulu,,ID,-3.863611111111111,102.33916666666666,1,32201,27692,108,108
BKT,Blackstone/Ft Pickett,VA,US,37.083333333333336,-77.95,0,0,0,0,0
BKU,Betioky,,MG,-23.733333333333334,44.38333333333333,0,0,0,0,0
BKV,Damao Banner,,CN,41.65694444444444,110.31277777777777,0,0,0,0,0
BKW,Beckley,WV,US,37.78722222222222,-81.12416666666665,1,5931,5018,17,17
BKX,Brookings,SD,US,44.30444444444444,-96.81861111111111,0,0,0,0,0
BKY,Bukavu,,CD,-2.3088888888888888,28.80888888888889,1,0,0,0,0
BKZ,Bukoba,,TZ,-1.3325,31.821944444444444,1,44461,40148,18,18
BLA,Barcelona,,VE,10.107222222222221,-64.68916666666667,1,9916,16439,92,92
BLB,Balboa,,PA,8.914444444444445,-79.59972222222221,1,91,121,88,63
BLC,Bali,,CM,5.9,10.0,0,0,0,0,0
BLE,Borlange/Falun,,SE,60.42194444444444,15.515277777777778,0,79,73,0,0
BLF,Bluefield/Princeton,WV,US,37.3,-81.2,0,0,0,0,0
BLG,Belaga,,MY,2.65,113.76666666666667,0,0,0,0,0
BLH,Blythe,CA,US,33.61666666666667,-114.71666666666667,0,0,0,0,0
BLI,Bellingham,WA,US,48.79277777777778,-122.5375,1,89004,66916,348,380
BLJ,Batna,,DZ,35.75222222222222,6.3086111111111105,1,10277,10814,18,18
BLK,Blackpool,,GB,53.771388888888886,-3.0283333333333333,0,7,16,0,0
BLL,Billund,,DK,55.74027777777778,9.151666666666667,1,912380,692966,2814,2638
BLM,Belmar/Farmingdale,NJ,US,40.18555555555555,-74.1236111111111,0,0,0,0,0
BLN,Benalla,VI,AU,-36.55,145.98333333333332,0,0,0,0,0
BLO,Blonduos,,IS,65.64500000000001,-20.2875,0,0,0,0,0
BLP,Bellavista,,PE,-7.060833333333333,-76.58222222222221,0,0,0,0,0
BLQ,Bologna,,IT,44.53111111111111,11.297222222222222,1,3203097,2202837,5663,6386
BLR,Bengaluru,KA,IN,13.19888888888889,77.70555555555556,1,10066740,9488790,5482,5465
BLS,Bollon,QL,AU,-28.033333333333335,147.36666666666667,0,0,0,0,0
BLT,Blackwater,QL,AU,-23.603055555555557,148.80694444444447,0,0,0,0,0
BLU,Emigrant Gap,CA,US,39.266666666666666,-120.7,0,0,0,0,0
BLV,Belleville,IL,US,38.54111111111111,-89.84888888888888,1,268,42,225,225
BLW,Beletwene,,SO,4.765833333333333,45.23833333333334,0,0,0,0,0
BLX,Belluno,,IT,46.16722222222222,12.247777777777777,0,0,0,0,0
BLY,Belmullet,,IE,54.22277777777778,-10.030833333333334,0,0,0,0,0
BLZ,Blantyre,,MW,-15.679166666666665,34.973888888888894,1,18370,32124,56,41
BMB,Bumba,,CD,2.1838888888888888,22.479166666666664,1,0,0,0,0
BMC,Brigham City,UT,US,41.53333333333333,-112.05,0,0,0,0,0
BMD,Belo Tsiribihina,,MG,-19.686944444444446,44.54277777777778,0,0,0,0,0
BME,Broome,WA,AU,-17.948888888888888,122.22833333333334,1,115353,153781,405,383
BMF,Bakouma,,CF,5.7333333333333325,22.8,0,0,0,0,0
BMG,Bloomington,IN,US,39.1425,-86.61527777777778,1,0,0,0,0
BMH,Bomai,,PG,-6.366666666666666,144.63333333333333,0,0,0,0,0
BMI,Bloomington/Normal,IL,US,40.477222222222224,-88.91583333333334,1,63124,44009,380,410
BMJ,Baramita,,GY,7.370277777777777,-60.488055555555555,0,0,0,0,0
BMK,Borkum,,DE,53.595555555555556,6.7091666666666665,1,0,0,0,0
BML,Berlin,NH,US,44.483333333333334,-71.16666666666667,0,0,0,0,0
BMM,Bitam,,GA,2.0833333333333335,11.483333333333333,0,0,0,0,0
BMN,Bamarni,,IQ,37.1,43.266666666666666,0,0,0,0,0
BMO,Bhamo,,MM,24.266666666666666,97.25,1,1,0,3,2
BMP,Brampton Island,QL,AU,-20.783333333333335,149.23333333333332,0,0,0,0,0
BMQ,Bamburi,,KE,-3.95,39.733333333333334,0,0,0,0,0
BMR,Baltrum,,DE,53.733333333333334,7.383333333333334,0,0,0,0,0
BMS,Brumado,BA,BR,-14.216666666666667,-41.666666666666664,0,0,0,0,0
BMU,Bima,,ID,-8.539722222222222,118.68722222222223,1,0,0,15,8
BMV,Ban Me Thuot,,VN,12.668333333333333,108.12027777777777,1,70598,83119,260,270
BMW,Bordj Mokhtar,,DZ,21.3775,0.923611111111111,1,184,199,26,24
BMX,Big Mountain,AK,US,59.36666666666667,-155.26666666666668,0,0,0,0,0
BMY,Ile Art,,NC,-19.720555555555553,163.66111111111113,1,0,0,2,2
BMZ,Bamu,,PG,-7.833333333333333,143.23333333333332,0,0,0,0,0
BNA,Nashville,TN,US,36.12444444444444,-86.67833333333334,1,3009500,2996641,17717,17175
BNB,Boende,,CD,-0.28833333333333333,20.880555555555556,0,0,0,0,0
BNC,Beni,,CD,0.5777777777777777,29.468888888888888,1,8,5,53,52
BND,Bandar Abbas,,IR,27.21861111111111,56.37777777777778,1,2196,2157,114,112
BNE,Brisbane,QL,AU,-27.384166666666665,153.1175,1,8246345,6945837,16581,16707
BNF,Baranof,AK,US,57.083333333333336,-134.81666666666666,0,0,0,0,0
BNG,Banning,CA,US,33.93333333333333,-116.86666666666666,0,0,0,0,0
BNI,Benin City,,NG,6.316944444444444,5.599444444444444,1,2492,3212,12,12
BNK,Ballina,NS,AU,-28.833888888888886,153.5625,1,118419,154397,628,762
BNL,Barnwell,SC,US,33.25,-81.38333333333334,0,0,0,0,0
BNM,Bodinumu,,PG,-9.083333333333334,147.5,0,0,0,0,0
BNN,Bronnoysund,,NO,65.46111111111111,12.2175,1,3236,3282,161,163
BNO,Burns,OR,US,43.583333333333336,-118.95,0,0,0,0,0
BNP,Bannu,,PK,32.96666666666667,70.51666666666667,0,0,0,0,0
BNQ,Baganga,,PH,7.583333333333333,126.56666666666666,0,0,0,0,0
BNR,Banfora,,BF,10.633333333333333,-4.7666666666666675,0,0,0,0,0
BNS,Barinas,,VE,8.619444444444445,-70.22083333333333,1,0,0,5,5
BNT,Bundi,,PG,-5.75,145.23333333333332,0,0,0,0,0
BNU,Blumenau,SC,BR,-26.933333333333334,-49.05,0,1,1,0,0
BNV,Boana,,PG,-6.416666666666667,146.81666666666666,0,0,0,0,0
BNW,Boone,IA,US,42.06666666666667,-93.88333333333334,0,0,0,0,0
BNX,Banja Luka,,BA,44.94138888888889,17.297500000000003,1,16303,19518,69,59
BNY,Bellona,,SB,-11.302222222222223,159.79888888888888,1,10,1,2,2
BNZ,Banz,,PG,-5.783333333333333,144.61666666666667,0,0,0,0,0
BOA,Boma,,CD,-5.866666666666667,13.066666666666666,0,0,0,0,0
BOB,Bora Bora,,PF,-16.444444444444446,-151.7513888888889,1,47648,100936,559,603
BOC,Bocas del Toro,,PA,9.340833333333334,-82.25083333333333,1,2923,3333,24,13
BOD,Bordeaux,,FR,44.833333333333336,-0.5666666666666667,1,1733082,1282256,10520,10506
BOE,Boundji,,CG,-1.0333333333333334,15.383333333333333,0,0,0,0,0
BOG,Bogota,,CO,4.701666666666667,-74.14694444444446,1,8769453,7940819,40433,42411
BOH,Bournemouth,,GB,50.78,-1.8425000000000002,1,43053,23767,186,189
BOI,Boise,ID,US,43.56444444444444,-116.22277777777778,1,837183,713671,5022,5328
BOJ,Burgas,,BG,42.569722222222225,27.51527777777778,1,229,599,534,480
BOK,Brookings,OR,US,42.05,-124.28333333333333,0,0,0,0,0
BOL,Ballykelly,,GB,55.06666666666667,-7.016666666666667,0,0,0,0,0
BOM,Mumbai,MH,IN,19.08861111111111,72.86805555555554,1,20120169,19465422,7496,7390
BON,Bonaire,,BQ,12.131111111111112,-68.26861111111111,1,33092,59005,698,675
BOO,Bodo,,NO,67.26916666666666,14.365277777777777,1,187942,289871,3204,3501
BOP,Bouar,,CF,5.966666666666667,15.633333333333333,0,0,0,0,0
BOQ,Boku,,PG,-6.266666666666667,155.21666666666667,0,0,0,0,0
BOS,Boston,MA,US,42.36666666666667,-71.0,1,12040422,9379582,51463,53707
BOT,Boset,,PG,-7.233333333333333,141.08333333333334,0,0,0,0,0
BOU,Bourges,,FR,47.06083333333333,2.37,0,0,0,0,0
BOV,Boang,,PG,-3.3666666666666667,153.33333333333334,0,0,0,0,0
BOW,Bartow,FL,US,27.933333333333334,-81.78333333333333,0,0,0,0,0
BOX,Borroloola,NT,AU,-16.083333333333332,136.3,0,0,0,0,0
BOY,Bobo Dioulasso,,BF,11.16,-4.3308333333333335,1,728,999,10,10
BOZ,Bozoum,,CF,6.316666666666666,16.383333333333333,0,0,0,0,0
BPA,Borongan,,PH,11.675833333333333,125.47833333333334,1,536,645,4,4
BPB,Boridi,,PG,-9.133333333333333,147.53333333333333,0,0,0,0,0
BPC,Bamenda,,CM,6.038333333333333,10.123055555555556,0,0,0,0,0
BPD,Bapi,,PG,-7.75,147.01666666666668,0,0,0,0,0
BPE,Qinhaungdao,,CN,39.66638888888889,119.06,1,2426,3874,28,26
BPF,Batuna,,SB,-8.563055555555556,158.11916666666667,0,0,0,0,0
BPG,Barra do Garcas,MT,BR,-15.862499999999999,-52.390277777777776,1,434,479,6,5
BPH,Bislig,,PH,8.2,126.33333333333333,0,0,0,0,0
BPI,Big Piney/Marbleton,WY,US,42.583333333333336,-110.11666666666666,0,0,0,0,0
BPK,Biangabip,,PG,-5.529722222222222,141.75,0,0,0,0,0
BPL,Bole,,CN,44.895833333333336,82.3,1,393,599,68,62
BPN,Balikpapan,,ID,-1.2683333333333333,116.89444444444445,1,308292,335127,578,558
BPS,Porto Seguro,BA,BR,-16.43861111111111,-39.08083333333334,1,199897,504229,1615,1841
BPT,Beaumont/Port Arthur,TX,US,30.083333333333332,-94.1,1,23407,16926,70,138
BPX,Qamdo/Changdu,,CN,30.551111111111112,97.11055555555555,1,161,183,50,55
BPY,Besalampy,,MG,-16.741944444444446,44.481388888888894,0,0,0,0,0
BQA,Baler,,PH,15.729722222222222,121.50027777777778,0,0,0,0,0
BQB,Busselton,WA,AU,-33.6875,115.40222222222222,1,3281,3534,50,59
BQE,Bubaque,,GW,11.3,-15.85,0,0,0,0,0
BQG,Bogorodskoye,,RU,52.37833333333333,140.44833333333332,1,0,0,2,2
BQH,London Biggin Hill,,GB,51.33083333333334,0.03222222222222222,0,6,11,0,0
BQI,Bagani,,NA,-18.118055555555557,21.629722222222224,0,0,0,0,0
BQJ,Batagay,,RU,67.64777777777779,134.69333333333333,1,0,0,11,12
BQL,Boulia,QL,AU,-22.913055555555555,139.90083333333334,1,136,140,3,3
BQN,Aguadilla,,PR,18.495,-67.12944444444443,1,182686,204902,257,278
BQO,Bouna,,CI,9.266666666666667,-3.0,0,0,0,0,0
BQQ,Barra,BA,BR,-11.066666666666666,-43.166666666666664,0,0,0,0,0
BQS,Blagoveschensk,,RU,50.42527777777777,127.41250000000001,1,83420,23538,128,110
BQT,Brest,,BY,52.108333333333334,23.896944444444443,0,0,0,0,0
BQU,Bequia,,VC,12.983333333333333,-61.25,1,0,0,12,18
BQW,Balgo Hill,WA,AU,-20.133333333333333,127.8,1,6,13,16,16
BRA,Barreiras,BA,BR,-12.079166666666666,-45.00944444444445,1,18637,16671,136,149
BRB,Barreirinhas,MA,BR,-2.8333333333333335,-42.833333333333336,1,152,290,6,6
BRC,San Carlos Bariloche,RN,AR,-41.151111111111106,-71.15777777777778,1,163976,469533,1285,1258
BRD,Brainerd,MN,US,46.40333333333333,-94.12972222222221,1,8624,7940,32,32
BRE,Bremen,,DE,53.0475,8.786666666666667,1,1043265,507473,2268,2129
BRG,Balirangen,,ID,2.6525,125.42472222222223,0,0,0,0,0
BRH,Brahman,,PG,-5.7,145.36666666666667,0,0,0,0,0
BRI,Bari,,IT,41.13805555555555,16.765,1,1718575,1331478,3187,3013
BRJ,Bright,VI,AU,-36.733333333333334,146.96666666666667,0,0,0,0,0
BRK,Bourke,NS,AU,-30.040555555555557,145.94666666666666,1,0,0,2,1
BRL,Burlington,IA,US,40.779444444444444,-91.12249999999999,1,11110,9418,30,30
BRM,Barquisimeto,,VE,10.042777777777777,-69.3586111111111,1,7360,13395,92,91
BRN,Berne,,CH,46.916666666666664,7.5,1,33603,43855,0,0
BRO,Brownsville,TX,US,25.90694444444444,-97.42583333333334,1,51569,45810,897,849
BRP,Biaru,,PG,-7.666666666666667,146.35,0,0,0,0,0
BRQ,Brno,,CZ,49.15138888888889,16.694444444444446,1,8494,3738,128,121
BRR,Barra,,GB,57.025555555555556,-7.449722222222222,1,1853,4852,191,191
BRS,Bristol,,GB,51.3825,-2.718888888888889,1,1350819,650833,17419,17442
BRT,Bathurst Island,NT,AU,-11.766666666666667,130.63333333333333,0,0,0,0,0
BRU,Brussels,,BE,50.90277777777778,4.483333333333333,1,9875784,7978385,27404,27522
BRV,Bremerhaven,,DE,53.50694444444444,8.572777777777777,0,0,0,0,0
BRW,Barrow,AK,US,71.28555555555555,-156.76611111111112,1,1915,3246,97,46
BRX,Barahona,,DO,18.216666666666665,-71.11666666666666,0,0,0,0,0
BRY,Bardstown,KY,US,37.81361111111111,-85.5,0,0,0,0,0
BSA,Bosaso,,SO,11.275555555555556,49.157777777777774,1,4208,2253,15,15
BSB,Brasilia,DF,BR,-15.871111111111112,-47.91861111111111,1,3043976,1955724,7490,7351
BSC,Bahia Solano,,CO,6.203055555555555,-77.39527777777778,1,0,0,6,6
BSD,Baoshan,,CN,25.053611111111113,99.16805555555555,1,1693,2729,67,60
BSE,Sematan,,MY,1.8,109.76666666666667,0,0,0,0,0
BSF,Pohakuloa,HI,US,19.766666666666666,-155.55,0,0,0,0,0
BSG,Bata,,GQ,1.9055555555555554,9.805555555555557,1,312,476,25,25
BSI,Polilio,,PH,14.418888888888889,122.03944444444444,0,0,0,0,0
BSJ,Bairnsdale,VI,AU,-37.88333333333333,147.56666666666666,0,0,0,0,0
BSK,Biskra,,DZ,34.79333333333333,5.738333333333333,1,12498,15272,26,28
BSM,Bishen Kola,,IR,36.65,52.35,0,0,0,0,0
BSN,Bossangoa,,CF,6.5,17.433333333333334,0,0,0,0,0
BSO,Basco,,PH,20.45138888888889,121.98,1,17244,52220,9,10
BSP,Bensbach,,PG,-8.858333333333333,141.25944444444445,0,0,0,0,0
BSR,Basrah,,IQ,30.549166666666668,47.66222222222222,1,78145,92503,306,314
BSS,Balsas,MA,BR,-7.5,-46.03333333333333,0,0,0,0,0
BST,Lashkar Gah,,AF,31.560277777777777,64.365,0,0,0,0,0
BSU,Basankusu,,CD,1.225,19.788611111111113,0,0,0,0,0
BSV,Besakoa,,MG,-15.666666666666666,47.06666666666667,0,0,0,0,0
BSW,Boswell Bay,AK,US,60.4,-146.13333333333333,0,0,0,0,0
BSX,Pathein,,MM,16.811666666666667,94.77277777777778,0,0,0,0,0
BSY,Bardera,,SO,2.35,42.333333333333336,0,0,0,0,0
BTA,Bertoua,,CM,4.549166666666666,13.72638888888889,0,0,0,0,0
BTB,Betou,,CG,3.05,18.516666666666666,0,0,0,0,0
BTC,Batticaloa,,LK,7.704722222222222,81.67666666666668,1,0,0,1,1
BTD,Brunette Downs,NT,AU,-18.633333333333333,135.93333333333334,0,0,0,0,0
BTE,Bonthe,,SL,7.5166666666666675,-12.5,0,0,0,0,0
BTF,Bountiful,UT,US,40.87166666666667,-111.92750000000001,0,0,11,0,0
BTG,Batangafo,,CF,7.3,18.3,0,0,0,0,0
BTH,Batam,,ID,1.1211111111111112,104.11888888888888,1,268005,289249,287,252
BTI,Barter Island,AK,US,70.13388888888889,-143.58194444444445,1,0,0,2,2
BTJ,Banda Aceh,,ID,5.523611111111111,95.42027777777778,1,193337,143430,165,147
BTK,Bratsk,,RU,56.370555555555555,101.69833333333334,1,3695,2961,33,31
BTL,Kalamazoo/Battle Creek,MI,US,42.303888888888885,-85.25611111111111,0,3,5,0,0
BTM,Butte,MT,US,45.95472222222222,-112.4975,1,7417,7900,45,45
BTN,Bennettsville,SC,US,34.61666666666667,-79.68333333333334,0,0,0,0,0
BTO,Botopasi,,SR,4.218333333333334,-55.446666666666665,0,0,0,0,0
BTP,Butler,PA,US,40.776666666666664,-79.95111111111112,0,0,0,0,0
BTQ,Butare,,RW,-2.6,29.733333333333334,0,0,0,0,0
BTR,Baton Rouge,LA,US,30.533055555555556,-91.14972222222222,1,142661,135587,1575,1450
BTS,Bratislava,,SK,48.17027777777778,17.212777777777777,1,59330,67121,261,278
BTT,Bettles,AK,US,66.91388888888889,-151.52916666666667,1,0,0,5,3
BTU,Bintulu,,MY,3.1241666666666665,113.01972222222223,1,193888,216574,193,193
BTV,Burlington,VT,US,44.471944444444446,-73.15333333333334,1,280836,242236,1160,908
BTW,Batu Licin,,ID,-3.45,116.0,1,0,0,3,3
BTX,Betoota,QL,AU,-25.633333333333333,140.8,0,0,0,0,0
BTY,Beatty,NV,US,36.85277777777778,-116.78333333333333,0,0,0,0,0
BTZ,Yala,,TH,5.788611111111111,101.14694444444446,0,0,0,0,0
BUA,Buka,,PG,-5.4222222222222225,154.67277777777778,1,841,1306,8,7
BUB,Burwell,NE,US,41.78333333333333,-99.13333333333334,0,0,0,0,0
BUC,Burketown,QL,AU,-17.748611111111114,139.53444444444443,1,68,78,6,6
BUD,Budapest,,HU,47.43694444444444,19.255555555555556,1,6042729,6604126,8174,8687
BUE,Buenos Aires,BA,AR,-34.57222222222222,-58.37027777777778,1,7041556,8072976,14665,13920
BUF,Buffalo,NY,US,42.940555555555555,-78.73222222222222,1,994654,801806,6375,5719
BUG,Benguela,,AO,-12.606666666666666,13.404166666666667,0,0,0,0,0
BUH,Bucharest,,RO,44.50277777777778,26.083333333333332,1,4515947,4518103,5150,5563
BUI,Bokondini,,ID,-3.716666666666667,138.65,0,0,0,0,0
BUJ,Bou Saada,,DZ,35.333333333333336,4.2,0,0,0,0,0
BUK,Al Buq,,YE,15.833333333333334,43.766666666666666,0,0,0,0,0
BUL,Bulolo,,PG,-7.216388888888889,146.65,1,0,0,0,0
BUM,Butler,MO,US,38.25,-94.31666666666666,0,0,0,0,0
BUN,Buenaventura,,CO,3.819722222222222,-76.98972222222223,1,0,0,2,2
BUO,Burao,,SO,9.527222222222223,45.555277777777775,0,0,0,0,0
BUP,Bathinda,PB,IN,30.27027777777778,74.75583333333333,1,0,0,2,2
BUQ,Bulawayo,,ZW,-20.0175,28.61777777777778,1,30453,48362,264,216
BUR,Burbank,CA,US,34.20055555555556,-118.3586111111111,1,595964,493629,4079,3656
BUS,Batumi,,GE,41.61027777777778,41.599722222222226,1,295174,385161,175,172
BUT,Bathpalathang,,BT,27.563055555555557,90.74666666666667,1,0,0,34,36
BUU,Muara Bungo,,ID,-1.5416666666666665,102.18166666666667,1,0,0,2,1
BUV,Bella Union,,UY,-30.333333333333332,-57.083333333333336,0,0,0,0,0
BUW,Baubau,,ID,-5.4875,122.56888888888888,1,0,0,11,4
BUX,Bunia,,CD,1.5658333333333334,30.22083333333333,1,5,7,57,57
BUY,Bunbury,WA,AU,-33.378055555555555,115.67861111111111,0,0,0,0,0
BUZ,Bushehr,,IR,28.949444444444445,50.83027777777778,1,0,0,17,17
BVB,Boa Vista,RR,BR,2.846388888888889,-60.69,1,210528,93769,87,87
BVC,Boa Vista Island,,CV,16.136666666666667,-22.88888888888889,1,19433,36493,1556,760
BVE,Brive-la-Gaillarde,,FR,45.151666666666664,1.4719444444444445,1,8256,8409,31,31
BVF,Bua,,FJ,-16.8,178.61666666666667,0,0,0,0,0
BVG,Berlevag,,NO,70.8711111111111,29.028888888888886,1,847,1007,119,142
BVH,Vilhena,RO,BR,-12.694444444444445,-60.098333333333336,1,376,607,5,5
BVI,Birdsville,QL,AU,-25.891944444444444,139.3452777777778,1,155,221,4,4
BVJ,Bovanenkovo,,RU,70.31666666666666,68.33083333333333,0,0,0,0,0
BVK,Huacaraje,,BO,-13.55,-63.75,0,0,0,0,0
BVL,Baures,,BO,-13.583333333333334,-63.583333333333336,0,0,0,0,0
BVM,Belmonte,BA,BR,-15.85,-38.9,0,0,0,0,0
BVO,Bartlesville,OK,US,36.766666666666666,-96.0,0,0,0,0,0
BVP,Bolovip,,PG,-5.383333333333334,141.7,0,0,0,0,0
BVR,Brava Island,,CV,14.866666666666667,-24.733333333333334,0,0,0,0,0
BVS,Breves,PA,BR,-1.6666666666666665,-50.46666666666667,1,22,22,11,9
BVU,Beluga,AK,US,61.169444444444444,-151.0361111111111,0,0,0,0,0
BVV,Iturup Island,,RU,44.919999999999995,147.62166666666667,0,0,0,0,0
BVW,Batavia Downs,QL,AU,-12.45,143.25,0,0,0,0,0
BVX,Batesville,AR,US,35.766666666666666,-91.65,0,0,0,0,0
BVY,Beverly,MA,US,42.58416666666667,-70.91611111111112,0,0,0,0,0
BVZ,Beverley Springs,WA,AU,-16.73222222222222,125.43916666666667,0,0,0,0,0
BWA,Bhairawa,,NP,27.50583333333333,83.41638888888889,1,5412,10567,57,95
BWB,Barrow Island,WA,AU,-20.8,115.38333333333334,1,0,0,0,0
BWC,Brawley,CA,US,32.983333333333334,-115.51666666666667,0,0,0,0,0
BWD,Brownwood,TX,US,31.8,-98.95,0,0,0,0,0
BWE,Braunschweig/Wolfsburg,,DE,52.31916666666667,10.556111111111111,1,30,17,0,1
BWF,Barrow-in-Furness,,GB,54.11666666666667,-3.2333333333333334,0,0,0,0,0
BWG,Bowling Green,KY,US,36.9675,-86.41916666666667,1,0,0,0,0
BWH,Butterworth,,MY,5.416666666666667,100.4,0,0,0,0,0
BWI,Baltimore,MD,US,39.166666666666664,-76.66666666666667,1,2710395,1673839,13270,13493
BWJ,Bawan,,PG,-6.4,146.9,0,0,0,0,0
BWK,Brac,,HR,43.28583333333333,16.679722222222225,1,638,1198,11,11
BWL,Blackwell,OK,US,36.8,-97.28333333333333,0,0,0,0,0
BWM,Bowman,ND,US,46.13333333333333,-103.58333333333333,0,0,0,0,0
BWN,Bandar Seri Begawan,,BN,4.944166666666667,114.92833333333334,1,329478,390104,818,698
BWO,Balakovo,,RU,51.86666666666667,47.75,0,0,0,0,0
BWP,Bewani,,PG,-3.0833333333333335,141.1,0,0,0,0,0
BWQ,Brewarrina,NS,AU,-29.966666666666665,146.81666666666666,0,0,0,0,0
BWT,Burnie,TS,AU,-40.99722222222222,145.72666666666666,1,57226,56693,62,66
BWW,Cayo las Brujas,,CU,22.62138888888889,-79.14722222222223,0,0,0,0,0
BWX,Banyuwangi,,ID,-8.31027777777778,114.33999999999999,1,6152,3935,13,8
BXA,Bogalusa,LA,US,30.783333333333335,-89.86666666666666,0,0,0,0,0
BXB,Irarutu,,ID,-2.5349999999999997,133.4388888888889,1,0,0,3,1
BXD,Bade,,ID,-7.166666666666667,139.58333333333334,0,0,0,0,0
BXE,Bakel,,SN,14.866666666666667,-12.483333333333333,0,0,0,0,0
BXF,Bellburn,WA,AU,-17.545555555555556,128.3077777777778,0,0,0,0,0
BXG,Bendigo,VI,AU,-36.734722222222224,144.3186111111111,1,4665,4440,10,20
BXH,Balhash,,KZ,46.89194444444444,75.00055555555555,0,0,0,0,0
BXI,Boundiali,,CI,9.516666666666667,-6.483333333333333,0,0,0,0,0
BXJ,Burundai,,KZ,43.36666666666667,76.83333333333333,0,0,0,0,0
BXK,Buckeye,AZ,US,33.36666666666667,-112.58333333333333,0,0,0,0,0
BXL,Nanuya Lagoon,,FJ,-16.950277777777778,177.37944444444446,0,0,0,0,0
BXM,Batom,,ID,-2.283333333333333,139.6,0,0,0,0,0
BXO,Buochs,,CH,46.96666666666667,8.383333333333333,0,0,0,0,0
BXP,Biala Podlaska,,PL,52.003055555555555,23.14361111111111,0,0,0,0,0
BXR,Bam,,IR,29.084166666666665,58.44972222222222,1,0,0,3,3
BXS,Borrego Springs,CA,US,33.25,-116.31666666666666,0,0,0,0,0
BXT,Bontang,,ID,0.13333333333333333,117.5,0,0,0,0,0
BXU,Butuan,,PH,8.950555555555555,125.48138888888889,1,279172,362661,112,113
BXV,Breiddalsvik,,IS,64.78999999999999,-14.022777777777778,0,0,0,0,0
BXW,Bawean,,ID,-5.723888888888889,112.67916666666667,0,0,0,0,0
BXX,Borama,,SO,9.966666666666667,43.11666666666667,0,0,0,0,0
BXY,Baykonur,,KZ,45.621944444444445,63.21083333333333,0,0,0,0,0
BXZ,Bunsil,,PG,-5.716666666666667,147.86666666666667,0,0,0,0,0
BYA,Boundary,AK,US,64.08333333333333,-141.11666666666667,0,0,0,0,0
BYB,Diba al Bayah,,OM,25.616666666666667,56.25,0,0,0,0,0
BYC,Yacuiba,,BO,-21.961111111111112,-63.651944444444446,1,69,200,0,1
BYD,Al Bayda,,YE,14.133333333333333,46.55,0,0,0,0,0
BYF,Albert,,FR,49.97,2.6925000000000003,0,0,0,0,0
BYG,Buffalo,WY,US,44.35,-106.7,0,38,60,0,0
BYH,Blytheville,AR,US,35.93333333333333,-89.91666666666667,1,0,0,0,0
BYI,Burley/Rupert,ID,US,42.53333333333333,-113.76666666666667,0,0,0,0,0
BYJ,Beja,,PT,38.07888888888889,-7.9325,0,0,1,0,0
BYK,Bouake,,CI,7.736944444444444,-5.071111111111111,1,170,580,22,34
BYL,Belle Yella,,LR,7.366666666666666,-10.0,0,0,0,0,0
BYM,Bayamo,,CU,20.39638888888889,-76.62138888888889,1,0,0,0,0
BYN,Bayankhongor,,MN,46.163333333333334,100.70416666666667,0,0,0,1,1
BYO,Bonito,MS,BR,-21.247222222222224,-56.4525,1,3133,8107,16,24
BYP,Barimunya,WA,AU,-22.6725,119.16583333333334,1,0,0,0,0
BYQ,Bunyu,,ID,3.466666666666667,117.86666666666666,0,0,0,0,0
BYR,Laeso,,DK,57.27722222222222,11.0,1,0,0,12,12
BYS,Fort Irwin/Barstow,CA,US,35.28055555555555,-116.63,0,0,0,0,0
BYT,Bantry,,IE,51.66888888888889,-9.484444444444444,0,0,0,0,0
BYU,Bayreuth,,DE,49.98444444444444,11.63861111111111,0,0,0,0,0
BYV,Colombo,,LK,6.928055555555556,79.85555555555555,0,1,10,0,0
BYW,Blakely Island,WA,US,48.583333333333336,-122.83333333333333,1,0,0,10,13
BYX,Baniyala,NT,AU,-13.2,136.23333333333332,0,0,0,0,0
BZA,Bonanza,,NI,14.030000000000001,-84.62444444444444,0,0,0,0,0
BZB,Bazaruto Island,,MZ,-21.534722222222225,35.49166666666667,0,0,0,0,0
BZC,Buzios,RJ,BR,-22.769444444444442,-41.964444444444446,0,0,0,0,0
BZD,Balranald,NS,AU,-34.63333333333333,143.55,0,0,0,0,0
BZE,Belize City,,BZ,17.533333333333335,-88.3,1,251836,355906,30005,20793
BZF,Redding,CA,US,40.575,-122.40805555555556,0,0,0,0,0
BZG,Bydgoszcz,,PL,53.09666666666667,17.977777777777778,1,56153,64382,62,61
BZH,Bumi Hills,,ZW,-16.816666666666666,28.35,0,0,0,0,0
BZI,Balikesir,,TR,39.61666666666667,27.93611111111111,0,8,9,0,0
BZK,Bryansk,,RU,53.26972222222222,34.336666666666666,0,0,0,0,0
BZL,Barisal,,BD,22.801111111111112,90.30111111111111,1,968,1435,6,6
BZM,Bemolanga,,MG,-17.69611111111111,45.08777777777778,0,0,0,0,0
BZN,Bozeman,MT,US,45.777499999999996,-111.15305555555557,1,303881,339047,2113,1971
BZO,Bolzano/Bozen,,IT,46.46083333333333,11.326666666666666,1,5660,7832,535,549
BZP,Bizant,QL,AU,-15.216666666666667,144.63333333333333,0,0,0,0,0
BZR,Beziers,,FR,43.32333333333334,3.3533333333333335,1,19,7,42,36
BZT,Brazoria,TX,US,29.05,-95.56666666666666,0,0,0,0,0
BZU,Buta,,CD,2.8166666666666664,24.75,0,0,0,0,0
BZV,Brazzaville,,CG,-4.251666666666667,15.253055555555555,1,65486,70387,394,313
BZX,Bazhong,,CN,31.738055555555558,106.64416666666668,1,103,587,145,149
BZY,Balti,,MD,47.75,27.933333333333334,0,0,0,0,0
BZZ,Brize Norton,,GB,51.75,-1.5833333333333335,0,3,2,0,0
CAA,Catacamas,,HN,14.883333333333333,-85.88333333333334,0,0,0,0,0
CAB,Cabinda,,AO,-5.597222222222222,12.188055555555556,1,867,1088,9,9
CAC,Cascavel,PR,BR,-25.00027777777778,-53.50083333333333,1,116533,102699,267,246
CAD,Cadillac,MI,US,44.27583333333333,-85.42222222222223,0,0,0,0,0
CAE,Columbia,SC,US,33.95,-81.11666666666666,1,222522,204037,1778,1590
CAF,Carauari,AM,BR,-4.870833333333334,-66.89722222222223,1,74,264,0,0
CAG,Cagliari,,IT,39.25138888888889,9.057777777777778,1,804237,704371,1880,1899
CAH,Ca Mau,,VN,9.177777777777777,105.17750000000001,1,4771,6524,9,8
CAI,Cairo,,EG,30.059722222222224,31.250833333333333,1,9572307,10435238,16339,16054
CAJ,Canaima,,VE,6.234444444444445,-62.85527777777778,0,0,0,0,0
CAK,Akron/Canton,OH,US,41.06666666666667,-81.51666666666667,1,157812,121071,492,414
CAL,Campbeltown,,GB,55.43722222222222,-5.686388888888889,1,2447,2934,14,14
CAM,Camiri,,BO,-20.016666666666666,-63.56666666666667,0,0,0,0,0
CAN,Guangzhou,,CN,23.3925,113.29888888888888,1,16683249,15566008,10964,11163
CAO,Clayton,NM,US,36.45,-103.18333333333334,0,0,0,0,0
CAP,Cap Haitien,,HT,19.733055555555556,-72.19472222222223,1,37383,44106,51,52
CAQ,Caucasia,,CO,7.9686111111111115,-75.19833333333334,0,0,0,0,0
CAR,Caribou,ME,US,46.86666666666667,-68.01666666666667,0,0,0,0,0
CAT,Cascais,,PT,38.721944444444446,-9.35361111111111,1,0,0,5,4
CAU,Caruaru,PE,BR,-8.283333333333333,-35.96666666666667,1,471,658,8,8
CAV,Cazombo,,AO,-11.883333333333333,22.933333333333334,0,0,0,0,0
CAW,Campos dos Goytacaze,RJ,BR,-21.698333333333334,-41.30166666666666,1,3161,3185,16,17
CAX,Carlisle,,GB,54.9375,-2.8091666666666666,0,60,53,0,0
CAY,Cayenne,,GF,4.819722222222222,-52.36055555555556,1,34635,47300,113,145
CAZ,Cobar,NS,AU,-31.5375,145.79444444444445,1,341,388,22,23
CBB,Cochabamba,,BO,-17.421111111111113,-66.17722222222223,1,61206,77618,158,130
CBC,Cherrabun,WA,AU,-18.666666666666668,125.36666666666666,0,0,0,0,0
CBD,Car Nicobar Island,AN,IN,9.154722222222222,92.82,0,0,0,0,0
CBE,Cumberland,MD,US,39.6,-78.76666666666667,0,0,0,0,0
CBF,Council Bluffs,IA,US,41.266666666666666,-95.86666666666666,0,0,0,0,0
CBG,Cambridge,,GB,52.205000000000005,0.175,1,2778,2425,12,12
CBH,Bechar,,DZ,31.64611111111111,-2.278888888888889,1,1459,2356,15,15
CBI,Cape Barren Island,TS,AU,-40.390277777777776,148.01527777777778,1,0,0,1,1
CBJ,Pedernales,,DO,17.933333333333334,-71.65,0,0,0,0,0
CBK,Colby,KS,US,39.416666666666664,-101.05,0,0,0,0,0
CBL,Ciudad Bolivar,,VE,8.121944444444445,-63.53722222222222,1,0,0,2,2
CBN,Cirebon,,ID,-6.75,108.53333333333333,0,0,0,0,0
CBO,Cotabato,,PH,7.165277777777778,124.20972222222223,1,94979,82969,17,18
CBP,Coimbra,,PT,40.16138888888889,-8.472222222222223,0,0,0,0,0
CBQ,Calabar,,NG,4.976111111111111,8.347222222222223,1,709,1178,17,16
CBR,Canberra,AC,AU,-35.30694444444444,149.195,1,951627,1048679,3205,3397
CBS,Cabimas,,VE,10.331944444444444,-71.32,0,0,0,0,0
CBT,Catumbela,,AO,-12.481388888888889,13.486944444444443,1,1234,2326,4,4
CBU,Cottbus,,DE,51.88944444444444,14.531944444444445,0,0,0,0,0
CBV,Coban,,GT,15.46888888888889,-90.40694444444445,0,0,0,0,0
CBW,Campo Mourao,PR,BR,-24.002777777777776,-52.355555555555554,0,0,0,0,0
CBX,Condobolin,NS,AU,-33.06666666666667,147.2,0,0,0,0,0
CBY,Canobie,QL,AU,-19.633333333333333,140.91666666666666,0,0,0,0,0
CBZ,Binzhou Dagao,,CN,37.61,117.88583333333334,0,0,0,0,0
CCA,Chimore,,BO,-16.989722222222223,-65.1413888888889,0,0,0,0,0
CCB,Upland,CA,US,34.083333333333336,-117.63333333333334,0,0,0,0,0
CCC,Cayo Coco,,CU,22.461111111111112,-78.32833333333333,1,4717,10017,332,218
CCF,Carcassonne,,FR,43.215833333333336,2.308611111111111,1,22,12,54,42
CCG,Crane,TX,US,31.4,-102.35,0,0,0,0,0
CCH,Chile Chico,,CL,-46.55,-71.7,0,0,0,0,0
CCI,Concordia,SC,BR,-27.25,-52.03333333333333,0,0,0,0,0
CCJ,Kozhikode,KL,IN,11.136944444444444,75.95527777777778,1,1497824,1671249,371,264
CCK,Cocos Islands,,CC,-12.1875,96.83138888888888,1,271,843,8,8
CCL,Chinchilla,QL,AU,-26.772222222222222,150.61805555555557,0,0,0,0,0
CCM,Criciuma,SC,BR,-28.72583333333333,-49.42472222222222,0,0,0,0,0
CCN,Chaghcharan,,AF,34.52638888888889,65.27083333333333,0,0,0,0,0
CCO,Carimagua,,CO,4.566666666666666,-71.33333333333333,0,0,0,0,0
CCP,Concepcion,,CL,-36.772777777777776,-73.06305555555555,1,152403,140210,3680,3528
CCR,Concord,CA,US,37.99194444444444,-122.05583333333333,1,694,670,17,17
CCS,Caracas,,VE,10.603055555555555,-66.99055555555556,1,902378,953329,985,999
CCT,Catriel,RN,AR,-37.85,-67.86666666666666,0,0,0,0,0
CCU,Kolkata,WB,IN,22.654722222222222,88.44666666666667,1,5201242,5106846,1786,1849
CCV,Craig Cove,,VU,-16.264444444444443,167.92416666666665,1,409,38,8,9
CCW,Cowell,SA,AU,-33.666666666666664,136.9,0,0,0,0,0
CCX,Caceres,MT,BR,-16.1,-57.65,0,0,0,0,0
CCY,Charles City,IA,US,43.06666666666667,-92.66666666666667,0,0,0,0,0
CCZ,Chub Cay,,BS,25.41722222222222,-77.88083333333333,1,0,1,0,0
CDA,Cooinda,NT,AU,-12.9,132.51666666666668,0,0,0,0,0
CDB,Cold Bay,AK,US,55.20611111111111,-162.72555555555556,1,212,309,65,58
CDC,Cedar City,UT,US,37.700833333333335,-113.09888888888888,1,8997,9747,23,23
CDD,Cauquira,,HN,15.322222222222223,-83.60277777777777,0,0,0,0,0
CDE,Chengde,,CN,41.12138888888889,118.0761111111111,1,0,1,38,36
CDH,Camden,AR,US,33.61666666666667,-92.76666666666667,0,0,0,0,0
CDI,Cachoeiro Itapemirim,ES,BR,-20.83611111111111,-41.18694444444444,0,0,0,0,0
CDJ,Conceicao do Araguaia,PA,BR,-8.283333333333333,-49.28333333333333,0,0,0,0,0
CDK,Cedar Key,FL,US,29.133333333333333,-83.03333333333333,0,0,0,0,0
CDL,Candle,AK,US,65.9,-161.91666666666666,0,0,0,0,0
CDN,Camden,SC,US,34.266666666666666,-80.6,0,0,0,0,0
CDO,Cradock,,ZA,-32.13333333333333,25.6,0,0,0,0,0
CDP,Cuddapah,AP,IN,14.512777777777778,78.7725,1,0,1,12,12
CDQ,Croydon,QL,AU,-18.3,142.25,0,0,0,0,0
CDR,Chadron,NE,US,42.835,-103.09861111111111,1,3849,3481,30,39
CDS,Childress,TX,US,34.416666666666664,-100.21666666666667,0,0,0,0,0
CDT,Castellon de la Plana,,ES,40.21416666666667,0.07333333333333333,1,49721,47132,85,81
CDU,Camden,NS,AU,-34.05,150.7,0,0,0,0,0
CDV,Cordova,AK,US,60.483333333333334,-145.48333333333332,1,3241,2665,118,113
CDW,Caldwell,NJ,US,40.875277777777775,-74.28083333333333,1,0,0,0,0
CDY,Mapun,,PH,7.016666666666667,118.5,0,0,0,0,0
CEB,Cebu,,PH,10.307500000000001,123.97944444444444,1,5087380,6181138,1634,1630
CEC,Crescent City,CA,US,41.780277777777776,-124.23666666666666,1,1617,1917,20,22
CED,Ceduna,SA,AU,-32.13055555555555,133.7097222222222,1,518,636,3,3
CEE,Cherepovets,,RU,59.278055555555554,38.0225,1,0,0,98,105
CEG,Chester,,GB,53.17805555555555,-2.977777777777778,0,3,2,0,0
CEH,Chelinda,,MW,-10.557222222222222,33.79805555555556,0,0,0,0,0
CEI,Chiang Rai,,TH,19.952222222222222,99.88305555555554,1,814519,1003105,101,104
CEK,Chelyabinsk,,RU,55.30583333333333,61.50333333333333,1,78131,47577,160,155
CEL,Canela,RS,BR,-29.370555555555555,-50.83222222222223,1,64,150,5,5
CEM,Central,AK,US,65.5736111111111,-144.77916666666667,1,0,0,0,0
CEN,Ciudad Obregon,,MX,27.392777777777777,-109.83305555555555,1,49638,44719,266,118
CEO,Wacu-Kungo,,AO,-11.45,15.083333333333334,0,0,0,0,0
CEP,Concepcion,,BO,-16.233333333333334,-62.083333333333336,0,0,0,0,0
CEQ,Cannes,,FR,43.55,7.016666666666667,1,67,129,0,0
CER,Cherbourg,,FR,49.65083333333333,-1.475277777777778,0,0,0,0,0
CES,Cessnock,NS,AU,-32.785,151.3402777777778,0,0,0,0,0
CET,Cholet,,FR,47.081944444444446,-0.8772222222222222,0,0,0,0,0
CEU,Clemson,SC,US,34.666666666666664,-82.88333333333334,0,0,0,0,0
CEV,Connersville,IN,US,39.63333333333333,-85.13333333333334,0,0,0,0,0
CEW,Crestview,FL,US,30.783333333333335,-86.51666666666667,0,0,0,0,0
CEX,Chena Hot Springs,AK,US,65.05,-146.05,0,0,0,0,0
CEY,Murray,KY,US,36.666666666666664,-88.36666666666666,0,0,0,0,0
CEZ,Cortez,CO,US,37.30305555555555,-108.6286111111111,1,5070,5059,18,21
CFB,Cabo Frio,RJ,BR,-22.925,-42.078611111111115,1,3424,4388,32,44
CFC,Cacador,SC,BR,-26.790555555555557,-50.94138888888889,0,0,0,0,0
CFD,Bryan,TX,US,30.683333333333334,-96.4,0,0,0,0,0
CFE,Clermont-Ferrand,,FR,45.78583333333333,3.1625,1,51342,49583,382,344
CFF,Cafunfo,,AO,-8.766666666666667,18.0,0,0,0,0,0
CFG,Cienfuegos,,CU,22.15,-80.41416666666667,1,1,16,22,6
CFH,Clifton Hills,SA,AU,-26.516666666666666,139.45,0,0,0,0,0
CFI,Camfield Station,NT,AU,-17.15,131.35,0,0,0,0,0
CFK,Chlef,,DZ,36.21277777777778,1.3316666666666666,1,4168,3168,12,11
CFM,Conklin,AB,CA,55.69638888888888,-111.28083333333333,0,0,0,0,0
CFN,Donegal,,IE,55.04416666666666,-8.341111111111111,1,3257,6937,24,21
CFO,Confresa,MT,BR,-10.633333333333333,-51.56666666666667,0,0,0,0,0
CFP,Carpentaria Downs,QL,AU,-18.783333333333335,144.35,0,0,0,0,0
CFQ,Creston,BC,CA,49.036944444444444,-116.49833333333333,0,0,0,0,0
CFR,Caen,,FR,49.17333333333333,-0.45,1,44790,39919,178,164
CFS,Coffs Harbour,NS,AU,-30.320555555555554,153.11638888888888,1,156132,178260,142,147
CFT,Clifton/Morenci,AZ,US,32.95,-109.2,0,0,0,0,0
CFU,Kerkyra,,GR,39.60194444444445,19.911666666666665,1,181836,232465,3689,3729
CFV,Coffeyville,KS,US,37.03333333333333,-95.61666666666666,0,0,0,0,0
CGA,Craig,AK,US,55.483333333333334,-133.15,1,0,1,54,54
CGB,Cuiaba,MT,BR,-15.653055555555556,-56.11666666666667,1,552437,415675,1759,1686
CGC,Cape Gloucester,,PG,-5.4591666666666665,148.4325,0,0,0,0,0
CGD,Changde,,CN,28.91861111111111,111.64083333333333,1,15170,20470,131,130
CGE,Cambridge,MD,US,38.55,-76.03333333333333,0,0,0,0,0
CGG,Casiguran,,PH,16.366666666666667,122.11666666666666,0,0,0,0,0
CGI,Cape Girardeau,MO,US,37.22527777777778,-89.57083333333333,1,5778,4303,10,7
CGJ,Chingola,,ZM,-12.533333333333333,27.866666666666667,0,0,0,0,0
CGM,Camiguin,,PH,9.25361111111111,124.70694444444445,1,0,0,8,8
CGN,Cologne/Bonn,,DE,50.86666666666667,7.15,1,3772672,2294660,5557,5485
CGO,Zhengzhou,,CN,34.519444444444446,113.8411111111111,1,1468164,1760150,3341,3341
CGP,Chittagong,,BD,22.249722222222225,91.81333333333333,1,250674,288779,386,312
CGQ,Changchun,,CN,43.99611111111111,125.68527777777778,1,801087,967789,2973,2965
CGR,Campo Grande,MS,BR,-20.46861111111111,-54.6725,1,507860,316957,1358,1746
CGS,College Park,MD,US,38.980555555555554,-76.92222222222223,0,0,0,0,0
CGT,Chinguetti,,MR,20.45,-12.366666666666667,0,0,0,0,0
CGV,Caiguna,WA,AU,-32.266666666666666,125.46666666666667,0,0,0,0,0
CGY,Cagayan de Oro,,PH,8.612499999999999,124.45694444444445,1,682606,666319,273,268
CGZ,Casa Grande,AZ,US,32.88333333333333,-111.75,0,0,0,0,0
CHA,Chattanooga,TN,US,35.03333333333333,-85.2,1,172675,139809,1873,1630
CHB,Chilas,,PK,35.416666666666664,74.08333333333333,0,0,0,0,0
CHC,Christchurch,,NZ,-43.489444444444445,172.53222222222223,1,1209044,1483593,4957,5456
CHD,Mucuge,BA,BR,-13.031944444444445,-41.44583333333333,0,0,0,0,0
CHE,Tallinn Heliport,,EE,59.448055555555555,24.753333333333334,0,0,0,0,0
CHF,Jinhae,,KR,35.13333333333333,128.7,0,0,0,0,0
CHG,Chaoyang,,CN,41.54138888888889,120.43388888888889,1,904,1341,9,11
CHH,Chachapoyas,,PE,-6.201944444444445,-77.85638888888889,1,0,0,1,1
CHI,Chicago,IL,US,41.87444444444444,-87.63944444444445,1,13591297,12251513,111635,115645
CHJ,Chipinge,,ZW,-20.2,32.63333333333333,0,0,0,0,0
CHK,Chickasha,OK,US,35.03333333333333,-97.96666666666667,0,0,0,0,0
CHL,Challis,ID,US,44.5,-114.23333333333333,0,0,0,0,0
CHM,Chimbote,,PE,-9.083333333333334,-78.6,0,0,0,0,0
CHN,Jeonju,,KR,35.87861111111111,127.11999999999999,0,0,0,0,0
CHO,Charlottesville,VA,US,38.13861111111111,-78.45277777777778,1,114790,89989,754,588
CHP,Circle Hot Springs,AK,US,65.46666666666667,-144.58333333333334,0,0,0,0,0
CHQ,Chania,,GR,35.531666666666666,24.149722222222223,1,307620,315727,1770,1777
CHR,Chateauroux,,FR,46.86027777777778,1.7211111111111113,0,0,0,0,0
CHS,Charleston,SC,US,32.89861111111111,-80.04055555555556,1,1151113,1100647,6709,6322
CHT,Chatham Island,,NZ,-43.81194444444444,-176.46499999999997,1,208,315,37,43
CHU,Chuathbaluk,AK,US,61.584722222222226,-159.23777777777775,1,0,0,0,0
CHV,Chaves,,PT,41.733333333333334,-7.466666666666667,0,0,0,0,0
CHX,Changuinola,,PA,9.458888888888888,-82.51527777777778,1,80,69,2,2
CHY,Choiseul Bay,,SB,-6.711944444444445,156.3961111111111,1,14,11,2,2
CHZ,Chiloquin,OR,US,42.583333333333336,-121.86666666666666,0,0,0,0,0
CIC,Chico,CA,US,39.79611111111111,-121.85833333333333,0,0,0,0,0
CID,Cedar Rapids,IA,US,41.88472222222222,-91.71083333333334,1,255378,188330,1764,1880
CIE,Collie,WA,AU,-33.35,116.15,0,0,0,0,0
CIF,Chifeng,,CN,42.16,118.84083333333332,1,7932,3421,378,367
CIG,Craig,CO,US,40.5,-107.58333333333333,0,0,0,0,0
CIH,Changzhi,,CN,36.2475,113.12583333333333,1,6626,5837,59,64
CII,Aydin,,TR,37.81638888888889,27.88722222222222,0,0,0,0,0
CIJ,Cobija,,BO,-11.040555555555555,-68.78305555555555,1,2270,1894,10,10
CIK,Chalkyitsik,AK,US,66.64416666666668,-143.74277777777777,1,0,0,6,6
CIL,Council,AK,US,64.9,-163.73333333333332,0,0,0,0,0
CIM,Cimitarra,,CO,6.483333333333333,-74.03333333333333,0,0,0,0,0
CIN,Carroll,IA,US,42.05,-94.78333333333333,0,0,0,0,0
CIO,Concepcion,,PY,-23.434444444444445,-57.41833333333333,0,0,0,0,0
CIP,Chipata,,ZM,-13.56,32.587500000000006,0,0,0,0,0
CIQ,Chiquimula,,GT,14.8,-89.55,0,0,0,0,0
CIR,Cairo,IL,US,37.06666666666667,-89.21666666666667,0,0,0,0,0
CIS,Canton Island,,KI,-2.8333333333333335,-171.66666666666666,0,0,0,0,0
CIT,Shymkent,,KZ,42.36416666666667,69.47888888888889,1,329405,382639,227,224
CIW,Canouan,,VC,12.699166666666667,-61.3425,1,0,0,14,12
CIX,Chiclayo,,PE,-6.7875,-79.82805555555555,1,92146,98567,1171,1364
CIY,Comiso,,IT,36.99472222222222,14.606944444444444,1,13290,14989,201,206
CIZ,Coari,AM,BR,-4.134166666666667,-63.1325,1,79,183,11,16
CJA,Cajamarca,,PE,-7.139166666666667,-78.48944444444444,1,37175,52376,679,655
CJB,Coimbatore,TN,IN,11.030000000000001,77.04333333333334,1,887751,843977,242,307
CJC,Calama,,CL,-22.498055555555556,-68.90805555555556,1,149594,234813,4187,3861
CJD,Candilejas,,CO,2.066666666666667,-74.58333333333333,0,0,0,0,0
CJF,Coondewanna,WA,AU,-22.965,118.8125,1,0,0,0,0
CJH,Chilko Lake,BC,CA,51.333333333333336,-124.08333333333333,0,0,0,0,0
CJJ,Cheongju,,KR,36.71666666666667,127.49916666666667,1,507857,327335,144,136
CJL,Chitral,,PK,35.88666666666666,71.80055555555555,0,41,117,0,0
CJM,Chumphon,,TH,10.711388888888887,99.36166666666666,1,0,1,3,3
CJN,Cijulang,,ID,-7.7205555555555545,108.49,0,0,0,0,0
CJS,Ciudad Juarez,,MX,31.63611111111111,-106.42861111111111,1,325894,249047,806,790
CJT,Comitan,,MX,16.166666666666668,-92.05,0,0,0,0,0
CJU,Jeju,,KR,33.50472222222222,126.49305555555556,1,3192403,4106922,1291,1367
CJZ,Cajazeiras,PB,BR,-6.882777777777778,-38.61833333333333,1,0,0,6,6
CKA,Cherokee,OK,US,36.744166666666665,-98.12333333333332,0,0,0,0,0
CKB,Clarksburg,WV,US,39.29666666666667,-80.22805555555556,1,9201,8287,62,59
CKC,Cherkassy,,UA,49.416666666666664,32.0,0,0,0,0,0
CKD,Crooked Creek,AK,US,61.86666666666667,-158.13333333333333,1,0,0,0,0
CKE,Lakeport,CA,US,39.03333333333333,-122.83333333333333,0,0,0,0,0
CKG,Chongqing,,CN,29.71944444444444,106.64194444444445,1,2513841,2737547,6884,7289
CKH,Chokurdakh,,RU,70.62444444444444,147.89666666666665,1,0,0,6,6
CKI,Croker Island,NT,AU,-11.083333333333334,132.5,0,0,0,0,0
CKK,Cherokee,AR,US,36.28333333333333,-91.5,0,0,0,0,0
CKL,Chkalovsky,,RU,55.86666666666667,38.051944444444445,0,0,0,0,0
CKM,Clarksdale,MS,US,34.2,-90.56666666666666,0,0,0,0,0
CKN,Crookston,MN,US,47.85,-96.61666666666666,0,0,0,0,0
CKO,Cornelio Procopio,PR,BR,-23.15222222222222,-50.602222222222224,0,0,0,0,0
CKR,Crane Island,WA,US,48.59805555555556,-122.99805555555555,0,0,0,0,0
CKS,Parauapebas,PA,BR,-6.1177777777777775,-50.00361111111111,1,10902,8733,86,77
CKT,Sarakhs,,IR,36.488055555555555,61.07,0,0,0,0,0
CKV,Clarksville,TN,US,36.61666666666667,-87.41666666666667,0,0,0,0,0
CKW,Christmas Creek Mine,WA,AU,-22.354166666666668,119.64250000000001,0,0,0,0,0
CKX,Chicken,AK,US,64.06638888888888,-141.95138888888889,1,0,0,1,1
CKY,Conakry,,GN,9.576944444444445,-13.611944444444443,1,406996,342524,410,326
CKZ,Canakkale,,TR,40.13777777777778,26.42666666666667,1,5906,9612,3,4
CLA,Comilla,,BD,23.433333333333334,91.18333333333334,0,0,0,0,0
CLE,Cleveland,OH,US,41.416666666666664,-81.85,1,2479908,1727057,11679,10639
CLG,Coalinga,CA,US,36.15,-120.35,0,0,0,0,0
CLH,Coolah,NS,AU,-31.833333333333332,149.7,0,0,0,0,0
CLI,Clintonville,WI,US,44.61666666666667,-88.76666666666667,0,0,0,0,0
CLJ,Cluj-Napoca,,RO,46.78527777777778,23.68611111111111,1,578730,556988,687,645
CLL,College Station,TX,US,30.58861111111111,-96.36388888888888,1,16293,15355,253,251
CLM,Port Angeles,WA,US,48.1175,-123.49583333333334,0,4,2,0,0
CLN,Carolina,MA,BR,-7.35,-47.43333333333333,0,0,0,0,0
CLO,Cali,,CO,3.543333333333333,-76.38166666666666,1,1564832,1532544,8488,7323
CLP,Clarks Point,AK,US,58.83361111111111,-158.52944444444447,1,0,0,0,0
CLQ,Colima,,MX,19.276944444444442,-103.5775,1,11160,17054,29,29
CLR,Calipatria,CA,US,33.13333333333333,-115.51666666666667,0,0,0,0,0
CLS,Chehalis,WA,US,46.68333333333333,-122.98333333333333,1,0,0,0,0
CLT,Charlotte,NC,US,35.21388888888889,-80.94305555555556,1,4253727,3229695,27401,26126
CLU,Columbus,IN,US,39.13333333333333,-85.93333333333334,0,0,0,0,0
CLV,Caldas Novas,GO,BR,-17.72472222222222,-48.61,1,3150,9377,86,94
CLX,Clorinda,FO,AR,-25.333333333333332,-57.666666666666664,0,0,0,0,0
CLY,Calvi,,FR,42.52027777777778,8.793055555555556,1,21879,35032,417,432
CLZ,Calabozo,,VE,8.933333333333334,-67.43333333333334,0,0,0,0,0
CMA,Cunnamulla,QL,AU,-28.029999999999998,145.62222222222223,1,100,118,3,3
CMB,Colombo,,LK,6.933333333333334,79.85,1,3129525,5772955,6435,6407
CMC,Camocim,CE,BR,-2.9,-40.833333333333336,0,0,0,0,0
CMD,Cootamundra,NS,AU,-34.63333333333333,148.05,0,0,0,0,0
CME,Ciudad Del Carmen,,MX,18.653333333333332,-91.80111111111111,1,18874,18813,354,148
CMF,Chambery/Aix-les-Bains,,FR,45.63916666666667,5.880000000000001,1,2215,5298,59,58
CMG,Corumba,MS,BR,-19.011944444444445,-57.67305555555555,1,2232,2325,16,8
CMH,Columbus,OH,US,40.0,-82.88333333333334,1,1534603,1139715,10198,9676
CMI,Champaign/Urbana,IL,US,40.03916666666667,-88.27805555555555,1,31947,23502,177,167
CMJ,Qimei,,TW,23.25,119.41666666666667,1,0,0,0,0
CMK,Club Makokola,,MW,-14.306666666666667,35.1325,0,0,0,0,0
CML,Camooweal,QL,AU,-19.916666666666668,138.13333333333333,0,0,0,0,0
CMM,Carmelita,,GT,17.5,-90.16666666666667,0,0,0,0,0
CMN,Casablanca,,MA,33.3675,-7.59,1,1189890,1626390,7341,7786
CMO,Obbia,,SO,5.366666666666666,48.516666666666666,0,0,0,0,0
CMP,Santana do Araguaia,PA,BR,-9.333333333333334,-50.333333333333336,0,0,0,0,0
CMQ,Clermont,QL,AU,-22.766666666666666,147.61666666666667,0,0,0,0,0
CMR,Colmar,,FR,48.11027777777778,7.359166666666666,0,0,0,0,0
CMS,Scusciuban,,SO,10.3,50.23305555555556,0,0,0,0,0
CMT,Cameta,PA,BR,-2.25,-49.5,0,0,0,0,0
CMU,Kundiawa,,PG,-6.023888888888889,144.97083333333333,0,0,0,0,0
CMV,Coromandel,,NZ,-36.75,175.5,0,0,0,0,0
CMW,Camaguey,,CU,21.42027777777778,-77.8475,1,2557,5792,36,27
CMX,Hancock,MI,US,47.16833333333333,-88.48916666666666,1,21351,33172,18,18
CMY,Sparta,WI,US,43.95,-90.78333333333333,0,0,0,0,0
CMZ,Caia,,MZ,-17.833333333333332,35.35,0,0,0,0,0
CNA,Cananea,,MX,31.065833333333334,-110.09694444444445,0,0,0,0,0
CNB,Coonamble,NS,AU,-30.983333333333334,148.38333333333333,0,0,0,0,0
CNC,Coconut Island,QL,AU,-10.050277777777778,143.07166666666666,1,1,9,182,188
CND,Constanta,,RO,44.36222222222222,28.488333333333333,1,20191,14841,16,16
CNE,Canon City,CO,US,38.416666666666664,-105.1,0,0,0,0,0
CNG,Cognac,,FR,45.65833333333333,-0.3175,0,0,0,0,0
CNH,Claremont,NH,US,43.36666666666667,-72.36666666666666,0,0,0,0,0
CNI,Changhai,,CN,39.266666666666666,122.51666666666667,0,0,0,0,0
CNJ,Cloncurry,QL,AU,-20.66861111111111,140.50444444444443,1,1209,1349,16,17
CNK,Concordia,KS,US,39.55,-97.65,0,0,0,0,0
CNL,Sindal,,DK,57.50361111111111,10.229444444444445,0,0,0,0,0
CNM,Carlsbad,NM,US,32.337500000000006,-104.26333333333334,1,1979,1861,15,17
CNN,Kannur,KL,IN,11.915833333333333,75.54583333333333,1,337,874,74,95
CNO,Chino,CA,US,34.016666666666666,-117.7,0,0,0,0,0
CNP,Neerlerit Inaat,,GL,70.74333333333334,-22.650555555555552,1,0,0,0,0
CNQ,Corrientes,CR,AR,-27.445555555555554,-58.761944444444445,1,15990,33365,124,167
CNR,Chanaral,,CL,-26.316666666666666,-70.61666666666666,0,0,0,0,0
CNS,Cairns,QL,AU,-16.878055555555555,145.74888888888887,1,1579440,1475208,3190,3193
CNT,Charata,CH,AR,-27.216666666666665,-61.21666666666667,0,0,0,0,0
CNU,Chanute,KS,US,37.68333333333333,-95.45,0,0,0,0,0
CNV,Canavieiras,BA,BR,-15.633333333333333,-38.86666666666667,0,0,0,0,0
CNX,Chiang Mai,,TH,18.77138888888889,98.96277777777777,1,5253722,6122481,1091,1125
CNY,Moab,UT,US,38.76083333333333,-109.7475,1,11680,14993,21,16
CNZ,Cangamba,,AO,-13.683333333333334,19.883333333333333,0,0,0,0,0
COA,Columbia,CA,US,38.03333333333333,-120.41666666666667,0,0,0,0,0
COB,Coolibah,NT,AU,-15.666666666666666,130.96666666666667,0,0,0,0,0
COC,Concordia,ER,AR,-31.3,-58.016666666666666,0,0,0,0,0
COD,Cody,WY,US,44.51777777777777,-109.0261111111111,1,12414,13222,20,22
COE,Coeur D'Alene,ID,US,47.766666666666666,-116.81666666666666,0,0,0,0,0
COF,Cocoa Beach,FL,US,28.233611111111113,-80.61027777777777,0,0,0,0,0
COG,Condoto,,CO,5.071944444444444,-76.67666666666668,0,0,0,0,0
COH,Cooch Behar,WB,IN,26.333333333333332,89.46666666666667,1,0,0,1,1
COI,Merritt Island,FL,US,28.341666666666665,-80.68555555555555,0,0,0,0,0
COJ,Coonabarabran,NS,AU,-31.333333333333332,149.26666666666668,0,0,0,0,0
COK,Cochin,KL,IN,10.151944444444444,76.40194444444445,1,4297344,5420981,1615,1375
COL,Coll,,GB,56.60194444444445,-6.617777777777778,1,0,0,4,4
COM,Coleman,TX,US,31.833333333333332,-99.43333333333334,0,0,0,0,0
CON,Concord,NH,US,43.20277777777778,-71.50222222222222,0,0,0,0,0
COO,Cotonou,,BJ,6.357222222222222,2.3844444444444446,1,226958,244952,522,496
COP,Cooperstown,NY,US,42.7,-74.93333333333334,0,0,0,0,0
COQ,Choibalsan,,MN,48.135555555555555,114.6463888888889,1,0,0,0,0
COR,Cordoba,CD,AR,-31.310000000000002,-64.20833333333334,1,565981,531293,1577,1563
COS,Colorado Springs,CO,US,38.81666666666667,-104.71666666666667,1,235894,273309,2362,2526
COT,Cotulla,TX,US,28.433333333333334,-99.23333333333333,0,0,0,0,0
COU,Columbia,MO,US,38.81805555555556,-92.21972222222223,1,41269,33869,276,318
COV,Mersin,,TR,36.891666666666666,35.07138888888889,0,0,0,0,0
COW,Coquimbo,,CL,-30.199166666666667,-71.2325,0,0,0,0,0
COY,Coolawanyah Station,WA,AU,-21.8,117.76666666666667,0,0,0,0,0
COZ,Constanza,,DO,18.9,-70.71666666666667,0,0,0,0,0
CPA,Harper,,LR,4.383333333333334,-7.7,0,0,0,0,0
CPB,Capurgana,,CO,8.633333333333333,-77.33333333333333,0,0,0,0,0
CPC,San Martin los Andes,NE,AR,-40.07527777777778,-71.13722222222223,1,14081,55271,192,292
CPD,Coober Pedy,SA,AU,-29.040277777777778,134.72,1,171,228,1,1
CPE,Campeche,,MX,19.816666666666666,-90.50027777777778,1,16259,21897,231,163
CPF,Cepu,,ID,-7.183333333333334,111.53333333333333,0,0,0,0,0
CPG,Carmen De Patagones,BA,AR,-40.8,-62.983333333333334,0,0,0,0,0
CPH,Copenhagen,,DK,55.61666666666667,12.65,1,11235232,9798708,34826,34439
CPI,Cape Orford,,PG,-5.433333333333334,152.08333333333334,0,0,0,0,0
CPL,Chaparral,,CO,3.7,-75.75,0,0,0,0,0
CPM,Compton,CA,US,33.9,-118.21666666666667,0,0,0,0,0
CPN,Cape Rodney,,PG,-10.183333333333334,148.36666666666667,0,0,0,0,0
CPO,Copiapo,,CL,-27.261666666666667,-70.77916666666667,1,44658,53681,1120,1044
CPP,Pica,,CL,-20.751944444444444,-68.6825,0,0,0,0,0
CPR,Casper,WY,US,42.908055555555556,-106.46444444444445,1,25659,24479,89,89
CPT,Cape Town,,ZA,-33.96472222222223,18.601666666666667,1,1450720,2361482,3468,3554
CPU,Cururupu,MA,BR,-1.8,-44.86666666666667,0,0,0,0,0
CPV,Campina Grande,PB,BR,-7.27,-35.896388888888886,1,75222,43244,303,285
CPX,Culebra,,PR,18.3125,-65.30305555555556,1,2859,5727,60,59
CQA,Canarana,MT,BR,-13.572777777777777,-52.269444444444446,0,0,0,0,0
CQD,Shahre Kord,,IR,32.29833333333333,50.84055555555556,1,0,0,4,4
CQF,Calais/Dunkerque,,FR,50.96222222222222,1.9552777777777774,0,0,0,0,0
CQM,Ciudad Real,,ES,38.85722222222223,-3.971388888888889,0,0,0,0,0
CQP,Cape Flattery,QL,AU,-18.2,147.5,0,0,0,0,0
CQS,Costa Marques,RO,BR,-12.416666666666666,-64.33333333333333,0,0,0,0,0
CQT,Caquetania,,CO,2.033333333333333,-74.21666666666667,0,0,0,0,0
CQW,Wulong,,CN,29.464166666666667,107.69333333333334,1,37,320,19,19
CRA,Craiova,,RO,44.31805555555556,23.88861111111111,1,0,0,41,44
CRB,Collarenebri,NS,AU,-29.52583333333333,148.57583333333332,0,0,0,0,0
CRC,Cartago,,CO,4.758333333333334,-75.9563888888889,0,6,25,0,0
CRD,Comodoro Rivadavia,CB,AR,-45.78527777777778,-67.46555555555555,1,39804,51369,359,340
CRF,Carnot,,CF,4.933333333333334,15.9,0,0,0,0,0
CRH,Cherrabah,QL,AU,-27.65,151.95,0,0,0,0,0
CRI,Crooked Island,,BS,22.745555555555555,-74.18222222222222,1,43,85,17,18
CRJ,Coorabie,SA,AU,-31.9,132.3,0,0,0,0,0
CRK,Angeles/Mabalacat,,PH,15.186111111111112,120.56027777777777,1,1219941,1502672,238,264
CRM,Catarman,,PH,12.5025,124.63583333333334,1,7874,12323,4,4
CRO,Corcoran,CA,US,36.1,-119.55,0,0,0,0,0
CRP,Corpus Christi,TX,US,27.766666666666666,-97.5,1,82868,75410,1417,1195
CRQ,Caravelas,BA,BR,-17.65,-39.25,0,0,0,0,0
CRR,Ceres,SF,AR,-29.866666666666667,-61.833333333333336,0,0,0,0,0
CRS,Corsicana,TX,US,32.1,-96.46666666666667,0,0,0,0,0
CRT,Crossett,AR,US,33.13333333333333,-91.96666666666667,0,0,0,0,0
CRU,Carriacou,,GD,12.476666666666667,-61.471944444444446,1,0,0,5,5
CRV,Crotone,,IT,38.99916666666667,17.079722222222223,1,26,6,48,46
CRW,Charleston,WV,US,38.37305555555555,-81.59305555555555,1,76922,63684,702,493
CRX,Corinth,MS,US,34.91444444444444,-88.60333333333332,0,1,0,0,0
CRY,Carlton Hill,WA,AU,-15.7,128.5,0,0,0,0,0
CRZ,Turkmenabat,,TM,39.083333333333336,63.61194444444445,1,0,0,17,17
CSA,Colonsay,,GB,56.05777777777777,-6.243055555555555,1,1,1,4,5
CSB,Caransebes,,RO,45.416666666666664,22.25,0,0,0,0,0
CSC,Canas,,CR,10.416666666666666,-85.11666666666666,0,0,0,0,0
CSD,Cresswell Downs,NT,AU,-17.966666666666665,135.91666666666666,0,0,0,0,0
CSE,Crested Butte,CO,US,38.86666666666667,-106.98333333333333,0,0,8,0,0
CSF,Creil,,FR,49.25361111111111,2.5191666666666666,0,0,0,0,0
CSG,Columbus,GA,US,32.516666666666666,-84.95,1,29725,27169,292,201
CSH,Solovetsky,,RU,65.02944444444444,35.733333333333334,0,0,0,0,0
CSI,Casino,NS,AU,-28.883333333333333,153.06666666666666,0,0,0,0,0
CSK,Cap Skiring,,SN,12.39472222222222,-16.747500000000002,1,8084,12497,25,30
CSL,Camp San Luis Obispo,CA,US,35.32611111111112,-120.74333333333334,0,545,401,0,0
CSM,Clinton,OK,US,35.516666666666666,-98.98333333333333,1,0,0,0,0
CSN,Carson City,NV,US,39.2,-119.73333333333333,0,0,0,0,0
CSO,Magdeburg,,DE,51.85583333333334,11.418055555555554,0,0,0,0,0
CSQ,Creston,IA,US,41.06666666666667,-94.36666666666666,0,0,0,0,0
CSR,Casuarito,,CO,5.833333333333333,-68.13333333333334,0,0,0,0,0
CSS,Cassilandia,MS,BR,-19.15,-51.75,0,0,0,0,0
CST,Castaway Island,,FJ,-17.619444444444444,177.12222222222223,0,0,0,0,0
CSU,Santa Cruz Do Sul,RS,BR,-29.683333333333334,-52.416666666666664,1,41,89,4,4
CSV,Crossville,TN,US,35.95,-85.08333333333333,0,0,0,0,0
CSX,Changsha,,CN,28.19361111111111,113.21777777777778,1,1601107,1861604,3504,3505
CSY,Cheboksary,,RU,56.09027777777778,47.34722222222222,1,0,0,5,5
CSZ,Coronel Suarez,BA,AR,-37.44638888888888,-61.88944444444444,0,0,0,0,0
CTA,Catania,,IT,37.46666666666667,15.06388888888889,1,2642694,2095535,7306,7108
CTB,Cut Bank,MT,US,48.63333333333333,-112.33333333333333,0,0,0,0,0
CTC,Catamarca,CA,AR,-28.593055555555555,-65.75111111111111,1,6750,8852,66,72
CTD,Chitre,,PA,7.9880555555555555,-80.41000000000001,1,0,0,2,2
CTE,Carti,,PA,9.316666666666666,-79.1,0,0,0,0,0
CTF,Coatepeque,,GT,14.694444444444445,-91.8825,0,0,0,0,0
CTG,Cartagena,,CO,10.4425,-75.51305555555555,1,1400910,2022924,7886,7602
CTH,Coatesville,PA,US,39.96666666666667,-75.81666666666666,0,0,0,0,0
CTI,Cuito Cuanavale,,AO,-15.166666666666666,19.166666666666668,0,0,0,0,0
CTK,Canton,SD,US,43.3,-96.58333333333333,0,0,0,0,0
CTL,Charleville,QL,AU,-26.41333333333333,146.2625,1,930,1137,11,9
CTM,Chetumal,,MX,18.504722222222224,-88.32694444444444,1,43650,66300,321,178
CTN,Cooktown,QL,AU,-15.443611111111112,145.18277777777777,1,0,0,4,4
CTO,Calverton,NY,US,40.916666666666664,-72.75,0,0,0,0,0
CTP,Carutapera,MA,BR,-1.25,-46.016666666666666,0,0,0,0,0
CTQ,Santa Vitoria Palmar,RS,BR,-33.50222222222222,-53.34444444444445,0,0,0,0,0
CTR,Cattle Creek,NT,AU,-17.583333333333332,131.0,0,0,0,0,0
CTT,Le Castellet,,FR,43.25222222222222,5.786111111111111,0,0,0,0,0
CTU,Chengdu,,CN,30.578611111111112,103.94722222222222,1,5983859,6209498,5076,5163
CTV,Saurimo Catoca,,AO,-9.4325,20.311944444444446,0,0,0,0,0
CTW,Cottonwood,AZ,US,34.73027777777778,-112.03527777777778,0,0,0,0,0
CTX,Cortland,NY,US,42.593333333333334,-76.21416666666667,0,0,0,0,0
CTY,Cross City,FL,US,29.65,-83.11666666666666,0,0,0,0,0
CTZ,Clinton,NC,US,35.0,-78.33333333333333,0,0,0,0,0
CUA,Ciudad Constitucion,,MX,25.05,-111.65,0,0,0,0,0
CUC,Cucuta,,CO,7.9275,-72.51166666666667,1,379484,373317,1488,1334
CUD,Caloundra,QL,AU,-26.8,153.15,0,0,0,0,0
CUE,Cuenca,,EC,-2.8894444444444445,-78.98444444444445,1,129127,151970,845,1137
CUF,Cuneo,,IT,44.5475,7.623055555555556,1,1621,1783,19,19
CUG,Cudal,NS,AU,-33.266666666666666,148.76666666666668,0,0,0,0,0
CUH,Cushing,OK,US,35.983333333333334,-96.76666666666667,0,0,0,0,0
CUI,Currillo,,CO,4.666666666666667,-72.0,0,0,0,0,0
CUJ,Culion,,PH,11.883333333333333,120.01666666666667,0,0,0,0,0
CUK,Caye Caulker,,BZ,17.735277777777778,-88.0325,1,6531,5715,4444,4176
CUL,Culiacan,,MX,24.764444444444443,-107.47472222222223,1,207609,211767,725,689
CUM,Cumana,,VE,10.450277777777776,-64.13055555555555,1,0,1,2,2
CUN,Cancun,,MX,21.03666666666667,-86.87722222222222,1,6580365,10160972,12134,10382
CUO,Caruru,,CO,1.0333333333333334,-71.23333333333333,0,0,0,0,0
CUP,Carupano,,VE,10.66,-63.26166666666666,0,0,0,0,0
CUQ,Coen,QL,AU,-13.762777777777778,143.11694444444444,1,0,0,4,4
CUR,Curacao,,CW,12.18888888888889,-68.95972222222223,1,276727,451758,1938,1989
CUS,Columbus,NM,US,31.833333333333332,-107.63333333333334,0,0,0,0,0
CUT,Cutral-Co,NE,AR,-38.96666666666667,-69.25,0,0,0,0,0
CUU,Chihuahua,,MX,28.702777777777776,-105.96444444444445,1,322152,237754,1219,1172
CUV,Casigua El Cubo,,VE,8.766666666666667,-72.55,0,0,0,0,0
CUY,Cue,WA,AU,-27.45,117.91666666666667,0,0,0,0,0
CUZ,Cuzco,,PE,-13.535833333333333,-71.9388888888889,1,497359,730436,4002,3628
CVB,Chungribu,,PG,-4.8,144.7,0,0,0,0,0
CVC,Cleve,SA,AU,-33.7,136.5,0,0,0,0,0
CVE,Covenas,,CO,9.4,-75.73333333333333,0,0,0,0,0
CVF,Courchevel,,FR,45.395833333333336,6.6325,0,0,0,0,0
CVG,Cincinnati,OH,US,39.15,-84.45,1,1751442,1303275,11975,11475
CVH,Caviahue,NE,AR,-37.916666666666664,-71.01388888888889,0,0,0,0,0
CVI,Caleta Olivia,SC,AR,-46.43333333333333,-67.51666666666667,0,0,0,0,0
CVJ,Cuernavaca,,MX,18.835833333333333,-99.2611111111111,0,12,48,0,0
CVL,Cape Vogel,,PG,-9.7,150.05,0,0,0,0,0
CVM,Ciudad Victoria,,MX,23.703333333333333,-98.9563888888889,1,4472,5050,5,5
CVN,Clovis,NM,US,34.416666666666664,-103.08333333333333,1,5169,4178,8,12
CVO,Corvallis/Albany,OR,US,44.5,-123.28333333333333,0,53,21,0,0
CVQ,Carnarvon,WA,AU,-24.884722222222223,113.66638888888889,1,1134,1424,5,9
CVT,Coventry,,GB,52.36972222222222,-1.4797222222222224,1,3792,3818,0,0
CVU,Corvo Island,,PT,39.671388888888885,-31.113611111111112,1,1125,2497,64,74
CWB,Curitiba,PR,BR,-25.4,-49.25,1,1672293,1293133,4983,4447
CWC,Chernivtsi,,UA,48.25944444444445,25.980277777777776,0,0,0,0,0
CWF,Lake Charles,LA,US,30.210833333333333,-93.14305555555556,0,0,0,0,0
CWI,Clinton,IA,US,41.833333333333336,-90.35,0,0,0,0,0
CWJ,Cangyuan,,CN,23.27611111111111,99.37333333333332,1,45,102,56,57
CWL,Cardiff,,GB,51.39666666666667,-3.3433333333333333,1,216327,119365,332,304
CWR,Cowarie,SA,AU,-27.716666666666665,138.33333333333334,0,0,0,0,0
CWS,Center Island,WA,US,47.485,-122.83138888888888,0,0,0,0,0
CWT,Cowra,NS,AU,-33.85,148.65,0,0,0,0,0
CWW,Corowa,NS,AU,-35.983333333333334,146.35,0,0,0,0,0
CWX,Willcox,AZ,US,32.24527777777778,-109.89444444444445,0,0,0,0,0
CXA,Caicara de Orinoco,,VE,7.533333333333333,-66.15,0,0,0,0,0
CXB,Cox's Bazar,,BD,21.452222222222222,91.96388888888889,1,67759,67729,59,57
CXC,Chitina,AK,US,61.56666666666667,-144.41666666666666,0,0,0,0,0
CXF,Coldfoot,AK,US,67.25166666666667,-150.20416666666665,0,0,0,0,0
CXI,Kiritimati,,KI,1.986388888888889,-157.35416666666666,1,1011,2431,46,46
CXJ,Caxias do Sul,RS,BR,-29.196944444444444,-51.1875,1,110968,84917,146,133
CXL,Calexico,CA,US,32.666666666666664,-115.51666666666667,0,0,0,0,0
CXN,Candala,,SO,11.494166666666667,49.90861111111111,0,0,0,0,0
CXP,Cilacap,,ID,-7.7333333333333325,109.0,0,0,0,0,0
CXQ,Christmas Creek Stn,WA,AU,-18.878333333333334,125.92888888888889,0,0,0,0,0
CXT,Charters Towers,QL,AU,-20.05,146.26666666666668,0,0,0,0,0
CXY,Cat Cay,,BS,25.555,-79.27555555555556,1,0,0,1,1
CYA,Les Cayes,,HT,18.266666666666666,-73.78333333333333,1,584,1383,26,28
CYB,Cayman Brac,,KY,19.686944444444446,-79.88277777777778,1,2191,4890,30,32
CYC,Caye Chapel,,BZ,17.683611111111112,-88.045,1,0,0,3,3
CYD,San Ignacio,,BZ,17.105,-89.10694444444444,0,0,0,0,0
CYF,Chefornak,AK,US,60.15972222222222,-164.27472222222224,1,0,0,2,2
CYG,Corryong,VI,AU,-36.25,147.9,0,0,0,0,0
CYI,Chiayi,,TW,23.46333333333333,120.39055555555557,1,21045,6769,21,20
CYL,Coyoles,,HN,15.483333333333333,-86.68333333333334,0,0,0,0,0
CYM,Chatham,AK,US,57.5,-134.75,0,0,0,0,0
CYO,Cayo Largo del Sur,,CU,21.616388888888892,-81.5461111111111,1,6,58,35,17
CYP,Calbayog,,PH,12.072777777777777,124.545,1,6216,9511,11,11
CYR,Colonia,,UY,-34.45666666666667,-57.770833333333336,0,0,0,0,0
CYS,Cheyenne,WY,US,41.15,-104.8,1,17060,16954,16,19
CYT,Yakataga,AK,US,60.083333333333336,-142.48333333333332,0,0,0,0,0
CYU,Cuyo,,PH,10.858611111111111,121.06972222222223,0,0,0,0,0
CYW,Celaya,,MX,20.546111111111113,-100.88666666666667,0,0,0,0,0
CYX,Chersky,,RU,68.74166666666667,161.3375,1,0,0,3,2
CYZ,Cauayan,,PH,16.92888888888889,121.75527777777778,1,0,0,7,5
CZA,Chichen-Itza,,MX,20.666666666666668,-88.56666666666666,0,0,0,0,0
CZB,Cruz Alta,RS,BR,-28.633333333333333,-53.5,0,0,0,0,0
CZC,Copper Center,AK,US,61.96666666666667,-145.31666666666666,0,0,0,0,0
CZE,Coro,,VE,11.415000000000001,-69.68166666666667,0,0,0,0,0
CZF,Cape Romanzof,AK,US,61.733333333333334,-166.0,0,0,0,0,0
CZH,Corozal,,BZ,18.3825,-88.41083333333334,1,363,385,631,538
CZJ,Corazon de Jesus,,PA,9.444444444444445,-78.58527777777778,0,0,0,0,0
CZK,Cascade Locks,OR,US,45.666666666666664,-121.9,0,0,0,0,0
CZL,Constantine,,DZ,36.27611111111111,6.620277777777778,1,88990,122202,284,294
CZM,Cozumel,,MX,20.521666666666665,-86.93694444444445,1,143330,210103,492,470
CZN,Chisana,AK,US,62.07361111111111,-142.0511111111111,1,0,0,1,1
CZO,Chistochina,AK,US,62.56666666666667,-144.66666666666666,0,0,0,0,0
CZP,Cape Pole,AK,US,55.96666666666667,-133.78333333333333,0,0,0,0,0
CZS,Cruzeiro Do Sul,AC,BR,-7.6,-72.76944444444445,1,3771,4041,13,12
CZT,Carrizo Springs,TX,US,28.516666666666666,-99.86666666666666,0,0,0,0,0
CZU,Corozal,,CO,9.332777777777778,-75.28555555555555,1,0,2,18,18
CZW,Czestochowa,,PL,50.81666666666667,19.1,0,0,0,0,0
CZX,Changzhou,,CN,31.919444444444444,119.77833333333334,1,227051,202904,777,755
CZY,Cluny,QL,AU,-24.5,139.5,0,0,0,0,0
DAA,Fort Belvoir,VA,US,38.71472222222223,-77.18055555555556,0,0,0,0,0
DAB,Daytona Beach,FL,US,29.18,-81.05805555555555,1,102164,128693,861,710
DAC,Dhaka,,BD,23.843333333333334,90.39777777777779,1,4602750,4540638,2777,2532
DAD,Da Nang,,VN,16.04388888888889,108.19944444444445,1,3617804,4379485,4917,4795
DAF,Daup,,PG,-4.7333333333333325,144.95,0,0,0,0,0
DAG,Daggett,CA,US,34.85,-116.78333333333333,0,0,0,0,0
DAH,Dathina,,YE,13.866666666666667,46.13333333333333,0,0,0,0,0
DAJ,Dauan Island,QL,AU,-9.433333333333334,142.51666666666668,0,0,0,0,0
DAK,Dakhla Oasis,,EG,25.416666666666668,29.0,0,0,0,0,0
DAM,Damascus,,SY,33.410555555555554,36.51416666666667,1,621,770,56,56
DAN,Danville,VA,US,36.56888888888889,-79.33944444444444,0,0,0,0,0
DAO,Dabo,,PG,-8.433333333333334,147.84944444444446,0,0,0,0,0
DAP,Darchula,,NP,29.666666666666668,80.5,0,0,0,0,0
DAR,Dar es Salaam,,TZ,-6.878055555555556,39.2025,1,1147430,1422166,2287,2509
DAS,Great Bear Lake,NT,CA,66.70277777777778,-119.71388888888889,0,0,0,0,0
DAT,Datong,,CN,39.71888888888889,113.14611111111111,1,7707,7205,161,158
DAU,Daru,,PG,-9.086666666666668,143.20805555555555,1,499,721,11,12
DAV,David,,PA,8.39111111111111,-82.435,1,20460,28842,387,554
DAX,Dazhou,,CN,31.131944444444446,107.43055555555556,0,0,0,0,0
DAY,Dayton,OH,US,39.75,-84.18333333333334,1,250093,221715,1799,1643
DAZ,Darwaz,,AF,38.46666666666667,70.88333333333334,0,0,0,0,0
DBA,Dalbandin,,PK,28.875555555555557,64.4038888888889,0,0,0,0,0
DBB,Dabah,,EG,30.924444444444447,28.461388888888887,0,0,0,0,0
DBC,Baicheng,,CN,45.505,123.01888888888888,1,36,42,33,31
DBD,Dhanbad,JH,IN,23.8,86.45,0,0,0,0,0
DBK,Dutch Bay SPB,,LK,8.273888888888889,79.76527777777778,0,0,0,0,0
DBM,Debre Marcos,,ET,10.333333333333334,37.766666666666666,0,0,0,0,0
DBN,Dublin,GA,US,32.55,-82.98333333333333,0,0,0,0,0
DBO,Dubbo,NS,AU,-32.21888888888889,148.57555555555555,1,63901,65786,183,151
DBP,Debepare,,PG,-6.283333333333333,141.9,0,0,0,0,0
DBQ,Dubuque,IA,US,42.401944444444446,-90.70944444444444,1,36,37,2,2
DBR,Bihar,BR,IN,26.19361111111111,85.91694444444445,1,20425,40341,56,56
DBS,Dubois,ID,US,44.166666666666664,-112.23333333333333,0,0,0,0,0
DBT,Debre Tabor,,ET,11.966666666666667,38.0,0,0,0,0,0
DBU,Dambulla,,LK,7.865833333333333,80.62722222222222,0,0,0,0,0
DBV,Dubrovnik,,HR,42.561388888888885,18.26833333333333,1,302332,361314,3235,3528
DBY,Dalby,QL,AU,-27.25,151.16666666666666,0,0,0,0,0
DCG,Dubai Creek SPB,,AE,25.242222222222225,55.33166666666667,0,14,19,0,0
DCI,Decimomannu,,IT,39.35416666666667,8.9725,0,0,0,0,0
DCK,Dahl Creek,AK,US,66.93333333333334,-156.9,0,0,0,0,0
DCM,Castres,,FR,43.555,2.2905555555555552,1,8605,7626,56,17
DCN,Derby,WA,AU,-17.58138888888889,123.82833333333333,0,0,0,0,0
DCP,Cabin Plant,BC,CA,59.23361111111111,-121.6913888888889,0,0,0,0,0
DCT,Duncan Town,,BS,22.183333333333334,-75.73333333333333,0,0,0,0,0
DCU,Decatur,AL,US,34.65,-86.95,0,0,0,0,0
DCY,Daocheng,,CN,29.316666666666666,100.06,1,562,1247,31,25
DDC,Dodge City,KS,US,37.76027777777778,-99.96416666666667,1,5464,5403,28,29
DDD,Kudahuvadhoo,,MV,2.665277777777778,72.89027777777778,1,0,0,5,5
DDG,Dandong,,CN,40.025555555555556,124.28694444444444,1,6705,10737,136,139
DDI,Daydream Island,QL,AU,-20.166666666666668,148.18333333333334,0,0,0,0,0
DDM,Dodoima,,PG,-8.75,147.45,0,0,0,0,0
DDN,Delta Downs,QL,AU,-16.916666666666668,141.3,0,0,0,0,0
DDR,Xigaze,,CN,28.604722222222225,86.79805555555555,1,0,0,8,4
DDU,Dadu,,PK,26.738055555555558,67.66722222222222,0,0,0,0,0
DEA,Dera Ghazi Khan,,PK,29.960555555555555,70.48527777777778,0,0,0,0,0
DEB,Debrecen,,HU,47.48888888888889,21.61527777777778,1,17518,19851,40,41
DEC,Decatur,IL,US,39.83444444444444,-88.86555555555555,1,12068,11075,34,33
DED,Dehra Dun,UT,IN,30.189722222222223,78.18027777777779,1,437524,541530,70,59
DEE,Yuzhno-Kurilsk,,RU,43.96138888888889,145.68555555555557,1,0,0,9,9
DEF,Dezful,,IR,32.44277777777778,48.388333333333335,1,0,0,11,11
DEH,Decorah,IA,US,43.31666666666667,-91.83333333333333,0,0,0,0,0
DEI,Denis Island,,SC,-3.8,55.666666666666664,0,0,0,0,0
DEL,Delhi,DL,IN,28.56638888888889,77.10305555555556,1,26379193,28546515,11335,10643
DEM,Dembi Dolo,,ET,8.554722222222223,34.8575,0,0,0,0,0
DEN,Denver,CO,US,39.86388888888889,-104.66666666666667,1,7583317,6916604,43181,45701
DEO,Dearborn,MI,US,42.312777777777775,-83.21888888888888,0,0,0,0,0
DEP,Deparijo,AR,IN,27.985555555555557,94.22305555555556,0,0,0,0,0
DEQ,Huzhou,,CN,30.504166666666666,120.10722222222222,0,0,0,0,0
DER,Derim,,PG,-6.1,146.81666666666666,0,0,0,0,0
DES,Desroches Island,,SC,-5.696944444444445,53.655833333333334,0,0,0,0,0
DEX,Yahukimo,,ID,-4.855277777777777,139.48388888888888,1,0,0,3,2
DEZ,Deir ez Zor,,SY,35.28333333333333,40.166666666666664,0,0,0,0,0
DFA,Shangluo,,CN,33.70777777777778,110.25138888888888,0,0,0,0,0
DFI,Defiance,OH,US,41.28333333333333,-84.36666666666666,0,0,0,0,0
DFP,Drumduff,QL,AU,-16.0,143.03333333333333,0,0,0,0,0
DFW,Dallas,TX,US,32.766666666666666,-96.78333333333333,1,9036138,8477602,101748,103450
DGA,Dangriga,,BZ,16.982499999999998,-88.23111111111112,1,4448,4585,5840,7249
DGC,Degeh Bur,,ET,8.233333333333333,43.583333333333336,0,0,0,0,0
DGD,Dalgaranga Gold Mine,WA,AU,-27.830555555555556,117.31388888888888,0,0,0,0,0
DGE,Mudgee,NS,AU,-32.565,149.60944444444445,1,324,338,24,25
DGF,Douglas Lake,BC,CA,50.166666666666664,-120.18333333333334,0,0,0,0,0
DGG,Daugo,,PG,-9.516666666666667,147.05,0,0,0,0,0
DGH,Deoghar,JH,IN,24.446944444444444,86.70611111111111,1,0,0,18,18
DGK,Dugong Beach Lodge,,MZ,-22.177222222222223,35.42361111111111,0,0,0,0,0
DGM,Dandugama,,LK,7.108333333333333,79.86999999999999,1,3,7,0,0
DGN,Dahlgren,VA,US,38.333333333333336,-77.05,0,0,0,0,0
DGO,Durango,,MX,24.124166666666667,-104.52805555555555,1,89263,111382,479,837
DGP,Daugavpils,,LV,55.94499999999999,26.6675,0,0,0,0,0
DGR,Dargaville,,NZ,-35.93333333333333,173.86666666666667,0,0,0,0,0
DGT,Dumaguete,,PH,9.334444444444445,123.3,1,246552,226052,74,75
DGU,Dedougou,,BF,12.466666666666667,-3.4833333333333334,0,0,0,0,0
DGW,Douglas,WY,US,42.75,-105.4,0,0,0,0,0
DHA,Dhahran,,SA,26.26527777777778,50.151944444444446,0,0,0,0,0
DHB,Deer Harbor,WA,US,48.62083333333334,-123.00305555555556,0,0,0,0,0
DHD,Durham Downs,QL,AU,-27.066666666666666,141.91666666666666,0,0,0,0,0
DHG,Dalnegorsk,,RU,44.558055555555555,135.4908333333333,1,0,0,3,3
DHI,Dhangarhi,,NP,28.754722222222224,80.5825,1,701,850,7,7
DHL,Dhala,,YE,13.737499999999999,44.72916666666667,0,0,0,0,0
DHM,Dharamsala,HP,IN,32.165277777777774,76.26055555555556,1,6935,21915,20,21
DHN,Dothan,AL,US,31.32138888888889,-85.44972222222222,1,17938,16131,364,293
DHO,Horn River,BC,CA,59.46083333333333,-122.25777777777778,0,0,0,0,0
DHR,Den Helder,,NL,52.92444444444444,4.780833333333334,0,0,0,0,0
DHT,Dalhart,TX,US,36.05,-102.5,0,0,0,0,0
DHX,Kediri,,ID,-7.760833333333333,111.95083333333334,0,0,0,0,0
DIA,Doha,,QA,25.2625,51.56472222222222,0,871,1359,0,0
DIB,Dibrugarh,AS,IN,27.483333333333334,95.01666666666667,1,237826,261303,48,52
DIE,Antsiranana,,MG,-12.349444444444446,49.291666666666664,1,897,1819,119,119
DIG,Deqen,,CN,27.791666666666668,99.67805555555556,1,3388,5464,72,78
DIJ,Dijon,,FR,47.276666666666664,5.093611111111111,0,0,0,0,0
DIK,Dickinson,ND,US,46.8,-102.8,1,9266,8801,19,24
DIL,Dili,,TL,-8.546666666666667,125.52472222222222,1,47179,32595,16,15
DIM,Dimbokro,,CI,6.65,-4.7,0,0,0,0,0
DIN,Dien Bien Phu,,VN,21.4,103.00444444444445,1,0,0,48,61
DIO,Diomede,AK,US,65.75861111111111,-168.95333333333332,0,0,0,0,0
DIP,Diapaga,,BF,12.05,1.7833333333333332,0,0,0,0,0
DIQ,Divinopolis,MG,BR,-20.180833333333336,-44.87111111111111,0,0,0,0,0
DIR,Dire Dawa,,ET,9.624722222222223,41.85416666666667,1,12161,12701,24,23
DIS,Dolisie,,CG,-4.2058333333333335,12.659444444444444,0,0,0,0,0
DIU,Diu,DD,IN,20.71388888888889,70.92166666666667,1,0,0,12,13
DIV,Divo,,CI,5.833333333333333,-5.366666666666666,0,0,0,0,0
DIW,Dicwella SPB,,LK,5.990833333333334,80.73333333333333,0,0,0,0,0
DIY,Diyarbakir,,TR,37.89388888888889,40.20111111111111,1,81729,99605,996,842
DJA,Djougou,,BJ,9.7,1.6666666666666665,0,0,0,0,0
DJB,Jambi,,ID,-1.6380555555555556,103.64444444444445,1,66172,79749,147,119
DJE,Djerba,,TN,33.875,10.775555555555556,1,59199,103328,771,711
DJG,Djanet,,DZ,24.29277777777778,9.452499999999999,1,5000,7118,49,45
DJH,Dubai Jebel Ali SPB,,AE,25.001944444444444,55.024166666666666,0,0,2,0,0
DJJ,Jayapura,,ID,-2.576944444444444,140.51638888888888,1,92773,77127,388,416
DJM,Djambala,,CG,-2.533333333333333,14.75,0,0,0,0,0
DJN,Delta Junction,AK,US,64.05055555555555,-145.72555555555556,1,0,0,2,2
DJO,Daloa,,CI,6.793055555555555,-6.473055555555556,0,0,0,0,0
DJU,Djupivogur,,IS,64.64416666666668,-14.28277777777778,0,0,0,0,0
DKA,Katsina,,NG,13.005277777777778,7.658611111111111,1,0,0,2,2
DKI,Dunk Island,QL,AU,-17.939166666666665,146.14138888888888,0,0,0,0,0
DKK,Dunkirk,NY,US,42.483333333333334,-79.33333333333333,0,0,0,0,0
DKL,Kiwigana Lodge,BC,CA,59.24027777777778,-122.92333333333333,0,0,0,0,0
DKR,Dakar,,SN,14.692777777777778,-17.446666666666665,1,680385,1134021,1196,1169
DKS,Dikson,,RU,73.51777777777778,80.37694444444443,1,0,0,5,6
DKV,Docker River,NT,AU,-24.866666666666667,129.11666666666667,0,0,0,0,0
DLA,Douala,,CM,4.006111111111111,9.719444444444445,1,312636,522106,658,601
DLB,D'Albertis,,PG,-5.0,142.08333333333334,0,0,0,0,0
DLC,Dalian,,CN,38.96555555555556,121.53861111111111,1,2809314,2166336,3167,3180
DLE,Dole,,FR,47.04277777777778,5.4350000000000005,1,0,1,23,22
DLG,Dillingham,AK,US,59.04472222222222,-158.50555555555556,1,719,814,42,17
DLH,Duluth,MN,US,46.842222222222226,-92.19361111111111,1,49495,40919,518,588
DLI,Dalat,,VN,11.75,108.36666666666666,1,317246,438919,896,901
DLK,Dulkaninna,SA,AU,-29.016666666666666,139.46666666666667,0,0,0,0,0
DLL,Dillon,SC,US,34.416666666666664,-79.36666666666666,0,0,0,0,0
DLM,Dalaman,,TR,36.713055555555556,28.7925,1,700565,654522,4300,4394
DLN,Dillon,MT,US,45.25527777777778,-112.5525,0,0,0,0,0
DLR,Dalnerechensk,,RU,45.8775,133.73527777777775,0,0,0,0,0
DLS,The Dalles,OR,US,45.6,-121.16666666666667,0,0,0,0,0
DLU,Dali,,CN,25.650277777777777,100.31944444444444,1,16937,41922,333,354
DLV,Delissaville,NT,AU,-12.416666666666666,130.34166666666667,0,0,0,0,0
DLY,Dillons Bay,,VU,-18.770555555555553,169.0038888888889,1,2,5,3,6
DLZ,Dalanzadgad,,MN,43.608333333333334,104.37194444444444,1,0,0,4,5
DMB,Taraz,,KZ,42.853611111111114,71.30361111111111,1,33405,41831,17,29
DMD,Doomadgee Mission,QL,AU,-17.940277777777776,138.82166666666666,1,355,372,13,11
DMM,Dammam,,SA,26.47111111111111,49.797777777777775,1,3733642,2539302,6946,7176
DMN,Deming,NM,US,32.266666666666666,-107.75,0,0,0,0,0
DMO,Sedalia,MO,US,38.70916666666667,-93.17277777777778,0,0,0,0,0
DMR,Dhamar,,YE,14.533333333333333,44.43333333333333,0,0,0,0,0
DMT,Diamantino,MT,BR,-14.416666666666666,-56.45,0,0,0,0,0
DMU,Dimapur,NL,IN,25.8825,93.77444444444444,1,161156,173174,115,47
DNB,Dunbar,QL,AU,-16.083333333333332,142.41666666666666,0,0,0,0,0
DND,Dundee,,GB,56.452222222222225,-3.0255555555555556,1,41247,41916,89,83
DNF,Derna,,LY,32.55,22.766666666666666,0,0,0,0,0
DNG,Doongan,WA,AU,-15.383333333333333,126.3,0,0,0,0,0
DNH,Dunhuang,,CN,40.092222222222226,94.68166666666667,1,5989,3678,47,46
DNI,Wad Madani,,SD,14.383333333333333,33.53333333333333,0,0,0,0,0
DNK,Dnipro,,UA,48.35722222222223,35.10055555555556,0,0,0,0,0
DNM,Denham,WA,AU,-25.916666666666668,113.53333333333333,0,0,0,0,0
DNN,Dalton,GA,US,34.71666666666667,-84.86666666666666,1,52,14,0,0
DNO,Dianopolis,TO,BR,-11.616666666666667,-46.85,0,0,0,0,0
DNP,Dang,,NP,28.116666666666667,82.31666666666666,1,0,0,0,0
DNQ,Deniliquin,NS,AU,-35.55,144.95,0,0,0,0,0
DNR,Dinard/St-Malo,,FR,48.58777777777778,-2.08,1,0,0,0,0
DNS,Denison,IA,US,41.983333333333334,-95.38333333333334,0,0,0,0,0
DNU,Dinangat,,PG,-6.15,146.66666666666666,0,0,0,0,0
DNV,Danville,IL,US,40.2,-87.58333333333333,1,0,0,0,0
DNX,Dinder,,SD,12.0,35.5,0,0,0,0,0
DNZ,Denizli,,TR,37.785555555555554,29.70138888888889,1,38927,75624,145,146
DOA,Doany,,MG,-14.366666666666667,49.516666666666666,0,0,0,0,0
DOB,Dobo,,ID,-5.772777777777778,134.2111111111111,1,0,0,4,4
DOC,Dornoch,,GB,57.88333333333333,-4.083333333333333,0,0,0,0,0
DOD,Dodoma,,TZ,-6.170555555555556,35.7525,1,52736,16851,45,21
DOE,Djoemoe,,SR,4.016666666666667,-55.483333333333334,0,0,0,0,0
DOG,Dongola,,SD,19.1525,30.43027777777778,0,0,0,0,0
DOH,Doha,,QA,25.274444444444445,51.608333333333334,1,6249361,6170598,56955,57270
DOI,Doini,,PG,-10.716666666666667,150.71666666666667,0,0,0,0,0
DOK,Donetsk,,UA,48.07361111111111,37.73972222222222,0,0,0,0,0
DOL,Deauville,,FR,49.36333333333334,0.16,1,495,390,36,35
DOM,Dominica,,DM,15.533333333333333,-61.3,1,50687,76251,115,118
DON,Dos Lagunas,,GT,17.633333333333333,-89.66666666666667,0,0,0,0,0
DOO,Dorobisoro,,PG,-9.5,147.8,0,0,0,0,0
DOP,Dolpa,,NP,28.985555555555557,82.81888888888888,0,0,0,0,0
DOR,Dori,,BF,14.033333333333333,-0.03333333333333333,0,0,0,0,0
DOS,Dios,,PG,-5.55,154.96666666666667,0,0,0,0,0
DOU,Dourados,MS,BR,-22.20138888888889,-54.92666666666666,0,0,0,0,0
DOV,Dover,DE,US,39.13333333333333,-75.46666666666667,0,0,0,0,0
DOX,Dongara,WA,AU,-29.25,114.93333333333334,0,0,0,0,0
DOY,Dongying,,CN,37.507777777777775,118.78944444444444,1,7852,6220,200,205
DPB,Cameron,,CL,-54.05,-68.80944444444444,0,0,0,0,0
DPE,Dieppe,,FR,49.8825,1.0852777777777778,0,0,0,0,0
DPG,Dugway,UT,US,40.19944444444444,-112.93722222222223,0,0,0,0,0
DPL,Dipolog,,PH,8.604166666666666,123.3425,1,67368,137853,16,17
DPO,Devonport,TS,AU,-41.16972222222222,146.43027777777777,1,58411,61810,94,81
DPS,Denpasar-Bali,,ID,-8.748055555555554,115.16722222222222,1,9571807,14454949,5222,4818
DPT,Deputatsky,,RU,69.39250000000001,139.89027777777778,1,0,0,8,8
DPU,Dumpu,,PG,-5.833333333333333,145.75,0,0,0,0,0
DQA,Daqing,,CN,46.75,125.13916666666667,1,7952,17931,190,187
DQM,Duqm,,OM,19.5,57.64277777777778,1,0,0,30,26
DRA,Mercury,NV,US,36.666666666666664,-115.98333333333333,0,0,0,0,0
DRB,Derby,WA,AU,-17.371944444444445,123.66250000000001,1,39,25,6,6
DRC,Dirico,,AO,-17.966666666666665,20.783333333333335,0,0,0,0,0
DRD,Dorunda,QL,AU,-16.55388888888889,141.8238888888889,0,0,0,0,0
DRE,Drummond Island,MI,US,46.00888888888889,-83.74638888888889,0,0,0,0,0
DRF,Drift River,AK,US,60.583333333333336,-152.15,0,0,0,0,0
DRG,Deering,AK,US,66.06944444444444,-162.76638888888888,1,7,0,5,5
DRH,Dabra,,ID,-3.25,138.56666666666666,0,0,0,0,0
DRI,DeRidder,LA,US,30.83222222222222,-93.3411111111111,0,0,0,0,0
DRJ,Drietabbetje,,SR,4.111111111111111,-54.67305555555555,0,0,0,0,1
DRK,Drake Bay,,CR,8.719166666666666,-83.64194444444445,1,411,506,19,19
DRN,Dirranbandi,QL,AU,-28.5,148.25833333333333,0,0,0,0,0
DRO,Durango,CO,US,37.15,-107.75,1,52469,49349,397,314
DRP,Daraga,,PH,13.111666666666666,123.68111111111112,1,30197,42245,102,98
DRR,Durrie,QL,AU,-25.6,140.25,0,0,0,0,0
DRS,Dresden,,DE,51.13444444444444,13.768055555555556,1,298944,311634,1251,1173
DRT,Del Rio,TX,US,29.366666666666667,-100.91666666666667,1,0,0,0,0
DRU,Drummond,MT,US,46.61666666666667,-113.2,0,0,0,0,0
DRV,Dharavandhoo Island,,MV,5.156944444444445,73.13,1,0,0,10,11
DRW,Darwin,NT,AU,-12.383333333333333,130.73333333333332,1,704816,812582,1243,1196
DRY,Drysdale River,WA,AU,-15.666666666666666,126.41666666666667,0,0,0,0,0
DSA,Doncaster/Sheffield,,GB,53.47527777777778,-1.0038888888888888,1,33,12,0,0
DSC,Dschang,,CM,5.447500000000001,10.068055555555555,0,0,0,0,0
DSD,La Desirade,,GP,16.333333333333332,-61.016666666666666,0,0,0,0,0
DSE,Dessie,,ET,11.083333333333334,39.71666666666667,1,9731,11752,9,8
DSG,Dilasag,,PH,16.44611111111111,122.20694444444445,0,0,0,0,0
DSK,Dera Ismail Khan,,PK,31.909444444444443,70.89666666666668,0,0,0,0,0
DSM,Des Moines,IA,US,41.534166666666664,-93.65777777777778,1,508213,379021,3198,3088
DSN,Ordos,,CN,39.492222222222225,109.86305555555555,1,33075,16292,407,393
DSO,Sondok,,KP,39.683611111111105,127.46777777777778,0,0,0,0,0
DST,Dubai Seaplane Terminal,,AE,25.261388888888888,55.27638888888889,0,0,0,0,0
DSV,Dansville,NY,US,42.55,-77.68333333333334,0,0,0,0,0
DSX,Dongsha Island,,TW,20.706666666666667,116.7213888888889,0,0,0,0,0
DSY,Krong Khemara Phoumin,,KH,10.908333333333333,103.22805555555556,0,0,0,0,0
DTA,Delta,UT,US,39.38333333333333,-112.5,0,0,0,0,0
DTB,Siborong-Borong,,ID,2.2597222222222224,98.9875,1,47242,50441,17,13
DTD,Datadawai,,ID,0.8108333333333334,114.53083333333333,0,0,0,0,0
DTE,Daet,,PH,14.133333333333333,122.98333333333333,0,0,0,0,0
DTH,Death Valley Nat. Park,CA,US,36.5,-117.0,0,0,0,0,0
DTI,Diamantina,MG,BR,-18.233333333333334,-43.651111111111106,0,0,0,0,0
DTL,Detroit Lakes,MN,US,46.833333333333336,-95.88333333333334,0,0,0,0,0
DTM,Dortmund,,DE,51.51833333333333,7.612222222222222,1,330436,337094,619,488
DTR,Decatur Island,WA,US,48.516666666666666,-122.83333333333333,0,0,0,0,0
DTT,Detroit,MI,US,42.333333333333336,-83.05,1,3377741,3728102,48066,56709
DTU,Wudalianchi,,CN,48.50611111111111,126.19777777777779,1,0,0,14,10
DUA,Durant,OK,US,33.983333333333334,-96.36666666666666,0,0,0,0,0
DUB,Dublin,,IE,53.421388888888885,-6.27,1,9260920,8803013,14183,14324
DUC,Duncan,OK,US,34.46666666666667,-97.96666666666667,0,0,0,0,0
DUD,Dunedin,,NZ,-45.92916666666667,170.1975,1,101578,97544,934,797
DUE,Dundo,,AO,-7.400555555555556,20.81888888888889,1,197,214,2,2
DUF,Corolla,NC,US,36.25833333333333,-75.78888888888889,0,0,0,0,0
DUG,Douglas/Bisbee,AZ,US,31.466666666666665,-109.6,1,0,0,0,0
DUJ,Dubois,PA,US,41.17833333333333,-78.89861111111112,1,6794,5348,54,61
DUK,Mtubatuba,,ZA,-28.366666666666667,32.23555555555556,0,0,0,0,0
DUM,Dumai,,ID,1.6833333333333333,101.45,0,0,0,0,0
DUQ,Duncan,BC,CA,48.75472222222222,-123.70972222222223,0,0,0,0,0
DUR,Durban,,ZA,-29.966666666666665,30.95,1,455180,423420,891,1011
DUS,Duesseldorf,,DE,51.21666666666667,6.7666666666666675,1,8339012,5294404,20123,19678
DUT,Dutch Harbor,AK,US,53.89888888888889,-166.54472222222222,1,1244,1494,58,59
DVD,Andavadoaka,,MG,-22.078333333333333,43.259166666666665,0,0,0,0,0
DVK,Diavik,NT,CA,64.51138888888889,-110.28944444444444,0,0,0,0,0
DVL,Devils Lake,ND,US,48.11555555555556,-98.90805555555556,1,3280,3243,31,28
DVN,Davenport,IA,US,41.61666666666667,-90.58333333333333,0,0,0,0,0
DVO,Davao,,PH,7.125277777777777,125.64555555555556,1,1451002,1805027,674,682
DVP,Davenport Downs,QL,AU,-24.166666666666668,141.08333333333334,0,0,0,0,0
DVR,Daly River Mission,NT,AU,-13.75,130.68333333333334,0,0,0,0,0
DWA,Dwangwa,,MW,-12.518055555555556,34.132222222222225,0,0,0,0,0
DWB,Soalala,,MG,-16.1,45.36666666666667,0,0,0,0,0
DWD,Dawadmi,,SA,24.45,44.12111111111111,1,1366,1613,22,20
DWO,Kotte,,LK,6.905555555555556,79.90916666666668,1,0,0,2,1
DWR,Dwyer Air Base,,AF,31.091666666666665,64.06666666666666,0,0,0,0,0
DWS,Hulunbuir,,CN,48.3875,124.43138888888889,0,0,0,0,0
DXB,Dubai,,AE,25.252777777777776,55.36388888888889,1,29974206,32822133,14540,14675
DXD,Dixie,QL,AU,-15.166666666666666,143.66666666666666,0,0,0,0,0
DXE,Madison,MS,US,32.44138888888889,-90.10305555555556,0,0,0,0,0
DXJ,Xiangxi Biancheng,,CN,28.495,109.51944444444445,1,60,284,21,21
DXR,Danbury,CT,US,41.37111111111111,-73.48222222222222,0,0,0,0,0
DYA,Dysart,QL,AU,-22.616666666666667,148.36666666666667,0,0,0,0,0
DYG,Zhangjiajie,,CN,29.104444444444447,110.44305555555556,1,55493,68655,169,161
DYL,Doylestown,PA,US,40.31666666666667,-75.13333333333334,0,0,0,0,0
DYM,Diamantina Lakes,QL,AU,-23.866666666666667,141.25,0,0,0,0,0
DYR,Anadyr,,RU,64.735,177.74138888888888,1,123,169,7,7
DYU,Dushanbe,,TJ,38.54333333333333,68.825,1,464785,1110515,235,231
DYW,Daly Waters,NT,AU,-16.266666666666666,133.36666666666667,0,0,0,0,0
DZA,Dzaoudzi,,YT,-12.806666666666667,45.28055555555555,1,48711,47012,459,408
DZH,Dazhou,,CN,31.04888888888889,107.43611111111112,1,26,472,346,340
DZI,Agustin Codazzi,,CO,10.096666666666668,-73.23388888888888,0,0,0,0,0
DZN,Zhezkazgan,,KZ,47.71,67.74027777777778,1,4109,4095,3,3
DZO,Durazno,,UY,-33.36666666666667,-56.516666666666666,0,0,0,0,0
DZU,Dazu,,CN,29.7,105.8,0,0,0,0,0
EAA,Eagle,AK,US,64.77833333333334,-141.16055555555556,1,0,0,0,0
EAB,Abbs,,YE,15.3,43.96666666666667,0,0,0,0,0
EAE,Emae,,VU,-17.088055555555556,168.34166666666667,1,0,0,1,1
EAL,Elenak,,MH,9.396944444444443,167.47083333333333,1,0,0,1,1
EAM,Nejran,,SA,17.61138888888889,44.41916666666666,1,53023,45346,184,183
EAN,Wheatland,WY,US,42.05833333333333,-104.91944444444445,0,0,0,0,0
EAP,Basel/Mulhouse,,CH,47.60277777777778,7.533333333333333,1,1391415,1544948,17961,18052
EAR,Kearney,NE,US,40.72666666666667,-99.00916666666667,1,7861,7535,26,27
EAS,San Sebastian,,ES,43.35638888888889,-1.7905555555555555,1,205688,220742,382,375
EAT,Wenatchee,WA,US,47.39888888888889,-120.20722222222223,1,19017,25240,161,142
EAU,Eau Claire,WI,US,44.865833333333335,-91.48416666666667,1,9368,5497,87,91
EBA,Elba Island,,IT,42.76166666666666,10.239722222222222,0,0,0,0,0
EBB,Entebbe,,UG,0.0425,32.44361111111111,1,1000033,1123335,1398,1665
EBD,El Obeid,,SD,13.152777777777779,30.232777777777777,0,0,0,0,0
EBG,El Bagre,,CO,7.616666666666667,-74.81666666666666,0,0,0,0,0
EBH,El Bayadh,,DZ,33.72083333333334,1.0913888888888887,1,63,66,3,3
EBJ,Esbjerg,,DK,55.5,8.483333333333333,1,2580,2861,17,16
EBL,Erbil,,IQ,36.23777777777778,43.963055555555556,1,414829,1073487,1282,1245
EBM,El-Borma,,TN,31.703888888888887,9.255,0,0,0,0,0
EBN,Ebadon Island,,MH,9.333333333333334,166.8,0,0,0,0,0
EBO,Ebon Island,,MH,4.598055555555555,168.75166666666667,1,0,0,1,1
EBS,Webster City,IA,US,42.46666666666667,-93.8,0,0,0,0,0
EBU,St-Etienne,,FR,45.534166666666664,4.2972222222222225,1,6,7,0,0
EBW,Ebolowa,,CM,2.85,11.183333333333334,0,0,0,0,0
ECA,East Tawas,MI,US,44.266666666666666,-83.48333333333333,0,0,0,0,0
ECG,Elizabeth City,NC,US,36.266666666666666,-76.18333333333334,0,0,0,0,0
ECH,Echuca,VI,AU,-36.15,144.75,0,0,0,0,0
ECI,Rivas,,NI,11.4275,-86.03333333333333,0,0,0,0,0
ECN,Ercan,,CY,35.15972222222222,33.48833333333334,1,250736,340510,3426,3273
ECO,El Encanto,,CO,-1.6166666666666667,-73.23333333333333,0,0,0,0,0
ECP,Panama City,FL,US,30.175,-85.66861111111112,1,124685,146781,1777,1767
ECR,El Charco,,CO,2.5,-78.00833333333334,0,0,0,0,0
ECS,Newcastle,WY,US,43.88333333333333,-104.31666666666666,0,0,0,0,0
EDA,Edna Bay,AK,US,55.95,-133.66666666666666,1,0,0,3,10
EDB,El Debba,,SD,18.25,31.25,0,0,0,0,0
EDD,Erldunda,NT,AU,-25.25,133.2,0,0,0,0,0
EDE,Edenton,NC,US,36.06666666666667,-76.65,0,0,0,0,0
EDG,Edgewood,MD,US,39.416666666666664,-76.3,0,0,0,0,0
EDI,Edinburgh,,GB,55.95,-3.3725,1,4703605,4155043,26014,26739
EDK,El Dorado,KS,US,37.766666666666666,-96.86666666666666,0,0,0,0,0
EDL,Eldoret,,KE,0.40472222222222226,35.23888888888889,1,3112,4540,24,25
EDM,La Roche sur Yon,,FR,46.7025,-1.3816666666666666,0,0,0,0,0
EDN,Yedinka,,RU,47.17666666666666,138.66111111111113,1,0,0,1,1
EDO,Edremit,,TR,39.55472222222222,27.01388888888889,1,16846,47732,302,300
EDQ,Erandique,,HN,14.133333333333333,-88.41666666666667,0,0,0,0,0
EDR,Pormpuraaw,QL,AU,-14.896944444444443,141.60972222222222,1,60,114,63,63
EDW,Edwards,CA,US,34.905833333333334,-117.88361111111112,0,0,0,0,0
EEA,Correia,PI,BR,-27.633888888888887,-50.35666666666667,1,359,289,17,11
EED,Needles,CA,US,34.85,-114.61666666666666,0,0,0,0,0
EEK,Eek,AK,US,60.215,-162.01194444444445,1,0,0,2,2
EEN,Keene,NH,US,42.9,-72.26666666666667,0,0,0,0,0
EES,Berenice,,EG,23.986666666666668,35.45916666666667,0,0,0,0,0
EFG,Efogi,,PG,-9.15,147.66666666666666,0,0,0,0,0
EFK,Newport,VT,US,44.891666666666666,-72.22944444444444,0,0,0,0,0
EFL,Kefallinia,,GR,38.12,20.500555555555554,1,28838,39171,861,817
EFW,Jefferson,IA,US,42.016666666666666,-94.38333333333334,0,0,0,0,0
EGA,Engati,,PG,-6.916666666666667,146.1,0,0,0,0,0
EGC,Bergerac,,FR,44.824444444444445,0.5205555555555557,1,771,836,70,68
EGE,Vail,CO,US,39.63333333333333,-106.91666666666667,1,32606,58638,466,447
EGI,Crestview,FL,US,30.483333333333334,-86.5,0,0,1,0,0
EGL,Negele,,ET,5.283333333333333,39.7,0,0,0,0,0
EGM,Seghe,,SB,-8.57861111111111,157.87555555555556,1,30,114,14,12
EGN,Geneina,,SD,13.48361111111111,22.472499999999997,0,0,0,0,0
EGO,Belgorod,,RU,50.64388888888889,36.59,1,0,0,6,3
EGP,Eagle Pass,TX,US,28.866666666666667,-100.53333333333333,0,0,0,0,0
EGS,Egilsstadir,,IS,65.28333333333333,-14.401388888888889,1,2001,5312,101,101
EGV,Eagle River,WI,US,45.93333333333333,-89.26666666666667,0,0,0,0,0
EGX,Egegik,AK,US,58.18555555555555,-157.37555555555556,1,1,0,0,0
EHL,El Bolson,RN,AR,-41.96666666666667,-71.51666666666667,0,0,0,0,0
EHM,Cape Newenham,AK,US,58.646388888888886,-162.0627777777778,0,0,0,0,0
EHU,Ezhou,,CN,30.341388888888886,115.02944444444444,1,195,703,101,102
EIA,Eia,,PG,-8.2,147.85,0,0,0,0,0
EIB,Eisenach,,DE,50.99277777777778,10.472777777777777,0,124,138,0,0
EIE,Yeniseysk,,RU,58.473333333333336,92.11277777777777,0,0,0,0,0
EIH,Einasleigh,QL,AU,-18.5,144.1,0,0,0,0,0
EIK,Yeysk,,RU,46.678888888888885,38.21222222222222,0,0,0,0,0
EIN,Eindhoven,,NL,51.45,5.383333333333334,1,751559,585568,2131,2359
EIY,Ein Yahav,,IL,30.633333333333333,35.18333333333333,0,0,0,0,0
EJA,Barrancabermeja,,CO,7.024444444444445,-73.80666666666666,1,7355,6572,49,63
EJH,Wedjh,,SA,26.198611111111113,36.47638888888889,0,475,680,0,0
EJN,Ejina Banner,,CN,42.014722222222225,101.00222222222222,0,0,0,0,0
EJT,Enejet Island,,MH,6.040555555555556,171.98305555555555,1,0,0,1,1
EKA,Arcata/Eureka,CA,US,40.8,-124.11666666666666,0,0,1,0,0
EKB,Ekibastuz,,KZ,51.583333333333336,75.21666666666667,0,0,0,0,0
EKD,Elkedra,NT,AU,-21.033333333333335,135.25,0,0,0,0,0
EKE,Ekereku,,GY,6.666666666666667,-60.85,0,0,0,0,0
EKI,Elkhart,IN,US,41.71666666666667,-85.98333333333333,0,0,0,0,0
EKN,Elkins,WV,US,38.89,-79.85777777777777,0,0,0,0,0
EKO,Elko,NV,US,40.8275,-115.78138888888888,1,5995,6465,11,11
EKS,Shakhtersk,,RU,49.19222222222222,142.0811111111111,1,0,0,4,4
EKT,Eskilstuna,,SE,59.35,16.716666666666665,0,0,0,0,0
EKX,Elizabethtown,KY,US,37.7,-85.86666666666666,0,0,0,0,0
ELA,Eagle Lake,TX,US,29.583333333333332,-96.33333333333333,0,0,0,0,0
ELB,El Banco,,CO,9.05,-73.96666666666667,0,0,0,0,0
ELC,Elcho Island,NT,AU,-12.019444444444446,135.57055555555556,1,151,210,6,5
ELD,El Dorado,AR,US,33.221111111111114,-92.81333333333333,1,5479,4829,32,32
ELE,El Real,,PA,8.116666666666667,-77.71666666666667,0,0,0,0,0
ELF,El Fasher,,SD,13.615,25.32472222222222,1,0,0,1,1
ELG,El Golea,,DZ,30.581666666666667,2.8616666666666672,1,174,209,11,10
ELH,North Eleuthera,,BS,25.474999999999998,-76.68361111111112,1,24303,33416,277,300
ELI,Elim,AK,US,64.61555555555555,-162.27027777777778,1,4,13,4,5
ELJ,El Recreo,,CO,2.0,-74.13333333333334,0,0,0,0,0
ELK,Elk City,OK,US,35.4,-99.41666666666667,0,0,0,0,0
ELL,Ellisras,,ZA,-23.72611111111111,27.68888888888889,0,0,0,0,0
ELM,Elmira/Corning,NY,US,42.16,-76.89166666666668,1,23474,18818,326,332
ELN,Ellensburg,WA,US,47.03333333333333,-120.53333333333333,0,0,0,0,0
ELO,Eldorado,MI,AR,-26.4,-54.63333333333333,0,0,0,0,0
ELP,El Paso,TX,US,31.8,-106.38333333333334,1,486020,436121,3710,3254
ELQ,Gassim,,SA,26.302777777777777,43.77388888888889,1,271043,173443,883,782
ELR,Elelim,,ID,-3.7827777777777776,139.3861111111111,0,0,0,0,0
ELS,East London,,ZA,-33.035555555555554,27.825833333333332,1,46769,55143,751,704
ELT,El-Tor,,EG,28.2,33.65,0,0,0,0,0
ELU,El Oued,,DZ,33.51277777777778,6.782777777777778,1,4906,5335,31,29
ELV,Elfin Cove,AK,US,58.195277777777775,-136.3475,1,0,0,11,8
ELW,Ellamar,AK,US,60.89722222222222,-146.61249999999998,0,0,0,0,0
ELX,El Tigre,,VE,8.883333333333333,-64.26666666666667,0,0,0,0,0
ELY,Ely,NV,US,39.3,-114.85,0,0,0,0,0
ELZ,Wellsville,NY,US,42.11666666666667,-77.93333333333334,0,0,0,0,0
EMD,Emerald,QL,AU,-23.57,148.17777777777778,1,80110,65265,191,198
EME,Emden,,DE,53.39111111111111,7.225555555555555,1,0,0,0,0
EMG,Empangeni,,ZA,-28.733333333333334,31.9,0,0,0,0,0
EMI,Emirau,,PG,-1.65,149.96666666666667,0,0,0,0,0
EMK,Emmonak,AK,US,62.78611111111111,-164.4908333333333,1,0,0,0,0
EML,Emmen,,CH,47.092222222222226,8.304722222222223,0,0,0,0,0
EMM,Kemmerer,WY,US,41.85,-110.55,0,0,0,0,0
EMN,Nema,,MR,16.621944444444445,-7.316666666666666,1,0,0,1,1
EMO,Emo,,PG,-9.123611111111112,148.04166666666666,0,0,0,0,0
EMP,Emporia,KS,US,38.333333333333336,-96.18333333333334,0,0,0,0,0
EMR,El Mirador Heliport,,GT,17.752222222222223,-89.92500000000001,0,0,0,0,0
EMS,Embessa,,PG,-9.45,148.76666666666668,0,0,0,0,0
EMT,El Monte,CA,US,34.1,-118.03333333333333,0,7,0,0,0
EMX,El Maiten,CB,AR,-42.06805555555556,-71.15555555555557,0,0,0,0,0
EMY,El-Minya,,EG,28.083333333333332,30.733333333333334,0,0,0,0,0
ENA,Kenai,AK,US,60.573055555555555,-151.24499999999998,1,1074,1213,79,80
ENB,Eneabba,WA,AU,-30.083333333333332,114.98333333333333,0,0,0,0,0
ENE,Ende,,ID,-8.849166666666667,121.66055555555556,1,0,0,15,7
ENF,Enontekio,,FI,68.3625,23.424444444444447,0,0,0,0,0
ENH,Enshi,,CN,30.32111111111111,109.48527777777778,1,5273,3512,143,135
ENI,El Nido,,PH,11.202499999999999,119.41638888888889,1,0,3,23,23
ENJ,El Naranjo,,GT,14.1,-90.83333333333333,0,0,0,0,0
ENK,Enniskillen,,GB,54.39861111111111,-7.651944444444445,0,0,0,0,0
ENL,Centralia,IL,US,38.516666666666666,-89.09166666666667,0,0,0,0,0
ENN,Nenana,AK,US,64.55,-149.08333333333334,0,0,0,0,0
ENO,Encarnacion,,PY,-27.226388888888888,-55.83722222222222,0,0,0,0,0
ENS,Enschede,,NL,52.275,6.886388888888888,1,0,0,0,0
ENT,Enewetak Island,,MH,11.340833333333334,162.32777777777778,0,0,0,0,0
ENU,Enugu,,NG,6.474166666666667,7.561944444444444,1,13055,20734,31,31
ENV,Wendover,UT,US,40.733333333333334,-114.03333333333333,0,0,0,0,0
ENW,Kenosha,WI,US,42.59583333333334,-87.92777777777778,0,0,0,0,0
ENY,Yan'an,,CN,36.63666666666666,109.55333333333333,1,2595,1477,104,96
EOI,Eday,,GB,59.190555555555555,-2.772222222222222,0,0,0,0,0
EOK,Keokuk,IA,US,40.46666666666667,-91.43333333333334,0,0,0,0,0
EOR,El Dorado,,VE,6.7333333333333325,-61.583333333333336,0,0,0,0,0
EOS,Neosho,MO,US,36.86666666666667,-94.36666666666666,0,0,0,0,0
EOZ,Elorza,,VE,7.059722222222222,-69.49666666666667,0,0,0,0,0
EPA,El Palomar,BA,AR,-34.61,-58.612500000000004,0,0,0,0,0
EPG,Weeping Water,NE,US,40.86666666666667,-96.13333333333334,0,0,0,0,0
EPH,Ephrata,WA,US,47.3,-119.51666666666667,0,0,0,0,0
EPL,Epinal,,FR,48.325,6.066666666666666,0,0,0,0,0
EPN,Epena,,CG,1.3666666666666667,17.483333333333334,0,0,0,0,0
EPR,Esperance,WA,AU,-33.68222222222222,121.82249999999999,1,3019,5344,7,4
EPT,Eliptamin,,PG,-5.033333333333333,141.66666666666666,0,0,0,0,0
EPU,Parnu,,EE,58.41916666666666,24.473055555555554,0,0,0,0,0
EQS,Esquel,CB,AR,-42.903888888888886,-71.13555555555556,1,4121,7639,105,144
ERA,Erigavo,,SO,10.616666666666667,47.4,0,0,0,0,0
ERB,Ernabella,SA,AU,-26.266666666666666,132.16666666666666,0,0,0,0,0
ERC,Erzincan,,TR,39.71027777777778,39.526944444444446,1,19658,44902,127,157
ERD,Berdiansk,,UA,46.733333333333334,36.78333333333333,0,0,0,0,0
ERE,Erave,,PG,-6.616666666666667,143.9,0,0,0,0,0
ERF,Erfurt,,DE,50.97972222222222,10.958055555555555,1,5735,3361,4,3
ERG,Yerbogachen,,RU,61.275,108.03,1,0,0,1,1
ERH,Errachidia,,MA,31.946944444444444,-4.398888888888889,1,10231,14616,39,32
ERI,Erie,PA,US,42.081944444444446,-80.17611111111111,1,32978,26041,31,31
ERL,Erenhot,,CN,43.42333333333333,112.0911111111111,1,20,166,32,34
ERM,Erechim,RS,BR,-27.66333333333333,-52.27194444444444,0,0,0,0,0
ERN,Eirunepe,AM,BR,-6.639722222222222,-69.88,1,79,92,18,9
ERO,Eldred Rock,AK,US,58.96666666666667,-135.21666666666667,0,0,0,0,0
ERQ,Elrose Mine,QL,AU,-20.976666666666667,141.00861111111112,0,0,0,0,0
ERR,Errol,NH,US,44.7925,-71.16472222222222,0,0,0,0,0
ERT,Erdenet,,MN,49.06666666666667,104.15,0,0,0,0,0
ERU,Erume,,PG,-8.25388888888889,146.97472222222223,0,0,0,0,0
ERV,Kerrville,TX,US,29.983333333333334,-99.08333333333333,0,0,0,0,0
ERZ,Erzurum,,TR,39.95638888888889,41.17027777777778,1,24448,49638,455,421
ESA,Esa'Ala,,PG,-9.883333333333333,150.95,0,0,0,0,0
ESC,Escanaba,MI,US,45.720555555555556,-87.09583333333333,1,5252,4941,33,33
ESD,Eastsound,WA,US,48.7075,-122.91083333333334,1,19,6,31,25
ESE,Ensenada,,MX,31.8,-116.6,0,0,0,0,0
ESG,Mariscal Estigarribia,,PY,-22.045,-60.62166666666667,0,0,0,0,0
ESH,Shoreham-by-sea,,GB,50.83555555555556,-0.2972222222222222,0,0,0,0,0
ESI,Espinosa,MG,BR,-14.933333333333334,-42.833333333333336,0,0,0,0,0
ESK,Eskisehir,,TR,39.766666666666666,30.5,0,0,0,0,0
ESL,Elista,,RU,46.37388888888889,44.33083333333334,0,0,0,0,0
ESM,Esmeraldas,,EC,0.9786111111111112,-79.62666666666667,0,0,0,0,0
ESN,Easton,MD,US,38.801944444444445,-76.06861111111111,0,0,0,0,0
ESO,Espanola,NM,US,36.1,-106.03333333333333,0,0,0,0,0
ESP,East Stroudsburg,PA,US,41.0,-75.18333333333334,0,0,0,0,0
ESR,El Salvador,,CL,-26.308333333333334,-69.75166666666667,1,0,1,0,0
ESS,Essen,,DE,51.40222222222222,6.937222222222222,0,27,8,0,0
EST,Estherville,IA,US,43.4,-94.83333333333333,0,0,0,0,0
ESU,Essaouira,,MA,31.3975,-9.681666666666667,1,361,215,150,147
ESW,Easton,WA,US,47.233333333333334,-121.18333333333334,0,0,0,0,0
ETB,West Bend,WI,US,43.416666666666664,-88.18333333333334,0,0,0,0,0
ETD,Etadunna,SA,AU,-28.716666666666665,138.63333333333333,0,0,0,0,0
ETE,Metema,,ET,12.933333333333334,36.166666666666664,0,0,0,0,0
ETH,Eilat,,IL,29.558333333333334,34.95888888888889,1,4056,5065,0,0
ETL,Svetlaya,,RU,46.54194444444444,138.32166666666666,1,0,0,1,1
ETM,Eilat,,IL,29.72722222222222,34.998333333333335,1,1580,1523,74,69
ETN,Eastland,TX,US,32.416666666666664,-98.8,0,0,0,0,0
ETR,Santa Rosa,,EC,-3.435277777777778,-79.97805555555556,1,697,782,4,4
ETS,Enterprise,AL,US,31.316666666666666,-85.85,0,0,0,0,0
ETZ,Metz/Nancy,,FR,48.96666666666667,6.233333333333333,1,24103,22334,131,131
EUA,Eua,,TO,-21.377222222222223,-174.95749999999998,1,0,4,6,6
EUC,Eucla,WA,AU,-31.716666666666665,128.86666666666667,0,0,0,0,0
EUE,Eureka,NV,US,39.516666666666666,-115.96666666666667,0,0,0,0,0
EUF,Eufaula,AL,US,31.95,-85.13333333333334,0,0,0,0,0
EUG,Eugene,OR,US,44.124722222222225,-123.21194444444444,1,321229,276138,2365,2537
EUM,Neumunster,,DE,54.07972222222222,9.941944444444445,0,0,0,0,0
EUN,Laayoune,,MA,27.151666666666664,-13.219166666666666,1,12061,45490,46,58
EUO,Paratebueno,,CO,4.333333333333333,-73.25,0,0,0,0,0
EUQ,Antique,,PH,10.767777777777779,121.9325,1,1294,1903,3,3
EUX,St Eustatius,,BQ,17.49638888888889,-62.97944444444445,1,1091,1362,78,72
EVA,Evadale,TX,US,30.35,-94.06666666666666,0,0,0,0,0
EVD,Eva Downs,NT,AU,-18.083333333333332,134.86666666666667,0,0,0,0,0
EVE,Harstad-Narvik,,NO,68.49138888888889,16.678055555555556,1,167552,145824,855,791
EVG,Sveg,,SE,62.047777777777775,14.423055555555555,1,373,600,64,66
EVH,Evans Head,NS,AU,-29.1,153.41666666666666,0,0,0,0,0
EVM,Eveleth,MN,US,47.43333333333333,-92.5,0,0,0,0,0
EVN,Yerevan,,AM,40.14722222222222,44.395833333333336,1,2400385,2345193,1708,1535
EVV,Evansville,IN,US,38.036944444444444,-87.5325,1,56884,44152,669,640
EVW,Evanston,WY,US,41.35,-111.01666666666667,0,0,0,0,0
EVX,Evreux,,FR,49.02861111111111,1.2200000000000002,0,0,0,0,0
EWB,New Bedford/Fall River,MA,US,41.67611111111111,-70.95694444444445,1,4054,3279,28,33
EWE,Ewer,,ID,-5.483333333333333,138.06666666666666,1,0,0,1,1
EWI,Enarotali,,ID,-3.9333333333333336,136.36666666666667,0,0,0,0,0
EWK,Newton,KS,US,38.05,-97.35,0,0,0,0,0
EWN,New Bern,NC,US,35.073055555555555,-77.04305555555555,1,24388,20245,73,80
EWO,Ewo,,CG,-0.8833333333333333,14.8,0,0,0,0,0
EXI,Excursion Inlet,AK,US,58.41972222222222,-135.44805555555556,0,0,0,0,0
EXM,Exmouth,WA,AU,-22.040277777777778,114.10277777777777,0,0,0,0,0
EXT,Exeter,,GB,50.73444444444444,-3.4138888888888888,1,92406,56647,224,238
EYA,Zeya,,RU,53.68833333333333,127.0911111111111,1,0,0,2,2
EYK,Beloyarsky,,RU,63.690555555555555,66.69972222222222,1,0,0,30,26
EYL,Yelimane,,ML,15.133333333333333,-10.566666666666666,0,0,0,0,0
EYP,Yopal,,CO,5.319166666666667,-72.38388888888889,1,33525,33661,178,251
EYR,Yerington,NV,US,39.00388888888889,-119.15777777777778,0,0,0,0,0
EYS,Eliye Springs,,KE,3.25,35.96666666666667,0,0,0,0,0
EYW,Key West,FL,US,24.55,-81.76666666666667,1,200017,287143,1890,1464
EZS,Elazig,,TR,38.606944444444444,39.29138888888889,1,54331,113310,543,552
EZV,Berezovo,,RU,63.92111111111111,65.03055555555555,1,0,0,9,9
FAA,Faranah,,GN,10.036111111111111,-10.770277777777778,0,0,0,0,0
FAB,Farnborough,,GB,51.27583333333333,-0.7763888888888889,0,0,0,0,0
FAC,Faaite,,PF,-16.686666666666667,-145.32972222222222,1,14,13,40,52
FAE,Faroe Islands,,FO,62.06638888888889,-7.293055555555555,1,45784,70066,389,411
FAF,Fort Eustis,VA,US,37.15,-76.58333333333333,0,0,0,0,0
FAG,Fagurholsmyri,,IS,63.874722222222225,-16.641111111111112,0,0,0,0,0
FAH,Farah,,AF,32.36611111111111,62.16555555555556,0,0,0,0,0
FAI,Fairbanks,AK,US,64.81666666666666,-147.86666666666667,1,177372,232060,1547,1412
FAJ,Fajardo,,PR,18.383333333333333,-65.75,0,0,0,0,0
FAK,False Island,AK,US,57.53055555555555,-135.21666666666667,0,0,0,0,0
FAM,Farmington,MO,US,37.76111111111111,-90.42861111111111,0,0,0,0,0
FAO,Faro,,PT,37.01444444444444,-7.965833333333333,1,1059174,1387937,12294,12259
FAQ,Freida River,,PG,-4.616666666666667,141.95833333333331,0,0,0,0,0
FAR,Fargo,ND,US,46.92055555555555,-96.81583333333333,1,205739,146087,1401,1335
FAS,Faskrudsfjordur,,IS,64.93166666666667,-14.060555555555556,0,0,0,0,0
FAT,Fresno,CA,US,36.766666666666666,-119.71666666666667,1,501846,398173,2138,2033
FAU,Fahud,,OM,22.350833333333334,56.48972222222222,1,0,0,0,0
FAV,Fakarava,,PF,-16.054166666666667,-145.65694444444446,1,740,1380,59,79
FAY,Fayetteville,NC,US,34.99,-78.88305555555554,1,83370,63161,427,280
FAZ,Fasa,,IR,28.891944444444444,53.723333333333336,0,0,0,0,0
FBA,Fonte Boa,AM,BR,-2.5324999999999998,-66.08333333333333,0,0,0,0,0
FBD,Faizabad,,AF,37.1225,70.51805555555555,0,0,0,0,0
FBE,Francisco Beltrao,PR,BR,-26.059444444444445,-53.064166666666665,0,1,1,0,0
FBG,Fort Bragg,NC,US,35.15,-78.98333333333333,0,0,0,0,0
FBL,Faribault,MN,US,44.333333333333336,-93.31666666666666,0,0,0,0,0
FBM,Lubumbashi,,CD,-11.59138888888889,27.530833333333334,1,149923,94230,218,240
FBR,Fort Bridger,WY,US,41.31666666666667,-110.38333333333334,0,0,0,0,0
FBY,Fairbury,NE,US,40.13333333333333,-97.18333333333334,0,0,0,0,0
FCA,Kalispell,MT,US,48.31055555555555,-114.25611111111111,1,109570,113177,785,879
FCB,Ficksburg,,ZA,-28.825,27.90833333333333,0,0,0,0,0
FCN,Cuxhaven,,DE,53.76777777777777,8.658611111111112,1,0,0,0,0
FCY,Forrest City,AR,US,34.95,-90.76666666666667,0,0,0,0,0
FDE,Forde,,NO,61.39194444444444,5.760555555555555,1,4151,3924,111,102
FDF,Fort de France,,MQ,14.591111111111111,-61.003055555555555,1,213400,405117,505,455
FDH,Friedrichshafen,,DE,47.671388888888885,9.511388888888888,1,143327,105550,130,124
FDK,Frederick,MD,US,39.416666666666664,-77.41666666666667,0,0,0,0,0
FDR,Frederick,OK,US,34.35,-98.98333333333333,0,0,0,0,0
FDU,Bandundu,,CD,-3.3166666666666664,17.366666666666667,1,0,0,0,0
FDY,Findlay,OH,US,41.016666666666666,-83.66666666666667,0,0,0,0,0
FEA,Fetlar,,GB,60.583333333333336,-0.9666666666666668,0,0,0,0,0
FEB,Sanfebagar,,NP,29.233333333333334,81.21666666666667,0,0,0,0,0
FEC,Feira de Santana,BA,BR,-12.200555555555555,-38.907222222222224,1,4194,2952,4,6
FEG,Fergana,,UZ,40.36138888888889,71.74472222222222,1,108055,313307,52,54
FEJ,Feijo,AC,BR,-8.15,-70.35,0,0,0,0,0
FEK,Ferkessedougou,,CI,9.6,-5.2,0,0,0,0,0
FEL,Furstenfeldbruck,,DE,48.166666666666664,11.25,0,0,0,0,0
FEN,Fernando De Noronha,PE,BR,-3.855,-32.42333333333333,1,20086,112714,44,43
FEP,Freeport,IL,US,42.266666666666666,-89.58333333333333,0,0,0,0,0
FET,Fremont,NE,US,41.43333333333333,-96.5,0,0,0,0,0
FEZ,Fes,,MA,33.92722222222222,-4.978055555555556,1,195216,264585,584,556
FFA,Kill Devil,NC,US,36.016666666666666,-75.66666666666667,0,0,0,0,0
FFD,Fairford,,GB,51.68333333333333,-1.7833333333333332,0,0,0,0,0
FFL,Fairfield,IA,US,40.93333333333333,-91.95,0,0,0,0,0
FFM,Fergus Falls,MN,US,46.28333333333333,-96.16666666666667,0,0,0,0,0
FFT,Frankfort,KY,US,38.18333333333333,-84.9,0,0,0,0,0
FFU,Futaleufu,,CL,-43.2,-71.81666666666666,0,0,0,0,0
FGD,F'derik,,MR,22.5,-12.674999999999999,0,0,0,0,0
FGL,Fox Glacier,,NZ,-43.4,170.03333333333333,0,0,0,0,0
FGU,Fangatau,,PF,-15.82,-140.88583333333332,1,0,0,31,29
FHU,Fort Huachuca/Sierra Vista,AZ,US,31.58861111111111,-110.34444444444443,0,0,0,0,0
FHZ,Fakahina,,PF,-15.992222222222221,-140.16472222222222,1,0,0,16,30
FID,Fishers Island,NY,US,41.25222222222222,-72.03222222222222,0,0,0,0,0
FIE,Fair Isle,,GB,59.53472222222222,-1.6286111111111112,1,0,0,5,5
FIG,Fria,,GN,10.35,-13.566666666666666,0,0,0,0,0
FIH,Kinshasa,,CD,-4.3,15.3,1,362996,304158,528,503
FIK,Finke,NT,AU,-25.583333333333332,134.6,0,0,0,0,0
FIL,Fillmore,UT,US,38.96666666666667,-112.33333333333333,0,0,0,0,0
FIN,Finschhafen,,PG,-6.616666666666667,147.86666666666667,0,0,0,0,0
FIV,Five Finger,AK,US,57.266666666666666,-133.63333333333333,0,0,0,0,0
FIZ,Fitzroy Crossing,WA,AU,-18.183611111111112,125.56,1,0,0,2,2
FJR,Fujairah,,AE,25.112222222222222,56.323888888888895,1,23,38,9,9
FKB,Karlsruhe/Baden-Baden,,DE,49.0,8.4,1,89526,70336,252,263
FKI,Kisangani,,CD,0.4816666666666667,25.338055555555556,1,37,59,39,41
FKJ,Fukui,,JP,36.083333333333336,136.25,0,0,0,0,0
FKL,Franklin,PA,US,41.37916666666667,-79.86,0,0,0,0,0
FKN,Franklin,VA,US,36.68333333333333,-76.91666666666667,0,0,0,0,0
FKQ,Fak Fak,,ID,-2.9202777777777778,132.26694444444445,1,0,0,19,9
FKS,Fukushima,,JP,37.2275,140.43055555555554,1,35227,34253,18,22
FLA,Florencia,,CO,1.5891666666666668,-75.56444444444445,1,1955,2497,25,24
FLB,Floriano,PI,BR,-6.833333333333333,-43.0,0,0,0,0,0
FLC,Falls Creek,VI,AU,-34.983333333333334,150.6,0,0,0,0,0
FLD,Fond du Lac,WI,US,43.76916666666666,-88.4863888888889,0,0,0,0,0
FLF,Flensburg,,DE,54.77166666666667,9.378333333333334,0,0,0,0,0
FLH,Flotta,,GB,58.833333333333336,-3.15,0,0,0,0,0
FLI,Flateyri,,IS,66.01416666666667,-23.441111111111113,0,0,0,0,0
FLL,Fort Lauderdale,FL,US,26.066666666666666,-80.16666666666667,1,5575381,5407786,22866,21858
FLM,Filadelfia,,PY,-22.358333333333334,-60.038333333333334,0,0,0,0,0
FLN,Florianopolis,SC,BR,-27.670555555555556,-48.54722222222222,1,1389421,1354227,3046,3330
FLO,Florence,SC,US,34.1875,-79.72472222222223,1,25199,21621,24,29
FLP,Flippin,AR,US,36.3,-92.58333333333333,0,0,0,0,0
FLR,Florence,,IT,43.80888888888889,11.202777777777778,1,1271923,1486135,1974,2241
FLS,Flinders Island,TS,AU,-40.09444444444445,147.99388888888888,1,0,0,11,11
FLT,Flat,AK,US,62.45,-158.0,0,0,0,0,0
FLV,Fort Leavenworth,KS,US,39.31666666666667,-94.91666666666667,0,0,0,0,0
FLW,Flores Island,,PT,39.45527777777778,-31.13138888888889,1,8828,15322,144,138
FLY,Finley,NS,AU,-35.65,145.58333333333334,0,0,0,0,0
FLZ,Sibolga,,ID,1.5558333333333334,98.8888888888889,1,0,0,2,2
FMA,Formosa,FO,AR,-26.212777777777777,-58.22805555555556,1,8726,10981,62,96
FME,Fort Meade/Odenton,MD,US,39.08555555555556,-76.75944444444444,0,0,0,0,0
FMH,Falmouth,MA,US,41.56666666666667,-70.63333333333334,0,0,0,0,0
FMI,Kalemie,,CD,-5.877777777777778,29.246111111111112,1,45,29,21,15
FMM,Memmingen,,DE,47.988055555555555,10.237499999999999,1,27980,12612,394,399
FMN,Farmington,NM,US,36.74138888888889,-108.23111111111112,0,0,0,0,0
FMO,Muenster/Osnabrueck,,DE,52.13472222222222,7.684722222222223,1,177129,135164,630,557
FMS,Fort Madison,IA,US,40.65,-91.31666666666666,0,0,0,0,0
FMT,Faresmathoda,,MV,0.1922222222222222,73.19972222222222,1,0,0,4,4
FMU,Florence,OR,US,43.98277777777778,-124.1111111111111,0,0,0,0,0
FMY,Fort Myers,FL,US,26.583333333333332,-81.86666666666666,1,860734,1441066,11328,9721
FNA,Freetown,,SL,8.616666666666667,-13.2,1,135131,207153,245,195
FNB,Neubrandenburg,,DE,53.602222222222224,13.306111111111111,0,0,0,0,0
FNC,Funchal,,PT,32.69416666666666,-16.778055555555554,1,1007661,1491617,10975,10775
FND,Funadhoo,,MV,6.1625000000000005,73.2875,1,0,0,2,2
FNE,Fane,,PG,-8.6,147.23333333333332,0,0,0,0,0
FNG,Fada N'Gourma,,BF,12.066666666666666,0.35,0,0,0,0,0
FNH,Fincha'a,,ET,9.583333333333334,37.43333333333333,0,0,0,0,0
FNI,Nimes,,FR,43.836666666666666,4.359999999999999,1,5779,2230,49,46
FNJ,Pyongyang,,KP,39.22361111111111,125.67,0,0,0,0,0
FNL,Fort Collins/Loveland,CO,US,40.583333333333336,-105.08333333333333,1,2221,2023,0,0
FNR,Funter Bay,AK,US,58.233333333333334,-134.91666666666666,0,0,0,0,0
FNT,Flint,MI,US,42.96555555555556,-83.74361111111111,1,113089,78840,475,451
FNU,Oristano,,IT,39.894999999999996,8.638333333333334,0,0,0,0,0
FOA,Foula,,GB,60.12222222222222,-2.053611111111111,1,0,0,4,4
FOB,Fort Bragg,CA,US,39.43333333333333,-123.8,0,0,0,0,0
FOC,Fuzhou,,CN,25.935,119.66333333333334,1,1453092,2217545,2969,2832
FOD,Fort Dodge,IA,US,42.551111111111105,-94.19194444444445,1,6540,5209,31,32
FOG,Foggia,,IT,41.43333333333333,15.534722222222221,1,433,1414,7,7
FOK,Westhampton Beach,NY,US,40.841944444444444,-72.6325,1,0,0,0,0
FOM,Foumban,,CM,5.633333333333333,10.75,0,0,0,0,0
FON,Fortuna,,CR,10.469722222222222,-84.57888888888888,1,46,81,17,23
FOO,Numfoor,,ID,-0.9333333333333332,134.86666666666667,0,0,0,0,0
FOR,Fortaleza,CE,BR,-3.776388888888889,-38.5325,1,1574213,1555515,3790,4528
FOS,Forrest,WA,AU,-30.833333333333332,128.1,0,0,0,0,0
FOT,Forster,NS,AU,-32.18333333333333,152.51666666666668,0,0,0,0,0
FOU,Fougamou,,GA,-1.2833333333333332,10.616666666666667,0,0,0,0,0
FOY,Foya,,LR,8.366666666666667,-10.216666666666667,0,0,0,0,0
FPO,Freeport,,BS,26.558611111111112,-78.69555555555556,1,43860,63885,271,290
FPR,Fort Pierce,FL,US,27.483333333333334,-80.36666666666666,0,0,0,0,0
FPY,Perry,FL,US,30.116666666666667,-83.58333333333333,0,0,0,0,0
FRA,Frankfurt,,DE,50.03333333333333,8.566666666666666,1,18911926,13269203,71177,72985
FRB,Forbes,NS,AU,-33.36666666666667,147.93333333333334,0,0,0,0,0
FRC,Franca,SP,BR,-20.583333333333332,-47.38333333333333,0,0,0,0,0
FRD,Friday Harbor,WA,US,48.534166666666664,-123.01722222222222,1,34,8,26,28
FRE,Fera Island,,SB,-8.1075,159.57722222222222,1,5,17,3,3
FRG,Farmingdale,NY,US,40.72944444444445,-73.41444444444446,0,0,0,0,0
FRH,French Lick,IN,US,38.55,-86.61666666666666,0,0,0,0,0
FRI,Fort Riley,KS,US,39.06666666666667,-96.78333333333333,0,0,0,0,0
FRK,Fregate Island,,SC,-4.583333333333333,55.95,0,0,0,0,0
FRL,Forli,,IT,44.19555555555555,12.069722222222222,1,2,2,12,10
FRM,Fairmont,MN,US,43.65,-94.41666666666667,0,0,0,0,0
FRO,Floro,,NO,61.58361111111111,5.0247222222222225,1,5364,5757,282,321
FRQ,Feramin,,PG,-5.416666666666667,141.7,0,0,0,0,0
FRR,Front Royal,VA,US,38.918055555555554,-78.25694444444444,0,0,0,0,0
FRS,Flores,,GT,16.915555555555553,-89.86972222222222,1,23364,38467,75,73
FRT,Frutillar,,CL,-41.125,-73.06527777777778,0,0,0,0,0
FRU,Bishkek,,KG,43.061388888888885,74.4775,1,1132944,1166385,693,656
FRW,Francistown,,BW,-21.15972222222222,27.474444444444444,1,609,1044,43,33
FRY,Fryeburg,ME,US,43.990833333333335,-70.9475,0,0,0,0,0
FRZ,Fritzlar,,DE,51.114444444444445,9.285833333333333,0,0,0,0,0
FSC,Figari,,FR,41.50222222222222,9.096666666666668,1,36395,60484,827,832
FSD,Sioux Falls,SD,US,43.581944444444446,-96.74194444444444,1,242978,176347,1713,1788
FSI,Lawton/Fort Sill,OK,US,34.666666666666664,-98.41666666666667,0,0,0,0,0
FSK,Fort Scott,KS,US,37.8,-94.76666666666667,0,0,0,0,0
FSL,Fossil Downs Station,WA,AU,-18.2,125.75,0,0,0,0,0
FSM,Fort Smith,AR,US,35.336666666666666,-94.36749999999999,1,27069,22145,281,193
FSP,St Pierre,,PM,46.763333333333335,-56.17444444444444,1,274,478,54,54
FSS,Forres,,GB,57.65,-3.5666666666666664,0,0,0,0,0
FST,Fort Stockton,TX,US,30.916666666666668,-102.91666666666667,0,0,0,0,0
FSU,Fort Sumner,NM,US,34.46666666666667,-104.25,0,0,0,0,0
FSZ,Shizuoka,,JP,34.79694444444444,138.1808333333333,1,116335,131782,46,51
FTA,Futuna Island,,VU,-19.51638888888889,170.23250000000002,1,11,13,2,1
FTE,El Calafate,SC,AR,-50.28,-72.05333333333333,1,139640,314353,562,544
FTI,Fitiuta,,AS,-14.216388888888888,-169.42361111111111,0,0,0,0,0
FTK,Fort Knox,KY,US,37.9,-85.95,0,0,0,0,0
FTU,Tolanaro,,MG,-25.03805555555556,46.95611111111111,1,119,206,80,75
FTW,Fort Worth,TX,US,32.75111111111111,-97.33111111111111,1,213,74,0,0
FTX,Owando,,CG,-0.5313888888888889,15.950277777777776,0,0,0,0,0
FUB,Fulleborn,,PG,-6.15,150.65,0,0,0,0,0
FUE,Fuerteventura,,ES,28.452777777777776,-13.863888888888889,1,544714,977212,5207,5214
FUG,Fuyang,,CN,32.880833333333335,115.73361111111112,1,19271,17009,219,218
FUJ,Fukue,,JP,32.66638888888889,128.83277777777778,1,7964,9725,58,58
FUK,Fukuoka,,JP,33.58583333333333,130.45055555555555,1,5890126,7468415,4139,4074
FUL,Fullerton,CA,US,33.87222222222222,-117.97972222222222,0,0,0,0,0
FUM,Fuma,,PG,-6.383333333333334,142.43333333333334,0,0,0,0,0
FUN,Funafuti,,TV,-8.525277777777779,179.19583333333333,1,3799,5557,91,91
FUO,Foshan,,CN,23.081666666666667,113.07,1,5330,21356,138,161
FUT,Futuna,,WF,-14.311388888888889,-178.06611111111113,1,61,62,12,12
FVL,Flora Valley,WA,AU,-18.283333333333335,128.41666666666666,0,0,0,0,0
FVM,Fuvahmulak Island,,MV,-0.3094444444444444,73.43277777777779,1,0,0,6,4
FVR,Forrest River Mission,WA,AU,-15.165555555555557,127.8411111111111,0,0,0,0,0
FWA,Fort Wayne,IN,US,41.11666666666667,-85.11666666666666,1,123875,85999,1204,1209
FWL,Farewell,AK,US,62.516666666666666,-153.9,0,0,0,0,0
FXO,Cuamba,,MZ,-14.815277777777778,36.53055555555555,0,0,0,0,0
FXY,Forest City,IA,US,43.266666666666666,-93.65,0,0,0,0,0
FYJ,Fuyuan,,CN,48.19777777777777,134.36444444444444,1,155,154,21,21
FYM,Fayetteville,TN,US,35.15,-86.58333333333333,0,0,0,0,0
FYN,Fuyun,,CN,46.801111111111105,89.53833333333333,1,31,159,19,18
FYT,Faya-Largeau,,TD,17.916666666666668,19.109722222222224,0,0,0,0,0
FYU,Fort Yukon,AK,US,66.57138888888889,-145.25055555555556,1,0,0,16,16
FYV,Fayetteville/Springdale,AR,US,36.05,-94.16666666666667,1,212801,239042,4200,3551
FZL,Fuzuli,,AZ,39.594722222222224,47.19638888888888,0,0,0,0,0
FZO,Filton,,GB,51.519444444444446,-2.590277777777778,0,0,0,0,0
GAA,Guamal,,CO,9.15,-74.23333333333333,0,0,0,0,0
GAB,Gabbs,NV,US,38.86666666666667,-117.91666666666667,0,0,0,0,0
GAC,Gracias,,HN,14.5,-88.53333333333333,0,0,0,0,0
GAD,Gadsden,AL,US,33.96666666666667,-86.08333333333333,0,0,0,0,0
GAE,Gabes,,TN,33.7325,9.916111111111112,1,10,20,1,1
GAF,Gafsa,,TN,34.42194444444444,8.8225,0,0,0,0,0
GAG,Gage,OK,US,36.31666666666667,-99.75,0,0,0,0,0
GAH,Gayndah,QL,AU,-25.616666666666667,151.61666666666667,0,0,0,0,0
GAI,Gaithersburg,MD,US,39.16833333333333,-77.16611111111112,0,0,0,0,0
GAJ,Yamagata,,JP,38.411944444444444,140.3713888888889,1,44850,36265,26,30
GAL,Galena,AK,US,64.73611111111111,-156.9375,1,0,0,19,16
GAM,Gambell,AK,US,63.766666666666666,-171.73277777777778,1,11,14,4,5
GAN,Gan Island,,MV,-0.6933333333333334,73.15555555555557,1,8274,18826,40,40
GAO,Guantanamo,,CU,20.085277777777776,-75.15833333333335,1,0,0,0,0
GAP,Gusap,,PG,-6.05,145.96666666666667,0,0,0,0,0
GAQ,Gao,,ML,16.248333333333335,-0.005555555555555556,1,0,0,3,2
GAR,Garaina,,PG,-7.866666666666667,147.13333333333333,0,0,0,0,0
GAS,Garissa,,KE,-0.46361111111111114,39.64833333333333,1,0,0,0,0
GAT,Gap,,FR,44.455000000000005,6.0377777777777775,0,0,0,0,0
GAU,Guwahati,AS,IN,26.10611111111111,91.58583333333333,1,1319595,1455762,647,599
GAV,Gag Island,,ID,-0.45,130.88333333333333,0,0,0,0,0
GAW,Gangaw,,MM,22.166666666666668,94.13333333333334,0,0,0,0,0
GAX,Gamba,,GA,-2.753888888888889,10.006944444444445,1,0,0,1,1
GAY,Gaya,BR,IN,24.744444444444447,84.95111111111112,1,45910,58091,22,22
GAZ,Guasopa,,PG,-9.233333333333333,152.95,0,0,0,0,0
GBA,Kemble,,GB,51.668055555555554,-2.0569444444444445,0,0,0,0,0
GBB,Gabala,,AZ,40.80916666666666,47.725,0,0,0,0,0
GBC,Gasuke,,PG,-6.1,141.73333333333332,0,0,0,0,0
GBD,Great Bend,KS,US,38.35,-98.86666666666666,0,0,0,0,0
GBE,Gaborone,,BW,-24.55527777777778,25.918333333333333,1,77671,71210,741,695
GBF,Negarbo,,PG,-6.583333333333333,144.66666666666666,0,0,0,0,0
GBG,Galesburg,IL,US,40.93333333333333,-90.43333333333334,0,0,0,0,0
GBH,Galbraith,AK,US,68.46666666666667,-149.48333333333332,0,0,0,0,0
GBI,Gulbarga,KA,IN,17.30777777777778,76.95861111111111,1,1926,1818,3,3
GBJ,Marie Galante,,GP,15.86888888888889,-61.269999999999996,1,0,3,0,0
GBK,Gbangbatok,,SL,7.800277777777778,-12.366666666666667,0,0,0,0,0
GBL,South Goulburn Island,NT,AU,-11.666666666666666,133.41666666666666,0,0,0,0,0
GBM,Garbaharey,,SO,3.3333333333333335,42.18333333333333,0,0,0,0,0
GBP,Gamboola,QL,AU,-16.55,143.66666666666666,0,0,0,0,0
GBQ,Muharraq,,BH,26.249444444444446,50.65222222222222,0,0,0,0,0
GBR,Great Barrington,MA,US,42.2,-73.36666666666666,0,0,0,0,0
GBS,Port Fitzroy,,NZ,-36.166666666666664,175.35,0,0,0,0,0
GBT,Gorgan,,IR,36.91138888888889,54.39805555555556,1,0,0,22,22
GBU,Khashm el Girba,,SD,14.926388888888889,35.888888888888886,0,0,0,0,0
GBV,Gibb River,WA,AU,-16.333333333333332,126.36666666666666,0,0,0,0,0
GBW,Ginbata,WA,AU,-22.62472222222222,119.95861111111111,0,0,0,0,0
GBZ,Great Barrier Island,,NZ,-36.166666666666664,175.33333333333334,1,0,0,0,0
GCA,Guacamayas,,CO,2.283333333333333,-74.95,0,0,0,0,0
GCC,Gillette,WY,US,44.347500000000004,-105.54166666666667,1,11092,10716,15,17
GCD,Electric City,WA,US,47.92361111111111,-119.08055555555555,0,0,0,0,0
GCH,Gachsaran,,IR,30.33611111111111,50.830000000000005,1,0,0,2,2
GCI,Guernsey,,GB,49.43472222222222,-2.6019444444444444,1,17010,27385,160,158
GCK,Garden City,KS,US,37.927499999999995,-100.72444444444444,1,10437,9759,100,99
GCM,Grand Cayman,,KY,19.29277777777778,-81.35777777777777,1,147744,201344,609,570
GCN,Grand Canyon,AZ,US,35.95,-112.15,1,30197,55064,172,186
GCT,Grand Canyon,AZ,US,36.25805555555556,-113.23111111111112,0,0,0,0,0
GCW,Grand Canyon West,AZ,US,35.99027777777778,-113.81638888888888,1,0,0,1,1
GCY,Greeneville,TN,US,36.18333333333333,-82.81666666666666,0,0,0,0,0
GDA,Gounda,,CF,9.333333333333334,21.183333333333334,0,0,0,0,0
GDB,Gondia,MH,IN,21.52472222222222,80.28833333333333,1,0,0,4,4
GDD,Gordon Downs,WA,AU,-18.833333333333332,128.53333333333333,0,0,0,0,0
GDE,Gode,,ET,5.9350000000000005,43.578611111111115,1,9307,9532,2,2
GDG,Magdagachi,,RU,53.46666666666667,125.8,0,0,0,0,0
GDH,Golden Horn,AK,US,59.71666666666667,-158.16666666666666,0,0,0,0,0
GDI,Melle,,CF,9.733333333333333,21.583333333333332,0,0,0,0,0
GDJ,Gandajika,,CD,-6.7333333333333325,23.95,0,0,0,0,0
GDL,Guadalajara,,MX,20.521666666666665,-103.3111111111111,1,2467487,2858837,4549,4666
GDM,Gardner,MA,US,42.56666666666667,-72.0,0,0,0,0,0
GDN,Gdansk,,PL,54.35194444444445,18.64638888888889,1,1159584,1214165,2162,1964
GDO,Guasdualito,,VE,7.211111111111111,-70.75638888888889,0,0,0,0,0
GDP,Guadalupe,PI,BR,-6.781944444444444,-43.58166666666667,0,0,0,0,0
GDQ,Gonder,,ET,12.520000000000001,37.43416666666666,1,12421,12291,15,14
GDR,Angra dos Reis,RJ,BR,-22.975555555555555,-44.30722222222222,0,0,0,0,0
GDT,Grand Turk,,TC,21.44527777777778,-71.14527777777778,1,4598,6579,28,28
GDV,Glendive,MT,US,47.14055555555556,-104.80944444444444,1,1760,1834,12,12
GDW,Gladwin,MI,US,43.983333333333334,-84.48333333333333,0,0,0,0,0
GDX,Magadan,,RU,59.91111111111111,150.72055555555556,1,13281,3932,58,56
GDZ,Gelendzhik,,RU,44.57916666666667,38.011944444444445,0,0,0,0,0
GEB,Gebe,,ID,-0.08333333333333333,129.33333333333334,0,0,0,0,0
GEC,Gecitkale,,CY,35.236111111111114,33.72,0,44,41,0,0
GED,Georgetown,DE,US,38.68333333333333,-75.36666666666666,0,0,0,0,0
GEE,George Town,TS,AU,-41.1,146.83333333333334,0,0,0,0,0
GEF,Geva,,SB,-7.5777777777777775,156.59722222222223,0,0,0,0,0
GEG,Spokane,WA,US,47.63333333333333,-117.53333333333333,1,599959,439929,4475,4802
GEL,Santo Angelo,RS,BR,-28.282777777777778,-54.17027777777778,1,13236,11188,150,147
GEM,Mongomo,,GQ,1.6913888888888888,11.023888888888889,1,0,0,4,5
GEO,Georgetown,,GY,6.498611111111111,-58.25416666666667,1,268996,239616,741,736
GER,Nueva Gerona,,CU,21.834722222222222,-82.78388888888888,1,0,0,0,0
GES,General Santos,,PH,6.106388888888889,125.23527777777778,1,303737,386639,110,109
GET,Geraldton,WA,AU,-28.796666666666667,114.7063888888889,1,8798,55856,69,65
GEV,Gallivare,,SE,67.1325,20.814722222222223,1,1870,1991,122,122
GEW,Gewoya,,PG,-9.183333333333334,148.48333333333332,0,0,0,0,0
GEX,Geelong,VI,AU,-38.22555555555556,144.33333333333334,0,0,0,0,0
GEY,Greybull,WY,US,44.516666666666666,-108.08333333333333,0,0,0,0,0
GFD,Greenfield,IN,US,39.78333333333333,-85.76666666666667,0,0,0,0,0
GFE,Grenfell,NS,AU,-33.9,148.16666666666666,0,0,0,0,0
GFF,Griffith,NS,AU,-34.25388888888889,146.06166666666667,1,42468,43872,35,38
GFK,Grand Forks,ND,US,47.94916666666666,-97.17611111111111,1,24417,20573,350,517
GFL,Glens Falls,NY,US,43.33888888888889,-73.60888888888888,0,0,0,0,0
GFN,Grafton,NS,AU,-29.759444444444444,153.03,0,0,0,0,0
GFO,Bartica,,GY,6.416666666666667,-58.583333333333336,0,0,0,0,0
GFR,Granville,,FR,48.882777777777775,-1.5638888888888889,0,0,0,0,0
GFY,Grootfontein,,NA,-19.6,18.133333333333333,0,0,0,0,0
GGB,Agua Boa,MT,BR,-14.019722222222223,-52.151944444444446,0,0,0,0,0
GGC,Lumbala N' guimbo,,AO,-14.116666666666667,21.433333333333334,0,0,0,0,0
GGD,Gregory Downs,QL,AU,-18.7,139.25,0,0,0,0,0
GGE,Georgetown,SC,US,33.31666666666667,-79.31666666666666,0,0,0,0,0
GGF,Almeirim,PA,BR,-1.4791666666666667,-52.57805555555556,1,3,7,10,12
GGG,Longview,TX,US,32.38388888888889,-94.71138888888889,1,18742,17070,115,173
GGH,Cianorte,PR,BR,-23.691666666666666,-52.64222222222222,0,0,0,0,0
GGJ,Guaira,PR,BR,-24.08111111111111,-54.19138888888889,1,1,1,4,4
GGL,Gilgal,,CO,8.333333333333334,-77.08333333333333,0,0,0,0,0
GGM,Kakamega,,KE,0.2713888888888889,34.7875,1,1,0,3,1
GGN,Gagnoa,,CI,6.133333333333334,-5.933333333333334,0,0,0,0,0
GGO,Guiglo,,CI,6.55,-7.483333333333333,0,0,0,0,0
GGR,Garowe,,SO,8.458055555555555,48.5675,1,7829,6311,22,20
GGS,Gobernador Gregores,SC,AR,-48.78194444444444,-70.15555555555557,0,0,0,0,0
GGT,George Town,,BS,23.5625,-75.87805555555555,1,31099,51166,349,340
GGW,Glasgow,MT,US,48.212500000000006,-106.61472222222221,1,1163,1585,12,12
GHA,Ghardaia,,DZ,32.384166666666665,3.7941666666666665,1,2262,3091,33,31
GHB,Governors Harbour,,BS,25.284722222222225,-76.33111111111111,1,1771,3054,57,77
GHC,Great Harbour Cay,,BS,25.75027777777778,-77.85,1,0,0,2,2
GHE,Garachine,,PA,8.064722222222223,-78.36722222222221,0,0,0,0,0
GHF,Giebelstadt,,DE,49.65,9.966666666666667,0,0,0,0,0
GHK,Kennedy Lake,NT,CA,63.43472222222222,-109.20027777777779,0,0,0,0,0
GHM,Centerville,TN,US,35.78333333333333,-87.46666666666667,0,0,0,0,0
GHN,Guanghan,,CN,30.948611111111113,104.32972222222222,0,0,0,0,0
GHS,West Kutai,,ID,-0.2038888888888889,115.75972222222222,1,0,0,1,1
GHT,Ghat,,LY,25.145555555555553,10.142777777777777,1,0,0,1,1
GHU,Gualeguaychu,ER,AR,-33.016666666666666,-58.583333333333336,0,0,0,0,0
GHV,Brasov,,RO,45.70611111111111,25.523333333333333,1,0,0,12,12
GIB,Gibraltar,,GI,36.151111111111106,-5.349722222222222,1,22412,65812,1136,1120
GIC,Boigu Island,QL,AU,-9.233055555555556,142.2175,1,30,54,100,92
GID,Gitega,,BI,-3.4166666666666665,29.916666666666668,0,0,0,0,0
GIF,Winter Haven,FL,US,28.066666666666666,-81.75,0,0,0,0,0
GII,Siguiri,,GN,11.4,-9.183333333333334,0,0,0,0,0
GIL,Gilgit,,PK,35.91888888888889,74.33361111111111,1,5821,8109,6,6
GIM,Miele Mimbale,,GA,-0.016666666666666666,11.4,0,0,0,0,0
GIR,Girardot,,CO,4.283333333333333,-74.8,0,0,0,0,0
GIS,Gisborne,,NZ,-38.663888888888884,177.97694444444446,1,12211,13319,496,402
GIT,Geita,,TZ,-2.8666666666666667,32.166666666666664,1,12,23,2,1
GIU,Sigiriya,,LK,7.956111111111111,80.72833333333334,1,0,0,3,4
GIY,Giyani,,ZA,-23.283333333333335,30.666666666666668,0,0,0,0,0
GIZ,Jazan,,SA,16.90111111111111,42.58583333333333,1,149783,114562,230,247
GJA,Guanaja,,HN,16.44388888888889,-85.9038888888889,1,41,115,13,13
GJL,Jijel,,DZ,36.794999999999995,5.873611111111112,1,9286,11290,17,16
GJM,Guajara-Mirim,RO,BR,-10.833333333333334,-65.33333333333333,0,0,0,0,0
GJR,Gjogur,,IS,65.99527777777777,-21.326944444444443,1,0,0,1,1
GJT,Grand Junction,CO,US,39.123333333333335,-108.52583333333334,1,79695,66654,629,583
GKA,Goroka,,PG,-6.081666666666666,145.39194444444445,1,1586,5279,19,19
GKD,Gokceada,,TR,40.20111111111111,25.88222222222222,0,0,0,0,0
GKE,Geilenkirchen,,DE,50.96083333333333,6.0424999999999995,0,0,0,0,0
GKH,Gorkha,,NP,28.038611111111113,84.46666666666667,0,0,0,0,0
GKK,Kooddoo Island,,MV,0.7330555555555556,73.43416666666667,1,0,0,11,14
GKL,Great Keppel Island,QL,AU,-23.183333333333334,150.95,0,0,0,0,0
GKN,Gulkana,AK,US,62.156666666666666,-145.45472222222222,1,0,0,0,0
GKO,Kongo-Boumba,,GA,-0.08333333333333333,11.466666666666667,0,0,0,0,0
GKT,Sevierville,TN,US,35.85,-83.51666666666667,0,0,0,0,0
GLA,Glasgow,,GB,55.88333333333333,-4.25,1,2096368,1474700,18620,20314
GLB,Globe,AZ,US,33.35305555555556,-110.66722222222222,0,0,0,0,0
GLC,Geladi,,ET,6.966666666666667,46.416666666666664,0,0,0,0,0
GLD,Goodland,KS,US,39.36666666666667,-101.7,0,0,0,0,0
GLE,Gainesville,TX,US,33.61666666666667,-97.11666666666666,0,0,0,0,0
GLF,Golfito,,CR,8.653333333333334,-83.18138888888889,1,190,289,48,66
GLG,Glengyle,QL,AU,-24.766666666666666,139.58333333333334,0,0,0,0,0
GLH,Greenville,MS,US,33.477222222222224,-90.985,1,5574,4807,4,3
GLI,Glen Innes,NS,AU,-29.683333333333334,151.7,0,0,0,0,0
GLK,Galcaio,,SO,6.7813888888888885,47.45444444444445,1,0,0,8,9
GLL,Gol,,NO,60.78333333333333,9.05,0,0,0,0,0
GLM,Glenormiston,QL,AU,-22.283333333333335,138.31666666666666,0,0,0,0,0
GLN,Guelmime,,MA,29.026666666666667,-10.050277777777778,1,1660,2024,15,9
GLO,Gloucester/Cheltenham,,GB,51.89388888888889,-2.1669444444444443,1,10327,2636,0,0
GLP,Gulgubip,,PG,-5.283333333333333,141.51666666666668,0,0,0,0,0
GLR,Gaylord,MI,US,45.016666666666666,-84.7,0,0,0,0,0
GLS,Galveston,TX,US,29.266666666666666,-94.86666666666666,0,0,1,0,0
GLT,Gladstone,QL,AU,-23.869722222222222,151.2227777777778,1,87413,67310,208,234
GLU,Gelephu,,BT,26.884999999999998,90.46444444444445,0,0,0,13,13
GLV,Golovin,AK,US,64.54805555555555,-163.01194444444445,1,19,10,6,6
GLW,Glasgow,KY,US,37.03333333333333,-85.95,0,0,0,0,0
GLX,Galela,,ID,1.837777777777778,127.78583333333333,0,0,0,0,0
GLY,Mount Goldsworthy,WA,AU,-20.083333333333332,119.66666666666667,0,0,0,0,0
GLZ,Breda,,NL,51.56805555555556,4.933055555555556,0,4,1,0,0
GMA,Gemena,,CD,3.2352777777777777,19.77138888888889,1,0,0,10,13
GMB,Gambela,,ET,8.12888888888889,34.56305555555555,1,8918,9757,5,5
GMC,Guerima,,CO,3.6333333333333333,-71.16666666666667,0,0,0,0,0
GMD,Ben Slimane,,MA,33.65416666666667,-7.225555555555555,0,0,0,0,0
GME,Gomel,,BY,52.526944444444446,31.016666666666666,0,0,0,0,0
GMI,Gasmata,,PG,-6.3,150.33333333333334,0,0,0,0,0
GMM,Gamboma,,CG,-1.9333333333333331,15.866666666666667,0,0,0,0,0
GMN,Greymouth,,NZ,-42.46666666666667,171.18333333333334,0,0,0,0,0
GMO,Gombe,,NG,10.298055555555555,10.898888888888889,1,62,78,8,6
GMQ,Golog,,CN,34.4075,100.32222222222222,1,9,18,11,15
GMR,Totegegie,,PF,-23.08,-134.89027777777778,1,54,92,101,105
GMS,Guimaraes,MA,BR,-2.1333333333333333,-44.6,0,0,0,0,0
GMT,Granite Mountain,AK,US,65.4,-161.28333333333333,0,0,0,0,0
GMV,Monument Valley,UT,US,37.0,-110.2,0,0,0,0,0
GMZ,San Sebastian/Gomera,,ES,28.029722222222222,-17.21472222222222,1,18374,31168,21,19
GNA,Grodno,,BY,53.605555555555554,24.05388888888889,0,0,0,0,0
GND,Grenada,,GD,12.004166666666666,-61.78611111111111,1,90399,130113,339,334
GNF,Quincy,CA,US,39.943888888888885,-120.94527777777778,0,0,0,0,0
GNG,Gooding,ID,US,42.916666666666664,-114.78333333333333,0,0,0,0,0
GNI,Lyndao (Green Island),,TW,22.674166666666668,121.46611111111112,1,0,0,0,0
GNJ,Ganja,,AZ,40.735,46.3175,1,5911,10301,66,68
GNM,Guanambi,BA,BR,-14.216666666666667,-42.78333333333333,1,4864,3889,94,97
GNN,Ginir,,ET,7.15,40.71666666666667,0,0,0,0,0
GNR,General Roca,RN,AR,-39.03333333333333,-67.58333333333333,0,0,0,0,0
GNS,Gunung Sitoli,,ID,1.1669444444444446,97.70444444444445,1,0,0,14,7
GNT,Grants,NM,US,35.15,-107.86666666666666,0,0,0,0,0
GNU,Goodnews Bay,AK,US,59.117777777777775,-161.57611111111112,1,0,0,2,2
GNV,Gainesville,FL,US,29.69,-82.27166666666666,1,120167,107214,950,963
GNY,Sanliurfa,,TR,37.09444444444445,38.846944444444446,1,7773,14729,151,150
GNZ,Ghanzi,,BW,-21.7,21.666666666666668,0,0,0,0,0
GOA,Genoa,,IT,44.413333333333334,8.8375,1,439415,413103,979,859
GOB,Goba,,ET,7.118888888888889,40.044999999999995,1,214,9418,10,9
GOC,Gora,,PG,-8.416666666666666,147.66666666666666,0,0,0,0,0
GOE,Gonalia,,PG,-5.383333333333334,151.86666666666667,0,0,0,0,0
GOG,Gobabis,,NA,-22.504722222222224,18.97472222222222,0,0,0,0,0
GOH,Nuuk,,GL,64.19083333333333,-51.67805555555555,1,8960,15476,3276,3198
GOI,Goa,GA,IN,15.380833333333333,73.83138888888888,1,3057104,4356127,724,705
GOJ,Nizhny Novgorod,,RU,56.230000000000004,43.784166666666664,1,101557,49100,120,119
GOK,Guthrie,OK,US,35.88333333333333,-97.41666666666667,0,0,0,0,0
GOL,Gold Beach,OR,US,42.416666666666664,-124.41666666666667,0,0,0,0,0
GOM,Goma,,CD,-1.6708333333333332,29.238333333333333,1,14072,14059,199,204
GON,Groton/New London,CT,US,41.32972222222222,-72.04388888888889,0,18,24,0,0
GOO,Goondiwindi,QL,AU,-28.516666666666666,150.31666666666666,0,0,0,0,0
GOP,Gorakhpur,UP,IN,26.741111111111113,83.45,1,27824,53862,53,60
GOQ,Golmud,,CN,36.400555555555556,94.78833333333333,1,94,216,22,22
GOR,Gore,,ET,8.166666666666666,35.55,0,0,0,0,0
GOS,Gosford,NS,AU,-33.43333333333333,151.35,0,0,0,0,0
GOT,Goteborg,,SE,57.71666666666667,11.966666666666667,1,1673173,1310866,6316,6929
GOU,Garoua,,CM,9.335833333333333,13.370000000000001,1,0,0,1,1
GOV,Nhulunbuy,NT,AU,-12.269444444444446,136.81833333333333,1,3587,4109,75,81
GOX,Goa,GA,IN,15.731666666666667,73.86805555555554,1,65560,96482,277,362
GOY,Tura,,RU,64.33416666666666,100.43222222222222,1,0,0,44,41
GOZ,Gorna Oryahovitsa,,BG,43.15138888888889,25.712777777777777,1,0,0,0,0
GPA,Patrai,,GR,38.151111111111106,21.425555555555558,1,0,0,254,214
GPB,Guarapuava,PR,BR,-25.388055555555557,-51.5225,1,1070,974,13,12
GPD,Mount Gordon Mine,QL,AU,-19.999444444444446,139.91777777777776,0,0,0,0,0
GPI,Guapi,,CO,2.57,-77.89833333333334,1,471,558,24,24
GPL,Guapiles,,CR,10.216666666666667,-83.76666666666667,0,0,0,0,0
GPN,Garden Point,NT,AU,-11.4,130.43333333333334,0,0,0,0,0
GPO,General Pico,LP,AR,-35.7,-63.75,0,0,0,0,0
GPS,Baltra Island,,EC,-0.4538888888888889,-90.26583333333333,1,135769,221728,1660,1694
GPT,Gulfport/Biloxi,MS,US,30.40722222222222,-89.07,1,98454,85363,837,794
GPZ,Grand Rapids,MN,US,47.20861111111111,-93.5111111111111,0,0,0,0,0
GQQ,Galion,OH,US,40.733333333333334,-82.8,0,0,0,0,0
GRA,Gamarra,,CO,8.2,-73.78333333333333,0,0,0,0,0
GRB,Green Bay,WI,US,44.48555555555556,-88.13388888888889,1,117896,94900,1395,1515
GRC,Grand Cess,,LR,4.6,-8.166666666666666,0,0,0,0,0
GRD,Greenwood,SC,US,34.25,-82.15,0,0,0,0,0
GRE,Greenville,IL,US,38.88333333333333,-89.41666666666667,0,0,0,0,0
GRG,Gardez,,AF,33.61666666666667,69.11666666666666,0,0,0,0,0
GRH,Garuahi,,PG,-10.316666666666666,150.68333333333334,0,0,0,0,0
GRI,Grand Island,NE,US,40.9675,-98.30972222222222,1,18070,15635,179,201
GRJ,George,,ZA,-34.00555555555555,22.378888888888888,1,54803,67497,495,506
GRL,Garasa,,PG,-7.95,147.18333333333334,0,0,0,0,0
GRM,Grand Marais,MN,US,47.75,-91.33333333333333,0,0,0,0,0
GRN,Gordon,NE,US,42.8,-102.2,0,0,0,0,0
GRO,Girona,,ES,41.966944444444444,2.8102777777777774,1,397,77,446,452
GRP,Gurupi,TO,BR,-11.666666666666666,-49.21666666666667,0,0,0,0,0
GRQ,Groningen,,NL,53.125,6.583333333333333,1,2,1,104,104
GRR,Grand Rapids,MI,US,42.880833333333335,-85.52277777777778,1,628771,398143,4321,4132
GRS,Grosseto,,IT,42.76111111111111,11.070833333333333,0,0,0,0,0
GRT,Gujrat,,PK,32.56666666666667,74.08333333333333,0,0,0,0,0
GRV,Grozny,,RU,43.388333333333335,45.7,1,19669,11218,59,60
GRW,Graciosa Island,,PT,39.092222222222226,-28.029722222222222,1,5038,7853,85,85
GRX,Granada,,ES,37.18861111111111,-3.777222222222222,1,364241,397843,604,724
GRY,Grimsey,,IS,66.54583333333333,-18.01722222222222,1,0,0,3,3
GRZ,Graz,,AT,46.993611111111115,15.44,1,237210,197431,802,743
GSA,Long Pasia,,MY,4.4094444444444445,115.72444444444444,0,0,0,0,0
GSB,Goldsboro,NC,US,35.46666666666667,-77.96666666666667,0,0,0,0,0
GSC,Gascoyne Junction,WA,AU,-25.05,115.2,0,0,0,0,0
GSH,Goshen,IN,US,41.52638888888889,-85.79416666666667,0,0,0,0,0
GSI,Grand Santi,,GF,4.2844444444444445,-54.37861111111111,0,0,0,0,0
GSJ,Puerto San Jose,,GT,13.936111111111112,-90.83583333333333,0,0,0,0,0
GSL,Taltheilei Narrows,NT,CA,62.59722222222222,-111.54444444444444,0,0,0,0,0
GSM,Gheshm Island,,IR,26.751944444444444,55.89722222222222,1,0,0,44,41
GSN,Mount Gunson,SA,AU,-31.460555555555555,137.17249999999999,0,0,0,0,0
GSO,Greensboro/High Point,NC,US,36.09777777777778,-79.93722222222223,1,401677,255919,2798,2897
GSP,Greenville/Spartanburg,SC,US,34.85,-82.38333333333334,1,424606,292360,3305,3357
GSQ,Shark el-Owainat,,EG,22.583333333333332,28.716666666666665,0,0,0,0,0
GSR,Gardo,,SO,9.516666666666667,49.083333333333336,0,0,0,0,0
GSS,Sabie,,ZA,-25.11722222222222,30.799444444444447,0,0,0,0,0
GST,Gustavus,AK,US,58.416666666666664,-135.7,1,390,603,48,48
GSU,Gedaref,,SD,14.133333333333333,35.31666666666667,0,0,0,0,0
GSV,Saratov,,RU,51.71277777777778,46.17111111111111,1,278,344,43,43
GTA,Gatokae,,SB,-8.73861111111111,158.20277777777775,0,0,0,0,0
GTC,Geita,,TZ,-2.7425,31.706944444444442,0,0,0,0,0
GTE,Groote Eylandt,NT,AU,-13.9725,136.4586111111111,1,747,668,23,31
GTF,Great Falls,MT,US,47.5,-111.36666666666666,1,59708,51848,234,342
GTG,Grantsburg,WI,US,45.78333333333333,-92.68333333333334,0,0,0,0,0
GTI,Guettin,,DE,54.38333333333333,12.316666666666666,0,0,0,0,0
GTO,Gorontalo,,ID,0.6372222222222222,122.85138888888888,1,20909,31173,89,102
GTP,Grants Pass,OR,US,42.51,-123.38777777777779,1,1,0,0,0
GTS,The Granites,NT,AU,-20.548333333333336,130.35,1,0,0,1,1
GTT,Georgetown,QL,AU,-18.3,143.53333333333333,0,0,0,0,0
GTW,Zlin,,CZ,49.31444444444444,17.56888888888889,0,0,0,0,0
GTY,Gettysburg,PA,US,39.84444444444445,-77.27166666666666,0,0,0,0,0
GTZ,Grumeti,,TZ,-2.160833333333333,34.225,1,0,0,245,115
GUA,Guatemala City,,GT,14.584444444444445,-90.52722222222222,1,1663362,1871691,3114,3363
GUB,Guerrero Negro,,MX,28.033333333333335,-114.06666666666666,0,0,0,0,0
GUC,Gunnison,CO,US,38.535555555555554,-106.93305555555555,1,9102,10706,85,71
GUD,Goundam,,ML,16.35,-3.6,0,0,0,0,0
GUE,Guriaso,,PG,-3.5833333333333335,141.58333333333334,0,0,0,0,0
GUF,Gulf Shores,AL,US,30.166666666666668,-87.58333333333333,0,0,0,0,0
GUG,Guari,,PG,-8.1,146.88333333333333,0,0,0,0,0
GUH,Gunnedah,NS,AU,-30.95,150.23333333333332,0,0,0,0,0
GUI,Guiria,,VE,10.566666666666666,-62.3,0,0,0,0,0
GUJ,Guaratingueta,SP,BR,-22.816666666666666,-45.21666666666667,0,0,0,0,0
GUL,Goulburn,NS,AU,-34.81666666666667,149.73333333333332,0,0,0,0,0
GUM,Guam,,GU,13.483333333333333,144.73333333333332,1,727158,1052254,287,291
GUO,Guriel,,SO,5.3175,45.98527777777778,1,0,0,2,2
GUP,Gallup,NM,US,35.51111111111111,-108.78944444444444,1,141,156,7,7
GUQ,Guanare,,VE,9.033333333333333,-69.75,0,0,0,0,0
GUR,Alotau,,PG,-10.311388888888889,150.33916666666667,1,690,1261,10,11
GUS,Peru,IN,US,40.75,-86.06666666666666,0,0,0,0,0
GUT,Guetersloh,,DE,51.922777777777775,8.30638888888889,0,0,0,0,0
GUU,Grundarfjordur,,IS,64.99138888888889,-23.22472222222222,0,0,0,0,0
GUV,Mougulu,,PG,-6.283333333333333,142.41666666666666,0,0,0,0,0
GUW,Atyrau,,KZ,47.121944444444445,51.82138888888889,1,256332,181015,258,242
GUX,Guna,MP,IN,24.483333333333334,77.31666666666666,0,0,0,0,0
GUY,Guymon,OK,US,36.68333333333333,-101.48333333333333,0,0,0,0,0
GUZ,Guarapari,ES,BR,-20.65,-40.516666666666666,0,0,0,0,0
GVA,Geneva,,CH,46.238055555555555,6.108888888888888,1,4391693,3758436,38881,38734
GVE,Gordonsville,VA,US,38.15,-78.16666666666667,0,0,0,0,0
GVI,Green River,,PG,-3.9166666666666665,141.16666666666666,0,0,0,0,0
GVL,Gainesville,GA,US,34.266666666666666,-83.83333333333333,0,0,0,0,0
GVN,Sovetskaya Gavan,,RU,48.92722222222222,140.03416666666666,1,0,0,8,8
GVP,Greenvale,QL,AU,-15.783333333333333,144.61666666666667,0,0,0,0,0
GVR,Governador Valadares,MG,BR,-18.89527777777778,-41.98222222222223,1,9643,12646,76,89
GVT,Greenville,TX,US,33.13333333333333,-96.11666666666666,0,0,0,0,0
GVX,Gavle,,SE,60.68333333333333,17.166666666666668,1,123,30,0,0
GWA,Gwa,,MM,17.833333333333332,94.5,0,0,0,0,0
GWD,Gwadar,,PK,25.233333333333334,62.32944444444445,1,2213,1782,3,3
GWE,Gweru,,ZW,-19.55,29.733333333333334,0,0,0,0,0
GWL,Gwalior,MP,IN,26.293333333333337,78.22777777777777,1,12102,17888,35,35
GWN,Gnarowein,,PG,-6.566666666666666,146.25,0,0,0,0,0
GWO,Greenwood,MS,US,33.5,-90.2,0,0,0,0,0
GWS,Glenwood Springs,CO,US,39.55,-107.31666666666666,0,0,0,0,0
GWT,Westerland,,DE,54.913333333333334,8.340555555555556,1,7695,14856,50,52
GWV,Glendale,WV,US,39.93333333333333,-80.73333333333333,0,0,0,0,0
GWY,Galway,,IE,53.30027777777777,-8.94111111111111,0,1,23,0,0
GXA,Muara Teweh,,ID,-0.9427777777777778,114.89444444444445,0,0,0,0,0
GXF,Sayun,,YE,15.966111111111111,48.788333333333334,1,0,0,21,20
GXG,Negage,,AO,-7.755277777777778,15.288055555555555,0,0,0,0,0
GXH,Xiahe,,CN,34.81888888888889,102.62083333333332,1,27,101,3,3
GXQ,Coyhaique,,CL,-45.5,-72.51666666666667,0,0,0,0,0
GXX,Yagoua,,CM,10.360277777777778,15.237222222222222,0,0,0,0,0
GXY,Greeley,CO,US,40.333333333333336,-104.61666666666666,0,0,0,0,0
GYA,Guayaramerin,,BO,-10.817777777777778,-65.34722222222221,1,13,26,8,28
GYB,Wodgina,WA,AU,-21.139722222222222,118.69277777777778,0,0,0,0,0
GYE,Guayaquil,,EC,-2.1574999999999998,-79.88361111111112,1,1791949,1501251,4916,4710
GYG,Magan,,RU,62.10388888888889,129.54305555555555,0,0,0,0,0
GYI,Gisenyi,,RW,-1.7,29.25,0,0,0,0,0
GYL,Argyle,WA,AU,-16.63611111111111,128.45027777777776,1,0,3,0,0
GYM,Guaymas,,MX,27.968888888888888,-110.92527777777778,0,0,0,0,0
GYN,Goiania,GO,BR,-16.631944444444446,-49.220555555555556,1,1195234,816095,1760,1750
GYO,Blangkejeren,,ID,3.9466666666666668,97.3586111111111,0,0,0,0,0
GYP,Gympie,QL,AU,-26.283333333333335,152.7,0,0,0,0,0
GYR,Goodyear,AZ,US,33.42305555555555,-112.37416666666665,0,0,0,0,0
GYS,Guangyuan,,CN,32.39,105.69305555555556,1,1803,1892,109,102
GYU,Guyuan,,CN,36.07888888888889,106.21638888888889,1,310,604,82,78
GYZ,Gruyere,WA,AU,-28.034166666666668,123.81444444444445,1,0,0,0,0
GZA,Gaza,,PS,31.24638888888889,34.27611111111111,0,0,0,0,0
GZG,Ganzi,,CN,30.142222222222223,101.73972222222223,1,25,145,5,4
GZI,Ghazni,,AF,33.53138888888889,68.41305555555556,0,0,0,0,0
GZM,Gozo Heliport,,MT,36.03388888888889,14.200833333333332,0,2,9,0,0
GZO,Gizo,,SB,-8.0975,156.8636111111111,1,197,423,25,23
GZP,Gazipasa,,TR,36.29805555555556,32.290277777777774,1,296019,297396,478,473
GZT,Gaziantep,,TR,36.947222222222216,37.478611111111114,1,260682,304936,1217,1122
GZW,Ghazvin,,IR,36.233333333333334,50.03333333333333,0,0,0,0,0
HAA,Hasvik,,NO,70.48666666666666,22.139722222222222,1,929,884,109,82
HAB,Hamilton,AL,US,34.11666666666667,-88.0,0,0,0,0,0
HAC,Hachijojima,,JP,33.115,139.78583333333333,1,5787,7381,17,16
HAD,Halmstad,,SE,56.691111111111105,12.820277777777777,1,2385,2036,66,66
HAE,Havasupai,AZ,US,36.230555555555554,-112.66944444444445,0,0,0,0,0
HAF,Half Moon Bay,CA,US,37.483333333333334,-122.46666666666667,0,0,0,0,0
HAI,Three Rivers,MI,US,41.95,-85.63333333333334,0,0,0,0,0
HAJ,Hannover,,DE,52.45,9.7,1,2271205,1180641,8912,8339
HAK,Haikou,,CN,19.934722222222224,110.4588888888889,1,970270,1198925,5401,5278
HAL,Halali,,NA,-19.966666666666665,13.066666666666666,0,0,0,0,0
HAM,Hamburg,,DE,53.63333333333333,9.983333333333333,1,5779862,3949258,14413,14001
HAN,Hanoi,,VN,21.22111111111111,105.80722222222222,1,8295811,10889353,11407,10865
HAO,Hamilton,OH,US,39.36388888888889,-84.52194444444444,0,0,0,0,0
HAP,Long Island/Happy Bay,QL,AU,-21.523055555555555,148.96388888888887,0,0,0,0,0
HAQ,Hanimaadhoo Island,,MV,6.746388888888889,73.16861111111112,1,0,0,9,10
HAR,Harrisburg,PA,US,40.266666666666666,-76.86666666666666,1,120596,169471,1370,1456
HAS,Hail,,SA,27.438055555555557,41.686388888888885,1,99417,76061,299,297
HAT,Heathlands,QL,AU,-11.736944444444443,142.57722222222222,0,0,0,0,0
HAU,Haugesund,,NO,59.34527777777778,5.208333333333334,1,98508,89375,1098,1159
HAV,Havana,,CU,22.990277777777777,-82.40777777777778,1,678793,1282907,1825,1914
HAW,Haverfordwest,,GB,51.83305555555556,-4.961111111111111,0,0,0,0,0
HAY,Aguachica,,CO,8.246666666666666,-73.58055555555555,1,0,0,2,2
HAZ,Hatzfeldthaven,,PG,-4.333333333333333,145.16666666666666,0,0,0,0,0
HBA,Hobart,TS,AU,-42.836111111111116,147.5102777777778,1,868931,990517,2154,2312
HBD,Habi,,PG,-6.333333333333333,142.49777777777777,0,0,0,0,0
HBG,Hattiesburg/Laurel,MS,US,31.266666666666666,-89.25,0,18,25,0,0
HBH,Entrance Island,AK,US,57.40833333333333,-133.46666666666667,0,0,0,0,0
HBK,Holbrook,AZ,US,34.940555555555555,-110.13833333333334,0,0,0,0,0
HBQ,Qilian,,CN,38.00833333333333,100.64083333333333,1,1,26,1,1
HBR,Hobart,OK,US,34.99138888888889,-99.05472222222222,0,0,0,0,0
HBT,Hambantota SPB,,LK,6.122777777777777,81.10416666666666,0,0,0,0,0
HBU,Bulgan (Khovd),,MN,46.10194444444445,91.58416666666666,0,0,0,0,0
HBX,Hubli,KA,IN,15.361666666666666,75.08694444444444,1,0,3,28,28
HCA,Big Spring,TX,US,32.3,-101.43333333333334,0,0,0,0,0
HCC,Hudson,NY,US,42.294444444444444,-73.71111111111111,0,0,0,0,0
HCJ,Hechi,,CN,24.784166666666668,107.70027777777779,1,92,349,17,17
HCM,Eil,,SO,8.0,49.925,0,0,0,0,0
HCN,Hengchun,,TW,22.041111111111114,120.73027777777779,0,0,0,0,0
HCQ,Halls Creek,WA,AU,-18.233333333333334,127.66666666666667,1,57,59,18,18
HCR,Holy Cross,AK,US,62.19027777777777,-159.7725,1,0,0,2,2
HCW,Cheraw,SC,US,34.7,-79.88333333333334,0,0,0,0,0
HCZ,Chenzhou,,CN,25.753333333333334,112.84444444444443,1,14,104,61,61
HDB,Heidelberg,,DE,49.39333333333333,8.651944444444444,0,6,16,0,0
HDD,Hyderabad,,PK,25.31833333333333,68.36638888888888,0,0,0,0,0
HDE,Holdrege,NE,US,40.43333333333333,-99.36666666666666,0,0,0,0,0
HDF,Heringsdorf,,DE,53.87861111111111,14.152222222222223,1,0,0,2,2
HDG,Handan,,CN,36.52583333333333,114.42500000000001,1,8214,9085,126,124
HDH,Mokuleia,HI,US,21.579722222222223,-158.19722222222222,0,0,0,0,0
HDK,Kulhudhuffushi,,MV,6.630833333333334,73.06777777777778,1,0,0,5,5
HDM,Hamadan,,IR,34.8675,48.55638888888888,0,0,0,0,0
HDN,Hayden,CO,US,40.483333333333334,-107.22361111111111,1,17277,19905,329,358
HDR,Havadarya,,IR,27.05,56.166666666666664,0,0,0,0,0
HDS,Hoedspruit,,ZA,-24.34861111111111,30.946944444444444,1,11973,19039,191,199
HDY,Hat Yai,,TH,6.932777777777778,100.39500000000001,1,1166908,1191590,220,221
HEA,Herat,,AF,34.21,62.22833333333333,1,1529,1218,5,6
HEB,Hinthada,,MM,17.642777777777777,95.48166666666667,0,0,0,0,0
HED,Herendeen Bay,AK,US,55.8,-160.9,0,0,0,0,0
HEE,Helena-West Helena,AR,US,34.583333333333336,-90.66666666666667,0,0,0,0,0
HEH,Heho,,MM,20.746944444444445,96.79194444444444,1,4623,4385,183,213
HEI,Heide/Buesum,,DE,54.15333333333333,8.901666666666667,1,0,0,0,0
HEK,Heihe,,CN,50.17166666666667,127.30944444444444,1,8296,5653,28,22
HEL,Helsinki,,FI,60.31722222222223,24.96333333333333,1,4432017,4127935,18028,16772
HEO,Haelogo,,PG,-9.133333333333333,147.58333333333334,0,0,0,0,0
HER,Irakleion,,GR,35.33972222222222,25.18027777777778,1,683999,663562,5760,5500
HES,Hermiston,OR,US,45.85,-119.28333333333333,0,0,0,0,0
HET,Hohhot,,CN,40.85138888888889,111.82416666666666,1,125179,151793,1841,1850
HEW,Dongyang,,CN,29.12527777777778,120.24333333333334,0,0,0,0,0
HEZ,Natchez,MS,US,31.616666666666667,-91.3,0,0,0,0,0
HFA,Haifa,,IL,32.811388888888885,35.04333333333333,0,0,0,0,0
HFD,Hartford,CT,US,41.766666666666666,-72.68333333333334,1,711973,878847,4179,4509
HFE,Hefei,,CN,31.991111111111113,116.98916666666666,1,459925,523996,1633,1654
HFF,Camp Mackall,NC,US,35.03333333333333,-79.56666666666666,0,0,0,0,0
HFN,Hornafjordur,,IS,64.29555555555555,-15.227222222222222,1,0,0,4,4
HFS,Hagfors,,SE,60.019999999999996,13.578888888888889,1,392,453,40,40
HFT,Hammerfest,,NO,70.67916666666667,23.66611111111111,1,5561,6394,354,386
HGA,Hargeisa,,SO,9.51388888888889,44.08388888888889,1,40381,56436,308,301
HGD,Hughenden,QL,AU,-20.813055555555557,144.2252777777778,1,71,111,3,3
HGE,Higuerote,,VE,10.462222222222222,-66.09277777777777,0,0,0,0,0
HGH,Hangzhou,,CN,30.229444444444443,120.43444444444445,1,5086200,4927495,6551,6532
HGI,Itanagar,AR,IN,26.967777777777776,93.64055555555557,1,0,0,13,22
HGL,Helgoland,,DE,54.18527777777778,7.9158333333333335,1,0,0,0,0
HGN,Mae Hong Son,,TH,19.301666666666666,97.97500000000001,1,734,2491,45,57
HGO,Korhogo,,CI,9.387222222222222,-5.557222222222222,1,187,501,36,26
HGR,Hagerstown,MD,US,39.70805555555556,-77.72944444444444,1,58,92,59,63
HGT,Fort Hunter Liggett,CA,US,35.983333333333334,-121.16666666666667,0,0,0,0,0
HGU,Mount Hagen,,PG,-5.826666666666666,144.29583333333332,1,2173,3110,37,35
HGZ,Hogatza,AK,US,66.18333333333334,-155.66666666666666,0,0,0,0,0
HHE,Hachinohe,,JP,40.55,141.48333333333332,0,0,0,0,0
HHH,Hilton Head Island,SC,US,32.22222222222222,-80.69888888888889,1,31749,34506,80,73
HHI,Wahiawa,HI,US,21.5,-158.01666666666668,0,2212,1750,0,0
HHQ,Hua Hin,,TH,12.630277777777778,99.95333333333333,1,0,0,4,4
HHR,Hawthorne,CA,US,33.922777777777775,-118.33472222222221,1,415,202,26,26
HHZ,Hikueru,,PF,-17.548055555555557,-142.61333333333332,1,0,0,48,35
HIA,Huai'an,,CN,33.7875,119.12777777777777,1,19054,19331,245,234
HIB,Hibbing/Chisholm,MN,US,47.38666666666666,-92.83888888888889,1,3933,3501,45,45
HID,Horn Island,QL,AU,-10.586388888888889,142.29,1,3700,4776,740,736
HIE,Whitefield,NH,US,44.36666666666667,-71.55,0,0,2,0,0
HIG,Highbury,QL,AU,-16.433333333333334,143.15,0,0,0,0,0
HIH,Hook Island,QL,AU,-20.166666666666668,148.95,0,0,0,0,0
HII,Lake Havasu City,AZ,US,34.568333333333335,-114.35527777777777,0,0,0,0,0
HIJ,Hiroshima,,JP,34.43333333333333,132.92499999999998,1,416821,437248,612,753
HIL,Shilabo,,ET,6.083333333333333,44.8,0,0,0,0,0
HIM,Hingurakgoda,,LK,8.050277777777778,80.98222222222222,0,0,0,0,0
HIN,Jinju,,KR,35.08861111111111,128.07027777777776,1,1910,2093,7,6
HIO,Portland,OR,US,45.53805555555555,-122.9475,0,0,0,0,0
HIP,Headingly,QL,AU,-21.316666666666666,138.3,0,0,0,0,0
HIR,Honiara,,SB,-9.429444444444444,160.0511111111111,1,54358,42458,152,151
HIS,Hayman Island,QL,AU,-20.060000000000002,148.8836111111111,1,328,635,0,0
HIT,Hivaro,,PG,-6.941944444444444,143.05694444444447,0,0,0,0,0
HJB,Hejing,,CN,42.97694444444445,83.99694444444445,0,0,0,0,0
HJJ,Huaihua,,CN,27.441388888888888,109.70027777777779,1,127,234,43,43
HJR,Khajuraho,MP,IN,24.81722222222222,79.91861111111112,1,3603,7231,13,11
HJT,Khujirt,,MN,46.9,102.76666666666667,0,0,0,0,0
HKB,Healy Lake,AK,US,63.8675,-148.97027777777777,1,0,0,2,3
HKD,Hakodate,,JP,41.769999999999996,140.82194444444445,1,193879,231712,419,397
HKG,Hong Kong,,HK,22.333333333333332,114.2,1,46032735,39060150,9319,8594
HKK,Hokitika,,NZ,-42.71138888888889,170.98416666666665,1,2995,8589,46,50
HKN,Hoskins,,PG,-5.4622222222222225,150.405,1,1394,1387,21,17
HKR,Maasai Mara,,KE,-1.1455555555555554,35.124722222222225,1,3,0,52,68
HKT,Phuket,,TH,8.112222222222222,98.30527777777777,1,8389267,13694143,3300,3316
HKV,Haskovo,,BG,41.87166666666667,25.604722222222225,0,0,0,0,0
HKY,Hickory,NC,US,35.733333333333334,-81.38333333333334,0,0,0,0,0
HLB,Batesville,IN,US,39.3,-85.21666666666667,0,0,0,0,0
HLC,Hill City,KS,US,39.36666666666667,-99.85,0,0,0,0,0
HLD,Hailar,,CN,49.20861111111111,119.81666666666666,1,9169,10578,357,333
HLE,Jamestown,,SH,-15.958055555555555,-5.645,1,762,2189,37,24
HLF,Hultsfred/Vimmerby,,SE,57.516666666666666,15.833333333333334,0,0,0,0,0
HLG,Wheeling,WV,US,40.18333333333333,-80.65,0,0,0,0,0
HLH,Ulanhot,,CN,46.19472222222222,122.00833333333334,1,1344,1286,179,188
HLI,Hollister,CA,US,36.85,-121.4,0,0,0,0,0
HLJ,Zhaodong,,CN,46.128055555555555,125.77333333333333,0,0,0,0,0
HLL,Hillside,WA,AU,-17.0,128.00833333333333,0,0,0,0,0
HLM,Holland,MI,US,42.78333333333333,-86.11666666666666,0,0,0,0,0
HLN,Helena,MT,US,46.606944444444444,-111.98277777777778,1,35223,29280,313,394
HLS,St Helens,TS,AU,-41.0,148.17499999999998,0,0,0,0,0
HLT,Hamilton,VI,AU,-37.64722222222222,142.06194444444446,0,0,0,0,0
HLV,Helenvale,QL,AU,-15.683333333333334,145.2,0,0,0,0,0
HLW,Hluhluwe,,ZA,-28.016666666666666,32.25,0,0,0,0,0
HLZ,Hamilton,,NZ,-37.86666666666667,175.33194444444445,1,21609,22225,87,88
HMA,Khanty-Mansiysk,,RU,61.02861111111111,69.08611111111111,1,2385,1910,62,65
HMB,Sohag,,EG,26.342777777777776,31.74277777777778,1,123359,149046,459,433
HME,Hassi Messaoud,,DZ,31.673055555555557,6.140555555555556,1,1468,1912,32,32
HMG,Hermannsburg,NT,AU,-23.966666666666665,132.66666666666666,0,0,0,0,0
HMI,Hami,,CN,42.840833333333336,93.67083333333333,1,799,1073,98,83
HMJ,Khmelnytskyi,,UA,49.416666666666664,27.0,0,0,0,0,0
HMO,Hermosillo,,MX,29.09583333333333,-111.04777777777778,1,263363,236986,1405,1287
HMR,Hamar,,NO,60.8,11.1,0,0,0,0,0
HMS,Muara Teweh,,ID,-1.0219444444444443,114.92583333333334,1,0,0,1,1
HMT,Hemet,CA,US,33.75,-116.96666666666667,0,0,0,0,0
HMV,Hemavan/Tarnaby,,SE,65.80611111111111,15.082777777777778,1,900,989,141,143
HMY,Seosan,,KR,36.712500000000006,126.54416666666667,0,0,0,0,0
HNA,Hanamaki,,JP,39.42861111111111,141.13527777777776,1,35895,37447,154,120
HNB,Huntingburg,IN,US,38.3,-86.95,0,0,0,0,0
HNC,Hatteras,NC,US,35.23277777777778,-75.61833333333333,0,0,0,0,0
HNH,Hoonah,AK,US,58.09583333333334,-135.4127777777778,1,131,203,88,88
HNI,Heiweni,,PG,-7.4,146.46666666666667,0,0,0,0,0
HNL,Honolulu,HI,US,21.32777777777778,-157.92222222222222,1,5100560,6362892,12892,12561
HNM,Hana,HI,US,20.795555555555556,-156.01444444444445,1,7891,10761,10,10
HNN,Honinabi,,PG,-6.246111111111111,142.17694444444444,1,0,0,0,0
HNS,Haines,AK,US,59.24388888888889,-135.52361111111114,1,376,431,151,182
HNY,Hengyang,,CN,26.905555555555555,112.62833333333333,1,8315,8104,163,162
HOA,Hola,,KE,-1.4833333333333334,40.03333333333333,0,0,0,0,0
HOB,Hobbs,NM,US,32.68333333333333,-103.21666666666667,1,9875,9009,45,46
HOC,Komako,,PG,-7.416666666666667,145.88333333333333,0,0,0,0,0
HOD,Hodeidah,,YE,14.753055555555555,42.97638888888889,1,0,0,0,0
HOE,Houeisay,,LA,20.258055555555554,100.43722222222223,1,0,0,1,1
HOF,Hofuf,,SA,25.28527777777778,49.48527777777778,1,4533,4313,12,13
HOG,Holguin,,CU,20.785555555555558,-76.315,1,13250,29307,262,205
HOH,Hohenems/Dornbirn,,AT,47.38444444444444,9.699722222222222,1,0,0,0,0
HOI,Hao,,PF,-18.07472222222222,-140.94583333333333,1,19,29,172,220
HOK,Lajamanu,NT,AU,-18.338055555555556,130.6375,0,0,0,0,0
HOM,Homer,AK,US,59.64555555555555,-151.47666666666666,1,2539,3129,381,389
HON,Huron,SD,US,44.38527777777778,-98.2286111111111,0,0,0,0,0
HOO,Quanduc,,VN,11.983333333333333,107.56666666666666,0,0,0,0,0
HOP,Hopkinsville,KY,US,36.66861111111111,-87.49638888888889,0,0,0,0,0
HOQ,Hof,,DE,50.288888888888884,11.855,0,0,0,0,0
HOR,Horta,,PT,38.519999999999996,-28.71638888888889,1,20805,33904,263,260
HOS,Chos Malal,NE,AR,-37.416666666666664,-70.21666666666667,0,0,0,0,0
HOT,Hot Springs,AR,US,34.47805555555556,-93.0961111111111,1,9616,9898,39,39
HOU,Houston,TX,US,29.65,-95.3,1,5522176,6950882,46964,50069
HOV,Orsta/Volda,,NO,62.17916666666667,6.071111111111111,1,5632,6188,238,201
HOX,Homalin,,MM,24.898611111111112,94.91472222222222,1,0,0,5,5
HOY,Hoy,,GB,58.833333333333336,-3.3,0,0,0,0,0
HPA,Ha'apai,,TO,-19.778055555555554,-174.3413888888889,1,0,0,11,11
HPB,Hooper Bay,AK,US,61.52388888888889,-166.14666666666665,1,0,0,2,6
HPE,Hopevale,QL,AU,-14.666666666666666,144.91666666666666,0,0,0,0,0
HPG,Shennongjia,,CN,31.633333333333333,110.33777777777777,1,2,4,0,0
HPH,Haiphong,,VN,20.819444444444443,106.72500000000001,1,208477,287506,1015,957
HPN,White Plains,NY,US,41.066944444444445,-73.7075,1,602952,433107,1891,1780
HPT,Hampton,IA,US,42.75,-93.2,0,0,0,0,0
HPV,Hanalei,HI,US,22.2125,-159.44666666666666,0,3,18,0,0
HPY,Baytown,TX,US,29.733333333333334,-94.96666666666667,0,0,0,0,0
HQL,Tashikuergan,,CN,37.65,75.29527777777777,1,9,8,5,4
HQM,Hoquiam/Aberdeen,WA,US,46.96666666666667,-123.93333333333334,0,0,0,0,0
HQQ,An Yang,,CN,35.869166666666665,114.46583333333334,1,0,0,8,8
HRA,Mnichovo Hradiste,,CZ,50.54,15.006944444444445,0,0,0,0,0
HRB,Harbin,,CN,45.623333333333335,126.25027777777778,1,1301978,1533910,4282,4088
HRC,Zhayrem,,KZ,48.46666666666667,70.46666666666667,0,0,0,0,0
HRE,Harare,,ZW,-17.931944444444447,31.092777777777776,1,622876,788097,940,1046
HRF,Hoarafushi,,MV,6.973055555555556,72.89444444444445,1,0,0,2,2
HRG,Hurghada,,EG,27.178611111111113,33.80138888888889,1,1055094,1582438,5778,5949
HRI,Hambantota,,LK,6.283888888888889,81.12388888888889,1,0,0,38,36
HRK,Kharkiv,,UA,49.92611111111111,36.28361111111111,0,0,0,0,0
HRL,Harlingen,TX,US,26.22861111111111,-97.65444444444445,1,68612,62004,777,740
HRM,Hassi R'mel,,DZ,32.93333333333333,3.3,0,0,0,0,0
HRN,Heron Island,QL,AU,-23.433333333333334,151.91666666666666,0,0,0,0,0
HRO,Harrison,AR,US,36.26138888888889,-93.15472222222223,1,6261,5883,32,32
HRR,La Herrera,,CO,3.216666666666667,-75.85,0,0,0,0,0
HRS,Harrismith,,ZA,-28.233333333333334,29.1,0,0,0,0,0
HRT,Harrogate,,GB,54.05,-1.25,0,0,0,0,0
HRY,Henbury,NT,AU,-24.666666666666668,133.08333333333334,0,0,0,0,0
HRZ,Horizontina,RS,BR,-27.638333333333332,-54.34055555555556,0,0,0,0,0
HSA,Turkistan,,KZ,43.32277777777778,68.40194444444445,1,19533,19109,59,61
HSB,Harrisburg,IL,US,37.733333333333334,-88.55,0,0,0,0,0
HSC,Shaoguan,,CN,24.833333333333332,113.61666666666666,1,116,528,48,52
HSF,Suifenhe,,CN,44.45166666666667,130.8488888888889,0,0,0,0,0
HSG,Saga,,JP,33.14972222222222,130.30222222222224,1,90751,78868,77,80
HSI,Hastings,NE,US,40.6,-98.43333333333334,0,0,0,0,0
HSJ,Zhengzhou,,CN,34.842222222222226,113.27416666666666,0,1,2,0,0
HSK,Huesca,,ES,42.08083333333334,-0.3233333333333333,0,0,0,0,0
HSL,Huslia,AK,US,65.69777777777779,-156.3513888888889,1,0,0,7,8
HSM,Horsham,VI,AU,-36.666666666666664,142.16666666666666,0,0,0,0,0
HSN,Zhoushan,,CN,29.934722222222224,122.36194444444443,1,7635,11374,335,329
HSP,Hot Springs,VA,US,37.952222222222225,-79.83305555555555,0,0,0,0,0
HSR,Hirasar,GJ,IN,22.374444444444446,71.035,1,168033,171783,127,121
HSS,Hisar,HR,IN,29.166666666666668,75.8,0,0,0,0,0
HST,Homestead,FL,US,25.483333333333334,-80.48333333333333,0,0,0,0,0
HSV,Huntsville,AL,US,34.71666666666667,-86.58333333333333,1,240921,162150,2860,2676
HSZ,Hsinchu,,TW,24.816666666666666,120.93333333333334,0,0,0,0,0
HTA,Chita,,RU,52.02638888888889,113.30555555555556,1,36222,16024,177,168
HTG,Khatanga,,RU,71.97805555555556,102.4925,1,0,0,10,14
HTH,Hawthorne,NV,US,38.55,-118.63333333333334,0,0,0,0,0
HTI,Hamilton Island,QL,AU,-20.358055555555556,148.95166666666665,1,253974,312660,487,671
HTL,Houghton Lake,MI,US,44.36638888888889,-84.67500000000001,0,0,0,0,0
HTM,Khatgal,,MN,50.45,100.16666666666667,0,0,0,0,0
HTN,Hotan,,CN,37.03805555555555,79.865,1,986,994,300,310
HTO,East Hampton,NY,US,40.95916666666667,-72.25111111111111,0,0,0,0,0
HTR,Hateruma,,JP,24.05,123.78333333333333,0,0,0,0,0
HTS,Huntington/Ashland KY,WV,US,38.36833333333333,-82.55916666666667,1,25376,22355,154,147
HTT,Huatugou,,CN,38.25527777777778,90.8461111111111,1,11,73,4,4
HTU,Hopetoun,VI,AU,-35.71666666666667,142.35,0,0,0,0,0
HTV,Huntsville,TX,US,30.75,-95.58333333333333,0,0,0,0,0
HTW,Chesapeake,OH,US,38.416666666666664,-82.48611111111111,0,0,0,0,0
HTY,Hatay,,TR,36.359722222222224,36.28472222222222,1,20614,21719,60,63
HTZ,Hato Corozal,,CO,6.166666666666667,-71.75,0,0,0,0,0
HUB,Humbert River,NT,AU,-16.489722222222223,130.62972222222223,0,0,0,0,0
HUC,Humacao,,PR,18.133333333333333,-65.81666666666666,0,56,16,0,0
HUD,Humboldt,IA,US,42.733333333333334,-94.21666666666667,0,0,0,0,0
HUE,Humera,,ET,13.833333333333334,36.879444444444445,0,0,0,0,0
HUF,Terre Haute,IN,US,39.45,-87.3,0,0,2,0,0
HUG,Huehuetenango,,GT,15.333333333333334,-91.46666666666667,0,0,0,0,0
HUH,Huahine,,PF,-16.68722222222222,-151.02166666666668,1,1952,3072,329,296
HUI,Hue,,VN,16.40083333333333,107.70305555555557,1,139325,178126,766,747
HUJ,Hugo,OK,US,34.016666666666666,-95.51666666666667,0,0,0,0,0
HUK,Hukuntsi,,BW,-23.983333333333334,21.75,0,0,0,0,0
HUL,Houlton,ME,US,46.13333333333333,-67.8,0,0,0,0,0
HUM,Houma,LA,US,29.583333333333332,-90.66666666666667,0,0,0,0,0
HUN,Hualien,,TW,24.023055555555555,121.61777777777777,1,12034,17184,12,14
HUO,Houlinguole,,CN,45.58416666666667,119.73833333333333,1,0,0,4,4
HUQ,Hon,,LY,29.05,15.933333333333334,0,0,0,0,0
HUS,Hughes,AK,US,66.04305555555555,-154.26111111111112,1,0,0,4,6
HUT,Hutchinson,KS,US,38.06666666666667,-97.86666666666666,0,0,0,0,0
HUU,Huanuco,,PE,-9.88,-76.20722222222223,1,4928,7613,27,26
HUV,Hudiksvall,,SE,61.76694444444444,17.084166666666665,1,8,27,0,0
HUW,Humaita,AM,BR,-7.535555555555556,-63.071111111111115,0,0,0,0,0
HUX,Huatulco,,MX,15.775277777777779,-96.2625,1,157491,255268,802,539
HUY,Humberside,,GB,53.574444444444445,-0.35083333333333333,1,38451,17196,189,140
HUZ,Huizhou,,CN,23.04888888888889,114.60027777777778,1,17699,58724,342,322
HVA,Analalava,,MG,-14.633333333333333,47.766666666666666,0,0,0,0,0
HVB,Hervey Bay,QL,AU,-25.32,152.8802777777778,1,23620,26107,163,163
HVD,Khovd,,MN,47.95416666666667,91.62805555555555,1,0,0,6,6
HVE,Hanksville,UT,US,38.416666666666664,-110.7,0,0,0,0,0
HVG,Honningsvag,,NO,71.00972222222222,25.980277777777776,1,2081,2858,152,152
HVK,Holmavik,,IS,65.70472222222223,-21.69638888888889,0,0,0,0,0
HVN,New Haven,CT,US,41.263888888888886,-72.88694444444445,1,1746,887,188,188
HVR,Havre,MT,US,48.54416666666666,-109.75916666666667,1,1495,1496,12,12
HVS,Hartsville,SC,US,34.4,-80.11666666666666,0,0,0,0,0
HWA,Hawabango,,PG,-7.433333333333334,145.96666666666667,0,0,0,0,0
HWD,Hayward,CA,US,37.659166666666664,-122.12277777777777,1,0,0,0,0
HWI,Hawk Inlet,AK,US,58.11666666666667,-134.73333333333332,0,0,0,0,0
HWK,Hawker,SA,AU,-31.854722222222225,138.46805555555557,0,0,0,0,0
HWN,Hwange National Park,,ZW,-18.63,27.02111111111111,1,45,35,9,6
HWO,Hollywood,FL,US,26.002222222222223,-80.24333333333334,0,0,0,0,0
HXD,Delingha,,CN,37.125,97.26861111111111,1,148,2291,6,6
HXX,Hay,NS,AU,-34.516666666666666,144.83333333333334,0,0,0,0,0
HYA,Hyannis,MA,US,41.66555555555556,-70.28138888888888,1,8851,10150,125,144
HYC,High Wycombe,,GB,51.63333333333333,-0.7666666666666667,0,0,0,0,0
HYD,Hyderabad,TG,IN,17.233333333333334,78.4,1,7333541,8150696,2532,2443
HYF,Hayfields,,PG,-3.6333333333333333,143.05,0,0,0,0,0
HYG,Hydaburg,AK,US,55.20527777777778,-132.82805555555555,1,1,0,6,6
HYL,Hollis,AK,US,55.48083333333334,-132.65194444444444,0,0,0,0,0
HYN,Taizhou,,CN,28.56527777777778,121.43027777777779,1,27219,73650,254,248
HYR,Hayward,WI,US,46.03333333333333,-91.45,0,0,0,0,0
HYS,Hays,KS,US,38.85027777777778,-99.27555555555556,1,5259,5098,37,38
HYV,Hyvinkaa,,FI,60.65416666666667,24.884444444444444,0,0,0,0,0
HZA,Heze,,CN,35.213055555555556,115.73694444444445,1,1535,9593,107,110
HZB,Hazebrouck,,FR,50.61666666666667,2.64,0,0,0,0,0
HZG,Hanzhong,,CN,33.13388888888889,107.20472222222223,1,1040,1598,88,89
HZH,Liping,,CN,26.323055555555555,109.15166666666667,1,0,0,0,0
HZK,Husavik,,IS,65.9525,-17.425833333333333,0,0,0,0,0
HZL,Hazleton,PA,US,40.983333333333334,-76.0,0,0,0,0,0
HZP,Fort Mackay,AB,CA,57.36666666666667,-111.7,0,0,1,0,0
HZU,Chengdu,,CN,30.678055555555556,104.52972222222222,0,0,0,0,0
HZV,Hazyview,,ZA,-25.066666666666666,31.130555555555556,0,0,0,0,0
IAA,Igarka,,RU,67.43333333333334,86.63333333333334,1,0,0,4,5
IAG,Niagara Falls,NY,US,43.10722222222223,-78.94611111111111,1,5456,4250,140,140
IAL,Salinas,MG,BR,-16.20861111111111,-42.32333333333334,1,0,0,4,5
IAM,In Amenas,,DZ,28.051666666666666,9.642777777777777,1,236,235,12,12
IAN,Kiana,AK,US,66.97583333333334,-160.43666666666667,1,2,6,3,5
IAO,Del Carmen,,PH,9.859166666666667,126.01527777777778,1,369420,448924,54,48
IAQ,Bahregan,,IR,29.834722222222222,50.26777777777777,0,0,0,0,0
IAR,Yaroslavl,,RU,57.55888888888889,40.157777777777774,1,0,0,5,5
IAS,Iasi,,RO,47.17861111111111,27.620555555555555,1,381281,391178,366,346
IAU,Iaura,,PG,-9.783333333333333,148.1,0,0,0,0,0
IBA,Ibadan,,NG,7.3625,3.9783333333333335,1,1889,1858,3,3
IBB,Isabela Island,,EC,-0.9427777777777778,-90.95305555555557,1,21,13,20,20
IBE,Ibague,,CO,4.421111111111111,-75.13361111111112,1,19643,20568,54,76
IBI,Iboki,,PG,-5.552777777777778,149.1888888888889,0,0,0,0,0
IBL,Indigo Bay Lodge,,MZ,-21.701944444444443,35.44833333333333,0,0,0,0,0
IBM,Iron Bridge,WA,AU,-21.287222222222223,118.88166666666666,0,0,0,0,0
IBO,Ibo,,MZ,-12.350277777777777,40.6025,0,0,0,0,0
IBP,Iberia,,PE,-11.366666666666667,-69.56666666666666,0,0,0,0,0
IBR,Ibaraki,,JP,36.17833333333333,140.41805555555555,1,2,2,24,24
IBZ,Ibiza,,ES,38.87277777777778,1.3730555555555557,1,1464321,1616341,7503,7678
ICA,Icabaru,,VE,4.333333333333333,-61.733333333333334,0,0,0,0,0
ICC,Isla de Coche,,VE,10.794444444444444,-63.98166666666667,0,0,0,0,0
ICI,Cicia Island,,FJ,-17.743333333333336,-179.34222222222223,1,294,213,9,9
ICK,Nieuw Nickerie,,SR,5.933333333333334,-56.983333333333334,0,0,0,0,0
ICL,Clarinda,IA,US,40.733333333333334,-95.03333333333333,0,0,0,0,0
ICO,Sicogon Island,,PH,11.459999999999999,123.25055555555555,1,0,0,1,1
ICS,Cascade,ID,US,44.493611111111115,-116.01611111111112,0,0,0,0,0
ICT,Wichita,KS,US,37.65,-97.43333333333334,1,346843,200153,2561,2512
ICY,Icy Bay,AK,US,59.983333333333334,-141.65,0,0,0,0,0
IDA,Idaho Falls,ID,US,43.51444444444444,-112.07083333333333,1,107823,89026,626,769
IDB,Idre,,SE,61.86666666666667,12.716666666666667,0,0,0,0,0
IDC,Chilonzuine Island,,MZ,-22.180555555555557,35.52222222222222,0,0,0,0,0
IDF,Idiofa,,CD,-5.0,19.508333333333333,0,0,0,0,0
IDG,Ida Grove,IA,US,42.35,-95.46666666666667,0,0,0,0,0
IDH,Grangeville,ID,US,45.942499999999995,-116.12333333333332,0,0,0,0,0
IDI,Indiana,PA,US,40.63111111111111,-79.10194444444444,0,0,0,0,0
IDK,Indulkana,SA,AU,-26.966666666666665,133.325,0,0,0,0,0
IDN,Indagen,,PG,-6.033333333333333,147.03333333333333,0,0,0,0,0
IDO,Santa Isabel do Morro,TO,BR,-11.566666666666666,-50.63333333333333,0,0,0,0,0
IDP,Independence,KS,US,37.21666666666667,-95.7,0,0,0,0,0
IDR,Indore,MP,IN,22.721666666666664,75.80111111111111,1,1026640,1047273,450,445
IDY,Ile d'Yeu,,FR,46.718611111111116,-2.391111111111111,0,0,0,0,0
IEG,Zielona Gora,,PL,52.13861111111111,15.79861111111111,1,25010,27990,11,7
IEJ,Iejima,,JP,26.733333333333334,127.78333333333333,0,0,0,0,0
IES,Riesa,,DE,51.29361111111111,13.35611111111111,0,0,0,0,0
IEV,Kyiv,,UA,50.4,30.466666666666665,1,0,0,0,0
IFA,Iowa Falls,IA,US,42.516666666666666,-93.26666666666667,0,0,0,0,0
IFF,Iffley,QL,AU,-18.916666666666668,141.25,0,0,0,0,0
IFH,Hesa,,IR,32.916666666666664,51.55,0,0,0,0,0
IFJ,Isafjordur,,IS,66.05805555555555,-23.135277777777777,1,1037,2170,55,55
IFL,Innisfail,QL,AU,-17.566666666666666,146.03333333333333,0,0,0,0,0
IFN,Esfahan,,IR,32.751666666666665,51.86972222222222,1,24796,39384,101,102
IFO,Ivano-Frankivsk,,UA,48.884166666666665,24.68611111111111,0,0,0,0,0
IFP,Bullhead City,AZ,US,35.161944444444444,-114.56,1,35,87,0,0
IFU,Ifuru,,MV,5.707222222222223,73.02555555555556,1,0,0,10,8
IGA,Inagua,,BS,20.974999999999998,-73.66694444444445,1,61,122,20,22
IGB,Ingeniero Jacobacci,RN,AR,-41.3,-69.58333333333333,0,0,0,0,0
IGD,Igdir,,TR,39.97277777777778,43.88444444444444,1,14331,36504,79,76
IGE,Iguela,,GA,-1.9166666666666665,9.316666666666666,0,0,0,0,0
IGG,Igiugig,AK,US,59.323888888888895,-155.9013888888889,1,0,0,0,0
IGH,Ingham,QL,AU,-18.8,146.1,0,0,0,0,0
IGM,Kingman,AZ,US,35.25666666666667,-113.94222222222223,0,0,0,0,0
IGN,Iligan,,PH,8.15,124.21666666666667,0,0,0,0,0
IGO,Chigorodo,,CO,7.6850000000000005,-76.69472222222223,0,0,0,0,0
IGR,Iguazu,MI,AR,-25.737222222222222,-54.473333333333336,1,149740,409746,1019,996
IGS,Ingolstadt,,DE,48.71555555555556,11.533888888888889,0,5,1,0,0
IGT,Magas,,RU,43.32416666666667,45.003055555555555,1,12,19,2,2
IGU,Foz do Iguacu,PR,BR,-25.59611111111111,-54.48722222222222,1,723521,731064,2675,1816
IHA,Niihama,,JP,33.95,133.3,0,0,0,0,0
IHC,Inhaca,,MZ,-26.0,32.93333333333333,0,0,0,0,0
IHN,Qishn,,YE,15.433333333333334,51.7,0,0,0,0,0
IHO,Ihosy,,MG,-22.40138888888889,46.13333333333333,0,0,0,0,0
IHR,Iranshahr,,IR,27.23611111111111,60.72,1,0,0,3,3
IHU,Ihu,,PG,-7.9,145.4,0,0,0,0,0
IIA,Inishmaan,,IE,53.091944444444444,-9.57,1,0,0,0,0
IIL,Ilam,,IR,33.58555555555556,46.405,1,0,0,16,16
IIS,Nissan Island,,PG,-4.5,154.24166666666665,0,0,0,0,0
IJK,Izhevsk,,RU,56.82916666666667,53.45777777777778,1,2097,2953,24,24
IJU,Ijui,RS,BR,-28.416666666666668,-53.916666666666664,0,0,0,0,0
IJX,Jacksonville,IL,US,39.766666666666666,-90.23333333333333,0,0,0,0,0
IKB,Wilkesboro,NC,US,36.166666666666664,-81.15,0,0,0,0,0
IKE,Ikerasak,,GL,70.49805555555555,-51.30305555555555,1,0,0,0,0
IKI,Iki,,JP,33.75,129.78333333333333,1,2932,3102,25,25
IKK,Kankakee,IL,US,41.06666666666667,-87.85,0,0,0,0,0
IKL,Ikela,,CD,-1.2,23.3,0,0,0,0,0
IKO,Nikolski,AK,US,52.94166666666666,-168.85083333333333,1,0,0,0,0
IKP,Inkerman,QL,AU,-16.25,141.5,0,0,0,0,0
IKS,Tiksi,,RU,71.69722222222222,128.90222222222224,1,0,0,12,12
IKT,Irkutsk,,RU,52.268055555555556,104.3888888888889,1,397738,179567,770,783
IKU,Tamchy,,KG,42.58555555555556,76.70194444444445,1,0,0,4,4
ILA,Illaga,,ID,-3.8333333333333335,137.58333333333334,0,0,0,0,0
ILD,Lleida,,ES,41.61333333333334,0.6247222222222223,1,4336,4562,10,10
ILE,Killeen/Fort Hood,TX,US,31.15,-97.71666666666667,1,20114,31691,275,398
ILF,Ilford,MB,CA,56.05166666666666,-95.62027777777777,0,0,0,0,0
ILG,Wilmington,DE,US,39.68333333333333,-75.6,1,1018,564,39,39
ILH,Illesheim,,DE,49.47833333333333,10.385555555555555,0,0,0,0,0
ILI,Iliamna,AK,US,59.754444444444445,-154.91083333333333,1,0,0,5,5
ILK,Ilaka Atsinanana,,MG,-19.75,48.81666666666667,0,0,0,0,0
ILL,Willmar,MN,US,45.11666666666667,-95.1,0,0,0,0,0
ILM,Wilmington,NC,US,34.27055555555555,-77.9025,1,206965,147165,1295,1165
ILN,Wilmington,OH,US,39.42305555555555,-83.78666666666666,1,0,0,0,0
ILO,Ilo-Ilo,,PH,10.713055555555554,122.54527777777777,1,656621,809387,330,333
ILP,Ile des Pins,,NC,-22.58888888888889,167.45583333333332,1,649,987,28,27
ILQ,Ilo,,PE,-17.695,-71.34416666666667,1,1025,1071,62,37
ILR,Ilorin,,NG,8.440277777777778,4.493888888888889,1,1092,1142,11,11
ILS,San Salvador,,SV,13.700277777777776,-89.12027777777777,0,4,35,0,0
ILU,Kilaguni,,KE,-2.9,38.06666666666667,0,0,0,0,0
ILX,Ileg,,PG,-5.483333333333333,145.83333333333334,0,0,0,0,0
ILY,Islay,,GB,55.68194444444444,-6.256666666666667,1,2164,4302,55,55
ILZ,Zilina,,SK,49.23166666666667,18.613611111111112,0,0,0,0,0
IMA,Iamalele,,PG,-9.5,150.5,0,0,0,0,0
IMB,Imbaimadai,,GY,5.716666666666667,-60.28333333333333,0,0,0,0,0
IMD,Imonda,,PG,-3.35,141.16666666666666,0,0,0,0,0
IMF,Imphal,MN,IN,24.76,93.89666666666668,1,309807,261969,202,175
IMG,Inhaminga,,MZ,-18.4,35.0,0,0,0,0,0
IMI,Ine Island,,MH,6.9833333333333325,171.61666666666667,0,0,0,0,0
IMK,Simikot,,NP,29.97083333333333,81.81805555555555,1,0,0,0,0
IML,Imperial,NE,US,40.516666666666666,-101.61666666666666,0,0,0,0,0
IMM,Immokalee,FL,US,26.416666666666668,-81.41666666666667,0,0,0,0,0
IMN,Imane,,PG,-6.7,146.08333333333334,0,0,0,0,0
IMO,Zemio,,CF,5.0025,25.102222222222224,0,0,0,0,0
IMP,Imperatriz,MA,BR,-5.5313888888888885,-47.46,1,92041,64490,216,219
IMQ,Maku,,IR,39.191111111111105,44.92916666666667,0,0,0,0,0
IMT,Iron Mountain/Kingsfd.,MI,US,45.81666666666667,-88.11666666666666,1,4450,3996,34,37
INA,Inta,,RU,66.05555555555556,60.11027777777778,0,0,0,0,0
INB,Independence,,BZ,16.534166666666668,-88.44305555555556,1,19,27,1578,3120
INC,Yinchuan,,CN,38.49333333333333,106.01194444444444,1,138242,143826,1177,1170
IND,Indianapolis,IN,US,39.717222222222226,-86.29444444444444,1,1780920,1235534,12053,11442
INE,Chinde,,MZ,-18.616666666666667,36.4,0,0,0,0,0
INF,In Guezzam,,DZ,19.561111111111114,5.751388888888889,1,63,46,8,4
INH,Inhambane,,MZ,-23.87638888888889,35.40861111111111,1,3451,4863,9,11
INI,Nis,,RS,43.33722222222222,21.853611111111114,1,31285,39545,94,89
INJ,Injune,QL,AU,-25.85,148.55,0,0,0,0,0
INK,Wink,TX,US,31.783333333333335,-103.2,0,0,0,0,0
INL,International Falls,MN,US,48.566111111111105,-93.40305555555557,1,2362,2974,47,47
INM,Innamincka,SA,AU,-27.833333333333332,140.83333333333334,0,0,0,0,0
INN,Innsbruck,,AT,47.26694444444444,11.383333333333333,1,196054,258679,929,890
INO,Inongo,,CD,-1.9469444444444444,18.285555555555558,0,0,0,0,0
INQ,Inisheer,,IE,53.058611111111105,-9.50611111111111,1,0,0,0,0
INS,Indian Springs,NV,US,36.56666666666667,-115.66666666666667,0,0,0,0,0
INT,Winston-Salem,NC,US,36.1375,-80.22527777777778,0,290,99,0,0
INU,Nauru Island,,NR,-0.5455555555555556,166.91694444444443,1,775,1289,47,31
INV,Inverness,,GB,57.54,-4.05,1,144488,146012,2661,2600
INW,Winslow,AZ,US,35.016666666666666,-110.73333333333333,0,0,0,0,0
INX,Inanwatan,,ID,-2.1333333333333333,132.16666666666666,0,0,0,0,0
INY,Inyati,,ZA,-24.783333333333335,31.383333333333333,0,0,0,0,0
INZ,In Salah,,DZ,27.25111111111111,2.5119444444444445,1,129,139,18,19
IOA,Ioannina,,GR,39.69638888888888,20.822499999999998,1,24029,26175,79,91
IOK,Iokea,,PG,-8.4,146.26666666666668,0,0,0,0,0
IOM,Isle Of Man,,GB,54.083333333333336,-4.624166666666667,1,56969,72723,1513,1549
ION,Impfondo,,CG,1.6166666666666667,18.066666666666666,1,0,0,1,1
IOP,Ioma,,PG,-8.366666666666667,147.85,0,0,0,0,0
IOQ,Isortoq,,GL,65.54805555555555,-38.97666666666667,1,0,0,0,0
IOR,Inishmore,,IE,53.106944444444444,-9.65388888888889,1,0,0,0,0
IOS,Ilheus,BA,BR,-14.815833333333334,-39.03333333333333,1,113652,160730,738,446
IOT,Illorsuit,,GL,71.23972222222223,-53.55555555555555,0,0,0,0,0
IOW,Iowa City,IA,US,41.64,-91.54916666666666,0,1,2,0,0
IPA,Ipota,,VU,-18.855833333333333,169.2827777777778,1,12,8,7,4
IPC,Easter Island,,CL,-27.16472222222222,-109.42194444444445,1,41231,91807,254,421
IPE,Ipil,,PH,7.783333333333333,122.58333333333333,0,0,0,0,0
IPG,Ipiranga,AM,BR,-3.3333333333333335,-69.41666666666667,0,0,0,0,0
IPH,Ipoh,,MY,4.569166666666667,101.09305555555555,1,151180,131047,69,67
IPI,Ipiales,,CO,0.8619444444444444,-77.67166666666667,1,10749,9007,16,15
IPL,Imperial/El Centro,CA,US,32.833333333333336,-115.56666666666666,1,7820,7409,37,37
IPN,Ipatinga,MG,BR,-19.47083333333333,-42.487500000000004,1,36618,29889,122,142
IPT,Williamsport,PA,US,41.24194444444444,-76.92111111111112,0,0,0,0,0
IPU,Ipiau,BA,BR,-14.133333333333333,-39.733333333333334,0,0,0,0,0
IPZ,San Isidro del General,,CR,9.34888888888889,-83.71222222222222,0,0,0,0,0
IQA,Al Asad,,IQ,33.785555555555554,42.441111111111105,1,0,0,4,4
IQM,Qiemo,,CN,38.14944444444444,85.53305555555555,1,14,32,14,12
IQN,Qingyang,,CN,35.802499999999995,107.59972222222221,1,147,87,36,36
IQQ,Iquique,,CL,-20.53527777777778,-70.18138888888889,1,83300,99080,2213,2112
IQT,Iquitos,,PE,-3.7847222222222223,-73.30888888888889,1,83613,114405,972,646
IRA,Kirakira,,SB,-10.449166666666667,161.8986111111111,1,23,38,7,10
IRB,Iraan,TX,US,30.9,-101.9,0,0,0,0,0
IRC,Circle,AK,US,65.82777777777777,-144.07583333333332,1,0,0,0,0
IRD,Ishurdi,,BD,24.15361111111111,89.04888888888888,0,0,0,0,0
IRE,Irece,BA,BR,-11.3,-41.86666666666667,0,0,0,0,0
IRG,Lockhart River,QL,AU,-12.786944444444444,143.30472222222224,1,64,90,131,121
IRI,Iringa,,TZ,-7.67,35.75194444444445,1,394,539,30,29
IRJ,La Rioja,LR,AR,-29.380555555555556,-66.79583333333333,1,9437,8925,72,111
IRK,Kirksville,MO,US,40.093611111111116,-92.54444444444444,1,2531,2161,8,8
IRM,Igrim,,RU,63.197222222222216,64.4413888888889,1,0,0,4,4
IRN,Iriona,,HN,15.95,-85.18333333333334,0,0,0,0,0
IRO,Birao,,CF,10.236944444444443,22.715833333333332,0,0,0,0,0
IRP,Isiro,,CD,2.828611111111111,27.5875,1,0,2,22,23
IRS,Sturgis,MI,US,41.8,-85.41666666666667,0,0,0,0,0
IRU,Iranamadu,,LK,9.339166666666667,80.45055555555555,0,0,0,0,0
IRZ,Santa Isabel Rio Negro,AM,BR,-0.37861111111111106,-64.99222222222222,1,14,15,7,10
ISA,Mount Isa,QL,AU,-20.663888888888888,139.4886111111111,1,63030,62767,123,125
ISB,Islamabad,,PK,33.54833333333333,72.825,1,3169804,3887444,2535,2483
ISC,Isles of Scilly,,GB,49.9,-6.4,1,0,0,8,8
ISD,Iscuande,,CO,2.441666666666667,-77.96666666666667,0,0,0,0,0
ISE,Isparta,,TR,37.855555555555554,30.368333333333332,1,4461,7379,7,7
ISG,New Ishigaki,,JP,24.39638888888889,124.245,1,102835,146050,370,387
ISI,Isisford,QL,AU,-24.2,144.41666666666666,0,0,0,0,0
ISJ,Isla Mujeres,,MX,21.266666666666666,-86.75,0,0,1,0,0
ISK,Nasik,MH,IN,19.964166666666667,73.80749999999999,1,11,30,20,22
ISN,Williston,ND,US,48.17916666666667,-103.64333333333335,0,9532,8384,0,0
ISO,Kinston,NC,US,35.333333333333336,-77.61666666666666,0,45,6,0,0
ISP,Islip,NY,US,40.79527777777778,-73.10027777777778,1,60051,37307,457,445
ISQ,Manistique,MI,US,45.96666666666667,-86.16666666666667,0,0,0,0,0
ISS,Wiscasset,ME,US,43.96194444444445,-69.71194444444444,0,0,0,0,0
IST,Istanbul,,TR,41.03333333333333,28.950277777777778,1,32665714,36079258,66141,66193
ISU,Sulaymaniyah,,IQ,35.5625,45.31583333333333,1,35463,61188,214,215
ISW,Wisconsin Rapids,WI,US,44.361111111111114,-89.83805555555556,0,0,0,0,0
ITA,Itacoatiara,AM,BR,-3.2,-58.5,0,0,0,0,0
ITB,Itaituba,PA,BR,-4.242222222222222,-56.00055555555556,1,380,373,23,18
ITE,Itubera,BA,BR,-13.7,-39.2,0,0,0,0,0
ITH,Ithaca,NY,US,42.49111111111111,-76.46083333333334,1,42907,34913,86,72
ITI,Itambacuri,MG,BR,-18.016666666666666,-41.7,0,0,0,0,0
ITK,Itokama,,PG,-9.200833333333332,148.26472222222222,0,0,0,0,0
ITN,Itabuna,BA,BR,-14.8,-39.38333333333333,0,0,0,0,0
ITO,Hilo,HI,US,19.72138888888889,-155.04833333333332,1,73896,105027,710,630
ITP,Itaperuna,RJ,BR,-21.218888888888888,-41.875,0,0,0,0,0
ITQ,Itaqui,RS,BR,-29.166666666666668,-56.53333333333333,0,0,0,0,0
ITR,Itumbiara,GO,BR,-18.445,-49.21416666666667,0,0,0,0,0
ITU,Iturup Island,,RU,45.256388888888885,147.95583333333332,1,0,0,11,11
IUE,Niue,,NU,-19.07777777777778,-169.92666666666665,1,853,2137,15,14
IUI,Innarsuit,,GL,73.20166666666667,-56.01361111111111,1,0,0,0,0
IUL,Ilu,,ID,-3.75,138.08333333333334,0,0,0,0,0
IUP,Apui,AM,BR,-7.173611111111112,-59.83916666666667,0,0,0,0,0
IUS,Inus,,PG,-5.816666666666666,155.16666666666666,0,0,0,0,0
IVA,Ambanja,,MG,-13.485,48.632777777777775,0,0,0,0,0
IVC,Invercargill,,NZ,-46.414722222222224,168.31305555555556,1,19181,24137,196,163
IVG,Berane,,ME,42.83916666666667,19.862222222222222,0,0,0,0,0
IVI,Viveros Island,,PA,8.471666666666668,-79.00055555555555,0,0,0,0,0
IVL,Ivalo,,FI,68.60722222222222,27.405277777777776,1,54234,92119,511,469
IVO,Chivolo,,CO,10.016666666666667,-74.68333333333334,0,0,0,0,0
IVR,Inverell,NS,AU,-29.886944444444445,151.14499999999998,1,244,213,33,33
IVW,Inverway,NT,AU,-17.766666666666666,129.23333333333332,0,0,0,0,0
IWA,Ivanovo,,RU,57.05833333333333,40.980000000000004,1,0,0,32,26
IWD,Ironwood,MI,US,46.52777777777778,-90.13277777777778,1,4769,3928,8,8
IWJ,Masuda,,JP,34.67638888888889,131.7902777777778,1,4665,5295,18,19
IWK,Iwakuni,,JP,34.14611111111111,132.2472222222222,1,22860,21805,93,88
IWO,Iwoto (Iwo Jima),,JP,24.783333333333335,141.31666666666666,0,0,0,0,0
IXA,Agartala,TR,IN,23.886944444444445,91.24055555555556,1,296452,230625,73,72
IXB,Bagdogra,WB,IN,26.68111111111111,88.3286111111111,1,689027,803177,165,191
IXC,Chandigarh,CH,IN,30.673333333333336,76.78861111111111,1,1115806,1197875,369,345
IXD,Allahabad,UP,IN,25.44,81.73388888888888,1,1897,1114,44,42
IXE,Mangalore,KA,IN,12.961388888888887,74.89,1,648685,789809,270,311
IXG,Belgaum,KA,IN,15.859166666666667,74.61833333333333,1,5131,6395,23,22
IXH,Kailashahar,TR,IN,24.316666666666666,92.01666666666667,0,0,0,0,0
IXI,Lilabari,AS,IN,27.294444444444448,94.09638888888888,1,0,0,9,9
IXJ,Jammu,JK,IN,32.689166666666665,74.83749999999999,1,492923,755281,370,359
IXK,Keshod,GJ,IN,21.316666666666666,70.26666666666667,1,0,0,1,1
IXL,Leh,JK,IN,34.13583333333333,77.54638888888888,1,467727,439301,58,59
IXM,Madurai,TN,IN,9.834444444444445,78.09333333333333,1,544202,664386,307,139
IXN,Khowai,TR,IN,24.066666666666666,91.63333333333334,0,0,0,0,0
IXP,Pathankot,PB,IN,32.23388888888889,75.63472222222222,0,0,0,0,0
IXQ,Kamalpur,TR,IN,24.133333333333333,91.81666666666666,0,0,0,0,0
IXR,Ranchi,JH,IN,23.31416666666667,85.32166666666666,1,648656,753555,128,137
IXS,Silchar,AS,IN,24.913055555555555,92.9786111111111,1,162472,139543,35,34
IXT,Pasighat,AR,IN,28.06722222222222,95.33638888888889,1,0,0,6,5
IXU,Aurangabad,MH,IN,19.86277777777778,75.39805555555556,1,310834,308531,34,34
IXV,Along,AR,IN,28.175555555555558,94.80222222222221,0,0,0,0,0
IXW,Jamshedpur,JH,IN,22.816666666666666,86.16666666666667,1,0,0,2,2
IXX,Bidar,KA,IN,17.908055555555553,77.48583333333333,1,259,461,1,1
IXY,Kandla,GJ,IN,23.11277777777778,70.10055555555554,1,3182,5614,10,8
IXZ,Port Blair,AN,IN,11.64111111111111,92.72972222222222,1,564202,725892,99,82
IYK,Inyokern,CA,US,35.65472222222222,-117.82888888888888,0,0,0,0,0
IZA,Juiz de Fora,MG,BR,-21.51222222222222,-43.17055555555555,1,32372,23035,140,145
IZE,Itzehoe,,DE,53.99472222222222,9.57861111111111,0,0,0,0,0
IZM,Izmir,,TR,38.28333333333333,27.166666666666668,1,1293775,1710152,7245,8539
IZO,Izumo,,JP,35.41361111111111,132.89,1,57994,53215,219,224
IZT,Ixtepec,,MX,16.448888888888888,-95.09388888888888,1,0,0,3,3
JAA,Jalalabad,,AF,34.4,70.49833333333333,0,0,0,0,0
JAB,Jabiru,NT,AU,-10.216666666666667,132.56666666666666,0,0,0,0,0
JAC,Jackson,WY,US,43.60722222222223,-110.73777777777778,1,79539,113412,911,830
JAD,Perth,WA,AU,-32.083333333333336,115.88333333333334,0,5,2,0,0
JAE,Jaen,,PE,-5.593611111111111,-78.77361111111111,1,4,15,144,97
JAF,Jaffna,,LK,9.792222222222222,80.07,1,0,0,2,3
JAG,Jacobabad,,PK,28.283333333333335,68.43333333333334,0,0,0,0,0
JAI,Jaipur,RJ,IN,26.824166666666667,75.81222222222222,1,1449529,1780373,520,502
JAK,Jacmel,,HT,18.25,-72.51666666666667,0,0,0,0,0
JAL,Jalapa,,MX,19.474999999999998,-96.7975,0,0,0,0,0
JAM,Jambol,,BG,42.455000000000005,26.352222222222224,0,0,0,0,0
JAN,Jackson,MS,US,32.31666666666667,-90.08333333333333,1,160827,115171,1879,1833
JAP,Puntarenas,,CR,9.966666666666667,-84.83333333333333,0,0,0,0,0
JAQ,Jacquinot Bay,,PG,-5.65,151.5,0,0,0,0,0
JAR,Jahrom,,IR,28.586666666666666,53.57888888888889,1,0,0,2,2
JAS,Jasper,TX,US,30.916666666666668,-94.01666666666667,0,0,0,0,0
JAT,Jabot Island,,MH,7.0,168.98333333333332,1,0,0,0,0
JAU,Jauja,,PE,-11.784166666666666,-75.47305555555556,1,16885,24323,12,15
JAV,Ilulissat,,GL,69.24277777777777,-51.058055555555555,1,0,0,2431,2404
JAW,Araripina,PE,BR,-7.586388888888888,-40.535555555555554,1,0,3,4,4
JAX,Jacksonville,FL,US,30.416666666666668,-81.63333333333334,1,1278382,1016314,8728,8422
JBB,Jember,,ID,-8.242222222222221,113.69444444444444,1,0,0,0,0
JBK,Qitai,,CN,44.16583333333333,89.55333333333333,0,0,0,0,0
JBR,Jonesboro,AR,US,35.83305555555556,-90.64944444444446,1,8116,7281,29,45
JBS,Sao Borja,RS,BR,-28.654722222222222,-56.03444444444444,0,0,0,0,0
JCB,Joacaba,SC,BR,-27.17138888888889,-51.55361111111111,0,0,0,0,0
JCH,Qasigiannguit,,GL,68.82055555555556,-51.17222222222222,1,0,0,0,0
JCK,Julia Creek,QL,AU,-20.668333333333333,141.7225,1,82,89,3,3
JCL,Ceske Budejovice,,CZ,48.95166666666667,14.435,0,0,0,0,0
JCM,Jacobina,BA,BR,-11.183333333333334,-40.516666666666666,0,0,0,0,0
JCN,Incheon,,KR,37.47222222222222,126.60833333333333,0,0,0,0,0
JCR,Jacareacanga,PA,BR,-6.233611111111111,-57.76833333333333,0,0,0,0,0
JCS,Crateus,CE,BR,-5.211666666666667,-40.705000000000005,1,6,6,3,6
JCT,Junction,TX,US,30.483333333333334,-99.76666666666667,0,0,0,0,0
JCU,Ceuta,,ES,35.89222222222222,-5.3069444444444445,1,0,0,0,0
JCY,Johnson City,TX,US,32.333333333333336,-97.33333333333333,0,0,0,0,0
JDA,John Day,OR,US,44.416666666666664,-118.95,0,0,0,0,0
JDE,Jiande,,CN,29.359166666666667,119.17944444444444,0,0,0,0,0
JDF,Juiz de Fora,MG,BR,-21.791666666666668,-43.38611111111111,0,15,32,0,0
JDG,Jeongseok,,KR,33.39833333333333,126.71305555555556,0,0,0,0,0
JDH,Jodhpur,RJ,IN,26.25111111111111,73.04888888888888,1,470135,536909,228,213
JDN,Jordan,MT,US,47.31666666666667,-106.91666666666667,0,0,0,0,0
JDO,Juazeiro do Norte,CE,BR,-7.2186111111111115,-39.271388888888886,1,134505,130240,457,414
JDR,Sao Joao del Rei,MG,BR,-21.086666666666666,-44.22666666666667,0,0,0,0,0
JDZ,Jingdezhen,,CN,29.339166666666664,117.1763888888889,1,12236,7610,119,118
JED,Jeddah,,SA,21.679444444444446,39.156666666666666,1,6865671,7584081,24586,23590
JEE,Jeremie,,HT,18.666666666666668,-74.16666666666667,1,55,63,5,3
JEF,Jefferson City,MO,US,38.6,-92.15,0,2,0,0,0
JEG,Aasiaat,,GL,68.72111111111111,-52.79361111111111,1,0,0,393,393
JEJ,Jeh Island,,MH,7.5649999999999995,168.96194444444444,1,0,0,0,0
JEK,Lower Zambezi Nat. Park,,ZM,-15.633333333333333,29.603611111111114,1,67,71,218,208
JEQ,Jequie,BA,BR,-13.85,-40.083333333333336,0,0,0,0,0
JER,Jersey,,GB,49.20777777777778,-2.1952777777777777,1,91796,98843,4142,4087
JFM,Fremantle,WA,AU,-32.04333333333333,115.73944444444444,0,0,0,0,0
JFN,Ashtabula,OH,US,41.733333333333334,-80.76666666666667,0,0,0,0,0
JFR,Paamiut,,GL,62.01305555555555,-49.66861111111111,1,0,0,124,124
JGA,Jamnagar,GJ,IN,22.465555555555554,70.0125,1,126483,163029,8,8
JGB,Jagdalpur,CT,IN,19.066666666666666,82.03333333333333,1,0,0,3,3
JGD,Jiagedaqi,,CN,50.378055555555555,124.11555555555555,1,118,161,27,19
JGE,Geoje,,KR,34.907777777777774,128.68694444444444,0,0,0,0,0
JGN,Jiayuguan,,CN,39.85722222222223,98.34138888888889,1,1903,2909,164,162
JGO,Qeqertarsuaq,,GL,69.25083333333333,-53.53805555555555,1,0,0,0,0
JGR,Groennedal,,GL,61.333333333333336,-48.1,0,0,0,0,0
JGS,Ji'an,,CN,26.8575,114.73722222222223,1,11779,11442,146,143
JHB,Johor Bahru,,MY,1.6388888888888888,103.67027777777778,1,2070149,1868537,520,521
JHF,Sao Roque,SP,BR,-23.42666666666667,-47.16694444444444,0,0,0,0,0
JHG,Jinghong,,CN,21.973055555555554,100.76305555555555,1,49936,70765,1249,1181
JHL,Fort Mackay,AB,CA,57.22777777777778,-111.41944444444445,0,0,0,0,0
JHM,Kapalua,HI,US,20.963055555555556,-156.67305555555555,1,10839,17310,10,10
JHS,Sisimiut,,GL,66.95138888888889,-53.72944444444445,1,0,0,775,804
JHW,Jamestown,NY,US,42.15222222222222,-79.25944444444444,0,0,0,0,0
JIA,Juina,MT,BR,-11.419722222222221,-58.71,1,43,22,5,10
JIB,Djibouti,,DJ,11.547222222222222,43.159444444444446,1,64117,116533,294,186
JIC,Jinchang,,CN,38.54194444444444,102.34861111111111,1,266,378,23,26
JIJ,Jijiga,,ET,9.363333333333333,42.78972222222222,1,11821,18457,26,25
JIK,Ikaria Island,,GR,37.68277777777777,26.346944444444443,1,7981,11579,83,83
JIL,Jilin,,CN,44.00277777777778,126.39500000000001,0,0,0,0,0
JIM,Jimma,,ET,7.662777777777778,36.81805555555556,1,10543,11892,8,7
JIN,Jinja,,UG,0.4519444444444445,33.19444444444444,1,0,0,4,4
JIO,Tiakur,,ID,-8.139166666666666,127.90333333333334,1,0,0,1,1
JIP,Jipijapa,,EC,-1.3333333333333333,-80.67500000000001,0,0,0,0,0
JIQ,Qianjiang,,CN,29.514722222222222,108.83166666666666,1,230,451,65,66
JIR,Jiri,,NP,27.633333333333333,86.23333333333333,0,0,0,0,0
JIU,Jiujiang,,CN,29.47861111111111,115.80222222222221,1,308,446,40,42
JIW,Jiwani,,PK,25.083333333333332,61.81666666666667,0,0,0,0,0
JJA,Jajao,,SB,-8.213333333333333,159.26666666666668,0,0,0,0,0
JJD,Cruz,CE,BR,-2.9066666666666667,-40.35805555555556,1,23470,66789,151,84
JJG,Jaguaruna,SC,BR,-28.67527777777778,-49.059444444444445,1,33005,21576,141,131
JJI,Juanjui,,PE,-7.15,-76.71666666666667,0,0,0,0,0
JJM,Meru-Kinna,,KE,0.22805555555555557,38.17222222222222,1,0,0,0,0
JJN,Quanzhou,,CN,24.795555555555556,118.58805555555556,1,660567,717780,1098,1106
JJU,Qaqortoq,,GL,60.715833333333336,-46.03,1,0,0,0,0
JKG,Jonkoping,,SE,57.7575,14.06861111111111,1,0,0,0,0
JKH,Chios,,GR,38.34305555555556,26.140555555555554,1,38409,41927,211,189
JKL,Kalymnos Island,,GR,36.96333333333334,26.941111111111113,1,3642,4771,30,30
JKR,Janakpur,,NP,26.70888888888889,85.92416666666666,1,1792,2052,6,6
JKT,Jakarta,,ID,-6.154166666666667,106.84888888888888,1,13267755,13860105,12293,13230
JKV,Jacksonville,TX,US,31.966666666666665,-95.28333333333333,0,0,0,0,0
JLA,Cooper Landing,AK,US,60.483333333333334,-149.85,0,0,0,0,0
JLN,Joplin,MO,US,37.151944444444446,-94.49833333333333,1,17066,17206,26,31
JLR,Jabalpur,MP,IN,23.17777777777778,80.05194444444444,1,2051,2193,30,32
JLS,Jales,SP,BR,-20.266666666666666,-50.55,0,0,0,0,0
JMA,Manhuacu,MG,BR,-20.26,-42.18416666666666,1,5,23,9,8
JMB,Jamba,,AO,-14.700277777777776,16.083333333333332,0,0,0,0,0
JMC,Sausalito,CA,US,37.85,-122.51944444444445,0,0,0,0,0
JMH,Schaumburg,IL,US,42.03333333333333,-88.08333333333333,0,0,0,0,0
JMJ,Langcang,,CN,22.4175,99.78416666666666,1,137,520,51,50
JMK,Mykonos,,GR,37.434999999999995,25.348055555555554,1,155264,244791,2026,1824
JMO,Jomsom,,NP,28.780555555555555,83.72305555555556,1,3,14,5,5
JMS,Jamestown,ND,US,46.92972222222222,-98.67833333333334,1,4920,4439,28,31
JMU,Jiamusi,,CN,46.843333333333334,130.46527777777777,1,42878,60043,241,199
JNA,Januaria,MG,BR,-15.466666666666667,-44.38333333333333,0,0,0,0,0
JNB,Johannesburg,,ZA,-26.25,28.15,1,3104927,3341572,10746,11196
JNG,Jining,,CN,35.293055555555554,116.34666666666666,1,16597,28495,170,168
JNI,Junin,BA,AR,-34.583333333333336,-60.96666666666667,0,0,0,0,0
JNJ,Duqm,,OM,19.474999999999998,57.30833333333333,0,0,0,0,0
JNN,Nanortalik,,GL,60.14194444444444,-45.23305555555556,1,0,0,0,0
JNS,Narsaq,,GL,60.9175,-46.059999999999995,1,0,0,0,0
JNU,Juneau,AK,US,58.355000000000004,-134.57638888888889,1,41752,52803,1835,1763
JNX,Naxos Is,,GR,37.08222222222223,25.36861111111111,1,16434,28430,42,41
JNZ,Jinzhou,,CN,41.1025,121.06194444444444,1,2865,5407,46,44
JOE,Joensuu,,FI,62.66277777777778,29.6075,1,4515,6223,34,31
JOG,Yogyakarta,,ID,-7.788055555555555,110.43166666666667,1,740151,878819,4,3
JOH,Port St John's,,ZA,-31.616666666666667,29.533333333333335,0,0,0,0,0
JOI,Joinville,SC,BR,-26.224444444444444,-48.7975,1,180197,156810,490,294
JOJ,Hope Bay,NU,CA,68.12527777777777,-106.585,0,0,0,0,0
JOK,Yoshkar-Ola,,RU,56.700833333333335,47.896388888888886,0,0,0,0,0
JOL,Jolo,,PH,6.053611111111111,121.0111111111111,0,0,0,0,0
JOM,Njombe,,TZ,-9.3575,34.775,0,0,0,0,0
JOP,Josephstaal,,PG,-4.75,145.01666666666668,0,0,0,0,0
JOS,Jos,,NG,9.639722222222222,8.870000000000001,1,476,414,1,1
JOT,Joliet,IL,US,41.53333333333333,-88.08333333333333,0,1,0,0,0
JPA,Joao Pessoa,PB,BR,-7.148333333333333,-34.95055555555556,1,361556,525446,1625,1055
JPE,Paragominas,PA,BR,-3.0180555555555557,-47.32138888888889,1,10,51,9,9
JPO,Patos,PB,BR,-7.039166666666667,-37.25222222222222,1,32,50,6,5
JPR,Ji-Parana,RO,BR,-10.870833333333334,-61.846944444444446,1,259,624,9,11
JPY,Paraty,SP,BR,-23.224166666666665,-44.723888888888894,0,0,0,0,0
JQA,Qaarsut,,GL,70.73361111111112,-52.69277777777778,1,0,0,72,72
JQE,Jaque,,PA,7.517222222222222,-78.15694444444445,0,0,0,0,0
JRF,Kapolei,HI,US,21.307222222222222,-158.07027777777776,0,0,0,0,0
JRG,Jharsuguda,OR,IN,21.91333333333333,84.05111111111111,1,7816,9469,9,9
JRH,Jorhat,AS,IN,26.731666666666666,94.17555555555556,1,0,0,16,18
JRK,Arsuk,,GL,61.176944444444445,-48.419999999999995,1,0,0,0,0
JRN,Juruena,MT,BR,-10.305555555555557,-58.48888888888889,0,0,0,0,0
JRO,Kilimanjaro,,TZ,-3.4294444444444445,37.074444444444445,1,265893,392421,974,994
JRT,Juruti,PA,BR,-2.1869444444444444,-56.090833333333336,1,1,0,10,10
JSA,Jaisalmer,RJ,IN,26.88861111111111,70.865,1,5140,10112,8,8
JSB,Sao Benedito,CE,BR,-4.043055555555555,-40.89416666666666,1,11,3,3,6
JSD,Stratford,CT,US,41.18333333333333,-73.13333333333334,0,0,0,0,0
JSH,Siteia,,GR,35.21611111111111,26.10138888888889,1,11343,13356,108,100
JSI,Skiathos,,GR,39.17722222222222,23.503611111111113,1,12430,16368,337,327
JSJ,Jiansanjiang,,CN,47.11,132.6602777777778,1,63,103,48,48
JSK,Jask,,IR,25.65361111111111,57.799166666666665,0,0,0,0,0
JSM,Jose de San Martin,CB,AR,-44.03333333333333,-70.46666666666667,0,0,0,0,0
JSO,Sobral,CE,BR,-3.680833333333333,-40.340833333333336,1,25,20,6,3
JSR,Jessore,,BD,23.183888888888887,89.16083333333334,1,28798,31354,7,7
JST,Johnstown,PA,US,40.316111111111105,-78.83388888888888,1,11737,10502,29,23
JSU,Maniitsoq,,GL,65.41250000000001,-52.939722222222215,1,0,0,423,394
JSY,Syros Island,,GR,37.422777777777775,24.95,1,4228,5301,12,13
JTA,Taua,CE,BR,-5.9336111111111105,-40.297777777777775,0,0,0,0,0
JTC,Bauru,SP,BR,-22.16361111111111,-49.06916666666667,1,3560,2487,87,80
JTI,Jatai,GO,BR,-17.830555555555556,-51.775,0,0,0,0,0
JTN,Itanhaem,SP,BR,-24.159444444444443,-46.79138888888889,0,0,0,0,0
JTR,Thira,,GR,36.399166666666666,25.479444444444443,1,391569,571703,2070,2021
JTY,Astypalaia Island,,GR,36.580000000000005,26.375555555555557,1,1891,3771,29,30
JUA,Juara,MT,BR,-12.833333333333334,-58.916666666666664,0,0,0,0,0
JUB,Juba,,SS,4.871944444444445,31.601111111111113,1,117411,120951,72,72
JUH,Chizhou,,CN,30.740277777777777,117.68666666666667,1,1672,2211,68,71
JUI,Juist,,DE,53.68111111111111,7.055833333333333,1,0,0,0,0
JUJ,Jujuy,PJ,AR,-24.392777777777777,-65.09777777777778,1,49054,153761,300,356
JUK,Ukkusissat,,GL,71.05527777777777,-51.88361111111111,1,0,0,0,0
JUL,Juliaca,,PE,-15.467222222222222,-70.15805555555556,1,39122,44163,448,409
JUM,Jumla,,NP,29.274444444444445,82.19361111111111,1,0,0,0,0
JUN,Jundah,QL,AU,-24.8,143.03333333333333,0,0,0,0,0
JUO,Jurado,,CO,6.5166666666666675,-76.6,0,0,0,0,0
JUR,Jurien Bay,WA,AU,-30.266666666666666,115.05,0,0,0,0,0
JUT,Juticalpa,,HN,14.8,-86.13333333333334,0,0,0,0,0
JUU,Nuugaatsiaq,,GL,71.53888888888889,-53.20527777777778,0,0,0,0,0
JUV,Upernavik,,GL,72.79055555555556,-56.13111111111111,1,0,0,97,127
JUZ,Quzhou,,CN,28.96722222222222,118.9,1,7039,9503,157,140
JVA,Ankavandra,,MG,-18.8,45.28333333333333,0,0,0,0,0
JVI,Manville,NJ,US,40.525277777777774,-74.59722222222221,0,0,0,0,0
JVL,Janesville,WI,US,42.61666666666667,-89.03333333333333,0,0,0,0,0
JWA,Jwaneng,,BW,-24.602500000000003,24.691111111111113,0,0,0,0,0
JWN,Zanjan,,IR,36.774166666666666,48.358333333333334,1,0,0,2,2
JWO,Chungju,,KR,37.03,127.88527777777779,0,0,0,0,0
JXA,Jixi,,CN,45.2925,131.19194444444446,1,1599,3207,84,82
JXN,Jackson,MI,US,42.25944444444445,-84.46166666666667,0,0,0,0,0
JYR,Jiroft,,IR,28.72722222222222,57.67027777777778,1,0,0,3,3
JYV,Jyvaskyla,,FI,62.39944444444444,25.678333333333335,1,7673,9151,10,7
JZH,Jiuzhaigou,,CN,32.85666666666667,103.68305555555555,1,1741,6182,25,26
KAA,Kasama,,ZM,-10.218055555555555,31.134722222222223,1,0,0,3,3
KAB,Kariba,,ZW,-16.51972222222222,28.884999999999998,1,147,325,7,8
KAC,Kamishly,,SY,37.02055555555555,41.19138888888889,0,0,0,0,0
KAD,Kaduna,,NG,10.696111111111112,7.319999999999999,1,222,333,5,5
KAE,Kake,AK,US,56.96138888888889,-133.9102777777778,1,27,35,53,50
KAF,Karato,,PG,-6.283333333333333,155.35,0,0,0,0,0
KAG,Gangneung,,KR,37.75,128.95,0,0,0,0,0
KAI,Kaieteur,,GY,5.15,-59.483333333333334,0,0,0,0,0
KAJ,Kajaani,,FI,64.28555555555555,27.6925,1,4357,5053,41,36
KAK,Kar,,PG,-6.216666666666667,143.48333333333332,0,0,0,0,0
KAL,Kaltag,AK,US,64.31805555555555,-158.74305555555554,1,0,0,4,4
KAM,Kamaran Island,,YE,15.366666666666667,42.583333333333336,0,0,0,0,0
KAN,Kano,,NG,12.0475,8.524722222222223,1,84179,69817,232,222
KAO,Kuusamo,,FI,65.9875,29.239444444444445,1,16551,25606,219,210
KAP,Kapanga,,CD,-8.333333333333334,22.666666666666668,0,0,0,0,0
KAQ,Kamulai,,PG,-8.133333333333333,146.81666666666666,0,0,0,0,0
KAR,Kamarang,,GY,5.883333333333333,-60.61666666666667,0,0,0,0,0
KAS,Karasburg,,NA,-28.029722222222222,18.738611111111112,0,0,0,0,0
KAT,Kaitaia,,NZ,-35.071111111111115,173.28694444444443,0,0,0,0,0
KAU,Kauhava,,FI,63.1,23.083333333333332,0,0,0,0,0
KAV,Kanavayen,,VE,5.666666666666667,-61.766666666666666,0,0,0,0,0
KAW,Kawthaung,,MM,10.049166666666666,98.53805555555556,1,450,428,85,82
KAX,Kalbarri,WA,AU,-27.692777777777778,114.25916666666667,0,0,0,0,0
KAY,Wakaya Island,,FJ,-17.628611111111113,179.01,0,0,0,0,0
KAZ,Kau,,ID,1.1847222222222222,127.89611111111111,1,0,0,2,4
KBA,Kabala,,SL,9.583333333333334,-11.55,0,0,0,0,0
KBB,Kirkimbie Station,NT,AU,-17.766666666666666,129.21666666666667,0,0,0,0,0
KBC,Birch Creek,AK,US,66.27222222222223,-145.8188888888889,1,0,0,3,3
KBD,Kimberley Downs Stn,WA,AU,-17.4,124.36666666666666,0,0,0,0,0
KBE,Bell Island,AK,US,55.916666666666664,-131.56666666666666,0,0,0,0,0
KBF,Karubaga,,ID,-3.75,138.33333333333334,0,0,0,0,0
KBG,Kabalega Falls,,UG,2.3333333333333335,31.5,0,0,0,0,0
KBH,Kahama,,TZ,-3.7916666666666665,32.64666666666667,1,46,49,4,2
KBI,Kribi,,CM,2.8666666666666667,9.983333333333333,0,0,0,0,0
KBJ,Kings Canyon,NT,AU,-24.266666666666666,131.49444444444444,0,0,0,0,0
KBK,Kushinagar,UP,IN,26.77472222222222,83.89500000000001,1,2226,6500,1,1
KBL,Kabul,,AF,34.56583333333333,69.2125,1,55891,111695,242,134
KBM,Kabwum,,PG,-6.4,147.36666666666667,0,0,0,0,0
KBN,Kabinda,,CD,-6.116666666666666,24.533333333333335,0,0,0,0,0
KBO,Kabalo,,CD,-6.083333333333333,26.916666666666668,0,0,0,0,0
KBQ,Kasungu,,MW,-13.016666666666667,33.46666666666667,0,0,0,0,0
KBR,Kota Bharu,,MY,6.1675,102.2911111111111,1,657862,691345,400,367
KBS,Bo,,SL,7.95,-11.766666666666667,0,0,0,0,0
KBT,Kaben Island,,MH,8.900833333333333,170.84361111111113,1,0,0,1,1
KBU,Kotabaru,,ID,-3.296111111111111,116.16472222222222,1,0,0,1,1
KBV,Krabi,,TH,8.095833333333333,98.9888888888889,1,1196643,1957847,491,408
KBX,Ayamaru,,ID,-1.3166666666666667,132.28777777777776,0,0,0,0,0
KBY,Streaky Bay,SA,AU,-32.8,134.23333333333332,0,0,0,0,0
KBZ,Kaikoura,,NZ,-42.416666666666664,173.6,0,0,0,0,0
KCA,Kuqa,,CN,41.71805555555556,82.98666666666666,1,412,1056,118,116
KCB,Kasikasima,,SR,3.15,-55.71666666666667,0,0,0,0,0
KCC,Coffman Cove,AK,US,56.0125,-132.8338888888889,1,0,0,10,3
KCD,Kamur,,ID,-6.2,138.71666666666667,0,0,0,0,0
KCE,Collinsville,QL,AU,-20.55,147.86666666666667,0,0,0,0,0
KCF,Kadanwari,,PK,27.200833333333332,69.15333333333334,0,0,0,0,0
KCH,Kuching,,MY,1.4841666666666666,110.34388888888888,1,2079297,1942495,1211,1377
KCI,Koolan Island,WA,AU,-16.125833333333333,123.73472222222222,0,0,0,0,0
KCJ,Komaio,,PG,-7.266666666666667,143.6,0,0,0,0,0
KCK,Kirensk,,RU,57.772777777777776,108.0586111111111,1,0,0,8,8
KCL,Chignik,AK,US,56.3,-158.53333333333333,1,0,0,0,0
KCM,Kahramanmaras,,TR,37.538888888888884,36.95333333333333,1,10502,14415,35,35
KCN,Chernofski Harbor,AK,US,53.416666666666664,-167.55,0,0,0,0,0
KCO,Kocaeli,,TR,40.733333333333334,30.083333333333332,0,0,0,0,0
KCP,Kamenets Podolskiy,,UA,48.68333333333333,26.616666666666667,0,0,0,0,0
KCR,Colorado Creek,AK,US,63.15,-149.43333333333334,0,0,0,0,0
KCS,Kings Creek Station,NT,AU,-24.383333333333333,131.68333333333334,0,0,0,0,0
KCT,Koggala,,LK,5.993611111111111,80.32027777777778,1,0,0,2,2
KCU,Masindi,,UG,1.6833333333333333,31.716666666666665,0,0,0,0,0
KCZ,Kochi,,JP,33.54611111111111,133.66944444444442,1,91404,88614,282,334
KDA,Kolda,,SN,12.898888888888889,-14.968333333333334,0,0,0,0,0
KDB,Kambalda,WA,AU,-31.2,121.66666666666667,0,0,0,0,0
KDC,Kandi,,BJ,11.133333333333333,2.9333333333333336,0,0,0,0,0
KDD,Khuzdar,,PK,27.783333333333335,66.63333333333334,0,0,0,0,0
KDE,Koroba,,PG,-5.683333333333334,142.73333333333332,0,0,0,0,0
KDH,Kandahar,,AF,31.505555555555556,65.84777777777778,1,87,202,96,94
KDI,Kendari,,ID,-4.081666666666666,122.41833333333334,1,88905,96715,240,161
KDJ,Ndjole,,GA,-0.25,10.75,0,0,0,0,0
KDL,Kardla,,EE,58.990833333333335,22.830833333333334,1,0,0,4,4
KDM,Kaadedhdhoo Island,,MV,0.48833333333333334,72.9961111111111,1,3,3,12,10
KDN,N'dende,,GA,-2.3666666666666667,11.416666666666666,0,0,0,0,0
KDO,Kadhdhoo Island,,MV,1.8583333333333334,73.51972222222223,1,0,0,8,8
KDP,Kandep,,PG,-5.866666666666667,143.5,1,0,0,0,0
KDQ,Kamberatoro,,PG,-3.6055555555555556,141.05,0,0,0,0,0
KDR,Kandrian,,PG,-6.216666666666667,149.55,0,0,0,0,0
KDS,Kamaran Downs,QL,AU,-24.333333333333332,139.16666666666666,0,0,0,0,0
KDT,Kamphang Saen,,TH,14.1,99.91666666666667,0,0,0,0,0
KDU,Skardu,,PK,35.33305555555556,75.54638888888888,1,6132,14280,9,9
KDV,Kadavu Island,,FJ,-19.058333333333334,178.15722222222223,1,3052,3562,56,56
KDW,Kandy Victoria Reservoir SPB,,LK,7.263888888888889,80.76361111111112,0,0,1,0,0
KDX,Kadugli,,SD,11.138055555555555,29.700833333333332,0,0,0,0,0
KDY,Khandyga,,RU,62.788333333333334,136.8513888888889,0,0,0,0,0
KDZ,Kandy Polgolla Reservoir SPB,,LK,7.326666666666666,80.64166666666668,0,0,0,0,0
KEA,Kerki International,,TM,37.82222222222222,65.13555555555556,1,0,0,6,6
KEB,Nanwalek,AK,US,59.352222222222224,-151.92499999999998,0,0,0,0,0
KEC,Kasenga,,CD,-10.35,28.633333333333333,0,0,0,0,0
KED,Kaedi,,MR,16.166666666666668,-13.516666666666667,0,0,0,0,0
KEE,Kelle,,CG,-0.1,14.55,0,0,0,0,0
KEG,Keglsugl,,PG,-5.808333333333334,145.08333333333334,0,0,0,0,0
KEH,Kenmore,WA,US,47.75555555555555,-122.25944444444444,0,15,4,0,0
KEI,Kepi,,ID,-6.666666666666667,139.38333333333333,1,0,0,0,0
KEJ,Kemerovo,,RU,55.269999999999996,86.10722222222222,1,9578,7980,62,55
KEK,Ekwok,AK,US,59.35333333333333,-157.4763888888889,1,0,0,0,0
KEL,Kiel,,DE,54.37972222222222,10.145,0,0,0,0,0
KEM,Kemi/Tornio,,FI,65.7786111111111,24.580833333333334,1,12243,19369,60,69
KEN,Kenema,,SL,7.89861111111111,-11.173888888888888,0,0,0,0,0
KEO,Odienne,,CI,9.53888888888889,-7.5625,1,19,86,9,10
KEP,Nepalganj,,NP,28.103611111111114,81.66694444444445,1,3890,5095,12,12
KEQ,Kebar,,ID,-0.6333333333333333,133.11666666666667,0,0,0,0,0
KER,Kerman,,IR,30.274444444444445,56.95111111111111,1,0,0,55,54
KES,Kelsey,MB,CA,56.25,-96.96666666666667,0,0,0,0,0
KET,Kengtung,,MM,21.301666666666666,99.63611111111112,1,3153,3248,48,39
KEU,Maasai Mara,,KE,-1.586666666666667,35.25861111111111,1,0,0,54,67
KEV,Halli,,FI,61.85638888888889,24.789166666666667,0,0,0,0,0
KEW,Keewaywin,ON,CA,52.992222222222225,-92.83888888888889,1,0,0,10,8
KEX,Kanabea,,PG,-7.7666666666666675,145.9,0,0,0,0,0
KEY,Kericho,,KE,-0.4166666666666667,35.25,0,0,0,0,0
KEZ,Colombo Kelani-Peliyagooda SPB,,LK,6.968333333333334,79.88111111111111,0,1,1,0,0
KFA,Kiffa,,MR,16.583333333333332,-11.4,0,0,0,0,0
KFE,Cloudbreak,WA,AU,-22.291111111111114,119.43833333333333,0,0,0,0,0
KFG,Kalkgurung,NT,AU,-17.431944444444447,130.80805555555557,0,0,0,0,0
KFM,Conklin,AB,CA,55.355555555555554,-110.6375,0,0,0,0,0
KFP,False Pass,AK,US,54.84805555555556,-163.4063888888889,1,0,0,0,0
KFS,Kastamonu,,TR,41.315,33.79611111111111,1,3171,4684,21,22
KFZ,Kukes,,AL,42.03583333333333,20.41722222222222,0,0,0,0,0
KGA,Kananga,,CD,-5.9,22.469166666666666,1,13,34,8,8
KGB,Konge,,PG,-6.133333333333334,147.65,0,0,0,0,0
KGC,Kingscote,SA,AU,-35.715833333333336,137.52583333333334,1,2420,5732,49,48
KGD,Kaliningrad,,RU,54.89,20.592499999999998,1,86649,54983,243,250
KGE,Kagau Island,,SB,-7.328333333333333,157.58333333333334,1,3,1,4,2
KGF,Karaganda,,KZ,49.670833333333334,73.33444444444444,1,0,0,19,17
KGG,Kedougou,,SN,12.566666666666666,-12.5,0,0,0,0,0
KGH,Yongai,,PG,-8.583333333333334,147.5,0,0,0,0,0
KGI,Kalgoorlie-Boulder,WA,AU,-30.79138888888889,121.46361111111112,1,77828,84391,462,482
KGJ,Karonga,,MW,-9.95,33.916666666666664,0,0,0,0,0
KGK,Koliganek,AK,US,59.727222222222224,-157.26166666666666,1,0,0,0,0
KGL,Kigali,,RW,-1.968611111111111,30.139444444444443,1,431822,499721,1000,805
KGM,Kungim,,PG,-5.666666666666667,141.01666666666668,0,0,0,0,0
KGN,Kasongo Lunda,,CD,-6.468333333333334,16.805833333333332,0,0,0,0,0
KGO,Kirovograd,,UA,48.55,32.3,0,0,0,0,0
KGP,Kogalym,,RU,62.190555555555555,74.53388888888888,1,0,0,5,5
KGQ,Kangersuatsiaq,,GL,72.38111111111111,-55.53666666666666,1,0,0,0,0
KGR,Kulgera,NT,AU,-25.833333333333332,133.5,0,0,0,0,0
KGS,Kos,,GR,36.79333333333333,27.091666666666665,1,124571,127886,2444,2408
KGT,Kangding,,CN,30.14472222222222,101.73777777777778,1,54,138,11,10
KGU,Keningau,,MY,5.366666666666666,116.16666666666667,0,0,0,0,0
KGW,Kagi,,PG,-9.05,146.83333333333334,0,0,0,0,0
KGX,Grayling,AK,US,62.897777777777776,-160.06722222222223,1,0,0,2,2
KGY,Kingaroy,QL,AU,-26.583333333333332,151.85,0,0,0,0,0
KGZ,Glacier Creek,AK,US,61.45,-142.4,0,0,0,0,0
KHA,Khaneh,,IR,36.733333333333334,45.15,0,0,0,0,0
KHC,Kerch,,UA,45.37277777777778,36.40222222222222,0,0,0,0,0
KHD,Khorramabad,,IR,33.43861111111111,48.280833333333334,1,0,0,7,7
KHE,Kherson,,UA,46.67722222222222,32.507222222222225,0,0,0,0,0
KHG,Kashi,,CN,39.5425,76.02,1,8766,12519,530,521
KHH,Kaohsiung,,TW,22.577222222222222,120.35,1,3511664,2950429,658,642
KHI,Karachi,,PK,24.906666666666666,67.16083333333334,1,2621230,2568569,2613,2603
KHJ,Kauhajoki,,FI,62.463055555555556,22.39472222222222,0,0,0,0,0
KHK,Khark Island,,IR,29.260555555555555,50.32222222222222,0,0,0,0,0
KHM,Khamti,,MM,25.98777777777778,95.67416666666666,1,0,0,6,5
KHN,Nanchang,,CN,28.86388888888889,115.90222222222222,1,497889,540814,1331,1332
KHO,Manyeleti,,ZA,-24.583333333333332,31.416666666666668,0,0,0,0,0
KHQ,Kullorsuaq,,GL,74.57944444444443,-57.23555555555556,1,0,0,0,0
KHR,Kharkhorin,,MN,47.246944444444445,102.8261111111111,0,0,0,0,0
KHS,Khasab,,OM,26.171111111111113,56.24055555555556,1,3468,4476,12,11
KHT,Khost,,AF,33.33388888888889,69.95277777777778,0,0,0,2,2
KHU,Kremenchug,,UA,49.1,33.45,0,0,0,0,0
KHV,Khabarovsk,,RU,48.528055555555554,135.18833333333333,1,71367,32712,266,240
KHW,Khwai River Lodge,,BW,-19.133333333333333,23.833333333333332,0,0,0,0,0
KHX,Kihihi,,UG,-0.7194444444444444,29.7,1,33,22,3,6
KHY,Khoy,,IR,38.42222222222222,44.97666666666667,1,0,0,2,2
KHZ,Kauehi,,PF,-15.780833333333334,-145.12416666666667,1,0,1,22,22
KIA,Kaiapit,,PG,-6.266666666666667,146.25,0,0,0,0,0
KIB,Ivanof Bay,AK,US,55.9,-159.48333333333332,0,0,0,0,0
KIC,King City,CA,US,36.22805555555556,-121.12083333333332,0,0,0,0,0
KID,Kristianstad,,SE,55.92166666666667,14.085555555555556,1,814,880,98,106
KIE,Kieta,,PG,-6.306111111111111,155.72861111111112,1,22,12,2,1
KIF,Kingfisher Lake,ON,CA,53.0125,-89.85583333333332,1,0,0,12,12
KIG,Koingnaas,,ZA,-30.2,17.266666666666666,0,0,0,0,0
KIH,Kish Island,,IR,26.5275,53.97916666666667,1,0,0,65,49
KII,Kibuli,,PG,-9.016666666666667,142.6952777777778,0,0,0,0,0
KIJ,Niigata,,JP,37.95583333333334,139.12083333333334,1,167145,142817,143,162
KIK,Kirkuk,,IQ,35.516666666666666,44.3,1,2340,2351,13,12
KIL,Kilwa,,CD,-9.3,28.383333333333333,0,0,0,0,0
KIM,Kimberley,,ZA,-28.802777777777777,24.76527777777778,1,17491,15593,601,563
KIN,Kingston,,JM,17.933333333333334,-76.78333333333333,1,465749,721977,839,785
KIO,Kili Island,,MH,5.643888888888888,169.12444444444446,1,0,0,1,1
KIQ,Kira,,PG,-8.065277777777778,147.3322222222222,0,0,0,0,0
KIR,Kerry,,IE,52.18083333333333,-9.523888888888889,1,408,139,86,62
KIS,Kisumu,,KE,-0.08555555555555555,34.72972222222222,1,54302,70930,315,320
KIT,Kythira,,GR,36.274166666666666,23.016944444444444,1,3584,5096,42,42
KIU,Kiunga,,KE,-1.75,41.483333333333334,0,0,0,0,0
KIV,Chisinau,,MD,46.92777777777778,28.930833333333336,1,1086858,1188425,7,3
KIW,Kitwe,,ZM,-12.900555555555556,28.150555555555552,0,0,0,0,0
KIY,Kilwa Masoko,,TZ,-8.910277777777779,39.50861111111111,0,0,0,0,0
KIZ,Kikinonda,,PG,-8.65,147.91666666666666,0,0,0,0,0
KJA,Krasnoyarsk,,RU,56.17305555555555,92.49333333333334,1,237485,110510,939,979
KJB,Kurnool,AP,IN,15.714722222222221,78.17833333333334,1,0,0,8,8
KJH,Huang Ping,,CN,26.971944444444443,107.9875,1,0,0,1,1
KJI,Burqin,,CN,48.22166666666667,86.9961111111111,1,50,194,15,16
KJJ,Kajjansi,,UG,0.19722222222222224,32.55305555555555,1,0,0,0,0
KJK,Kortrijk,,BE,50.81722222222223,3.2047222222222222,1,0,0,0,0
KJP,Kerama,,JP,26.166666666666668,127.3,0,0,0,0,0
KJT,Majalengka,,ID,-6.6513888888888895,108.16944444444445,1,1987,2536,57,48
KJU,Kamiraba,,PG,-2.8833333333333333,151.25,0,0,0,0,0
KJX,Blang Pidie,,ID,3.7358333333333333,96.78999999999999,0,0,0,0,0
KKA,Koyuk,AK,US,64.9388888888889,-161.1552777777778,1,9,3,7,8
KKB,Kitoi Bay,AK,US,58.190555555555555,-152.36777777777777,1,0,0,2,2
KKC,Khon Kaen,,TH,16.464444444444442,102.78222222222222,1,766847,754532,74,82
KKD,Kokoda,,PG,-8.883333333333333,147.73333333333332,0,0,0,0,0
KKE,Kerikeri,,NZ,-35.257777777777775,173.91194444444446,1,6017,7340,227,187
KKG,Konawaruk,,GY,5.216666666666667,-59.0,0,0,0,0,0
KKH,Kongiganak,AK,US,59.96027777777778,-162.8813888888889,1,0,0,0,4
KKI,Akiachak,AK,US,60.905277777777776,-161.42388888888888,1,0,1,2,2
KKJ,Kitakyushu,,JP,33.84583333333334,131.03472222222223,1,153928,164734,266,265
KKK,Kalakaket Creek,AK,US,64.41694444444445,-156.82166666666666,0,0,0,0,0
KKL,Karluk Lake,AK,US,57.36666666666667,-154.01666666666668,0,0,0,0,0
KKM,Lop Buri,,TH,14.874722222222223,100.66361111111112,0,0,0,0,0
KKN,Kirkenes,,NO,69.72583333333334,29.891388888888887,1,87365,45912,426,439
KKO,Kaikohe,,NZ,-35.45,173.81666666666666,0,0,0,0,0
KKP,Koolburra,QL,AU,-15.583333333333334,143.95,0,0,0,0,0
KKQ,Krasnoselkup,,RU,65.7,82.45,1,0,0,2,2
KKR,Kaukura,,PF,-15.663333333333334,-146.88472222222222,1,1,1,6,12
KKS,Kashan,,IR,33.89527777777778,51.57694444444445,1,0,0,2,2
KKT,Kentland,IN,US,40.766666666666666,-87.45,0,0,0,0,0
KKU,Ekuk,AK,US,58.81111111111111,-158.56166666666667,0,0,0,0,0
KKW,Kikwit,,CD,-5.035833333333334,18.785833333333336,0,0,0,0,0
KKX,Kikai,,JP,28.321666666666665,129.92666666666665,1,2383,3903,25,26
KKY,Kilkenny,,IE,52.65083333333333,-7.296111111111111,0,0,0,0,0
KKZ,Koh Kong,,KH,11.633333333333333,102.96666666666667,0,0,0,0,0
KLB,Kalabo,,ZM,-14.998888888888889,22.648333333333333,0,0,0,0,0
KLC,Kaolack,,SN,14.083333333333334,-16.5,0,0,0,0,0
KLD,Tver,,RU,56.82472222222223,35.757777777777775,0,0,0,0,0
KLE,Kaele,,CM,10.1,14.45,0,0,0,0,0
KLF,Kaluga,,RU,54.54861111111111,36.37166666666667,1,0,0,13,12
KLG,Kalskag,AK,US,61.53583333333333,-160.3477777777778,1,0,1,2,2
KLH,Kolhapur,MH,IN,16.66472222222222,74.28944444444444,1,0,0,13,14
KLI,Kotakoli,,CD,4.157500000000001,21.666666666666668,0,0,0,0,0
KLK,Kalokol,,KE,3.5166666666666666,35.833333333333336,0,0,0,0,0
KLL,Levelock,AK,US,59.126111111111115,-156.86083333333332,1,0,1,0,0
KLM,Kalaleh,,IR,37.38305555555556,55.45388888888889,0,0,0,0,0
KLN,Larsen Bay,AK,US,57.53444444444444,-153.9777777777778,1,0,0,6,6
KLO,Kalibo,,PH,11.684444444444445,122.38111111111111,1,482977,752200,57,51
KLP,Seruyan,,ID,-3.3758333333333335,112.53611111111111,0,0,0,0,0
KLQ,Keluang,,ID,-2.6,103.95,0,0,0,0,0
KLR,Kalmar,,SE,56.68555555555555,16.2875,1,4574,3876,116,116
KLS,Kelso,WA,US,46.15,-122.9,0,0,0,0,0
KLU,Klagenfurt,,AT,46.64277777777778,14.337777777777779,1,56058,54794,39,43
KLV,Karlovy Vary,,CZ,50.20305555555556,12.915000000000001,1,0,0,0,0
KLW,Klawock,AK,US,55.57916666666667,-133.07611111111112,1,213,149,80,121
KLX,Kalamata,,GR,37.068333333333335,22.025555555555556,1,21111,25095,277,258
KLY,Kalima,,CD,-2.5833333333333335,26.733333333333334,0,0,0,0,0
KLZ,Kleinsee,,ZA,-29.683333333333334,17.066666666666666,0,0,0,0,0
KMA,Kerema,,PG,-7.963611111111112,145.7713888888889,0,0,0,0,0
KMB,Koinambe,,PG,-5.5,144.61666666666667,0,0,0,0,0
KMC,King Khalid Mil. City,,SA,27.90083333333333,45.52833333333333,0,0,0,0,0
KME,Cyangugu,,RW,-2.4622222222222225,28.908055555555553,1,1738,2748,2,2
KMF,Kamina,,PG,-7.25,145.53333333333333,0,0,0,0,0
KMG,Kunming,,CN,25.108611111111113,102.935,1,2285400,2505928,6861,6872
KMH,Kuruman,,ZA,-27.466666666666665,23.416666666666668,0,0,0,0,0
KMI,Miyazaki,,JP,31.877222222222223,131.44861111111112,1,172450,172216,912,886
KMJ,Kumamoto,,JP,32.83722222222222,130.855,1,272533,391464,741,776
KMK,Makabana,,CG,-3.481388888888889,12.596666666666668,0,0,0,0,0
KML,Kamileroi,QL,AU,-19.5,140.08333333333334,0,0,0,0,0
KMM,Kimam,,ID,-7.966666666666667,138.9,0,0,0,0,0
KMN,Kamina,,CD,-8.64111111111111,25.25,1,0,0,0,0
KMO,Manokotak,AK,US,58.93194444444444,-158.90194444444444,1,0,0,0,0
KMP,Keetmanshoop,,NA,-26.533333333333335,18.1,0,0,0,0,0
KMQ,Komatsu,,JP,36.39472222222222,136.40666666666667,1,122617,161355,710,669
KMR,Karimui,,PG,-6.5,144.83333333333334,0,0,0,0,0
KMS,Kumasi,,GH,6.714444444444444,-1.5908333333333335,1,9609,15100,38,38
KMT,Kampot,,KH,10.633333333333333,104.16666666666667,0,0,0,0,0
KMU,Kisimayu,,SO,-0.3772222222222222,42.45944444444445,1,0,0,2,2
KMV,Kalemyo,,MM,23.18888888888889,94.05194444444444,1,0,0,6,8
KMW,Kostroma,,RU,57.75,40.93333333333333,1,0,0,4,4
KMX,Khamis Mushait,,SA,18.3,42.8,0,0,0,0,0
KMY,Moser Bay,AK,US,57.00138888888889,-154.15166666666667,1,0,0,1,1
KMZ,Kaoma,,ZM,-14.8,24.783333333333335,0,0,0,0,0
KNA,Vina Del Mar,,CL,-32.94972222222222,-71.47888888888889,0,0,0,0,0
KNB,Kanab,UT,US,37.25,-112.83333333333333,0,0,0,0,0
KND,Kindu,,CD,-2.9191666666666665,25.915277777777778,1,0,5,35,35
KNE,Kanainj,,PG,-5.283333333333333,144.7,0,0,0,0,0
KNF,King's Lynn,,GB,52.75,0.4,0,0,0,0,0
KNG,Utarom,,ID,-3.6444444444444444,133.69555555555556,1,0,0,7,5
KNH,Kinmen,,TW,24.429722222222225,118.36166666666666,1,153989,225177,267,273
KNI,Katanning,WA,AU,-33.7,117.55,0,0,0,0,0
KNJ,Kindamba,,CG,-3.7333333333333334,14.216666666666667,0,0,0,0,0
KNK,Kokhanok,AK,US,59.43333333333333,-154.8036111111111,1,0,0,2,3
KNL,Kelanoa,,PG,-6.0,147.5,0,0,0,0,0
KNM,Kaniama,,CD,-7.583333333333333,24.15,0,0,0,0,0
KNN,Kankan,,GN,10.366666666666667,-9.233333333333333,0,0,0,0,0
KNP,Capanda,,AO,-9.766944444444444,15.450277777777776,0,0,0,0,0
KNQ,Kone,,NC,-21.05388888888889,164.8388888888889,1,0,0,4,4
KNR,Kangan,,IR,27.816666666666666,52.35,0,0,0,0,0
KNS,King Island,TS,AU,-39.8775,143.87833333333333,1,449,996,45,36
KNT,Kennett,MO,US,36.233333333333334,-90.05,0,0,0,0,0
KNU,Kanpur,UP,IN,26.440555555555555,80.36722222222221,1,842,874,21,21
KNW,New Stuyahok,AK,US,59.45055555555556,-157.32861111111112,1,0,0,0,0
KNX,Kununurra,WA,AU,-15.778055555555556,128.70749999999998,1,13021,12815,166,161
KNY,Kodinsk,,RU,58.48083333333334,99.09833333333333,1,0,0,62,64
KNZ,Kenieba,,ML,12.833333333333334,-11.25,0,0,0,0,0
KOA,Kona,HI,US,19.73888888888889,-156.04555555555555,1,485476,643221,2798,2393
KOC,Koumac,,NC,-20.54638888888889,164.25555555555556,1,0,0,3,3
KOD,Kotabangun,,ID,-0.26666666666666666,116.58333333333333,0,0,0,0,0
KOE,Kupang,,ID,-10.171666666666667,123.67111111111112,1,67069,76399,179,229
KOF,Komatipoort,,ZA,-25.433333333333334,31.933333333333334,0,0,0,0,0
KOG,Khong,,LA,14.1,105.83333333333333,0,0,0,0,0
KOH,Koolatah,QL,AU,-15.966666666666667,142.41666666666666,0,0,0,0,0
KOI,Kirkwall,,GB,58.95777777777778,-2.9052777777777776,1,11332,18287,530,524
KOJ,Kagoshima,,JP,31.803333333333335,130.71944444444443,1,463989,476565,1302,1222
KOK,Kokkola/Pietarsaari,,FI,63.721111111111114,23.143055555555556,1,4208,4610,79,60
KOL,Koumbala,,CF,8.5,21.25,0,0,0,0,0
KOM,Komo-Manda,,PG,-6.148333333333333,143.6575,1,0,0,0,0
KON,Kontum,,VN,14.35611111111111,108.01555555555555,0,0,0,0,0
KOO,Kongolo,,CD,-5.4,27.0,1,43,145,0,1
KOP,Nakhon Phanom,,TH,17.385277777777777,104.64194444444445,1,0,0,8,6
KOQ,Koethen,,DE,51.71666666666667,11.95,0,0,0,0,0
KOR,Kokoro,,PG,-7.816666666666666,146.55,0,0,0,0,0
KOS,Sihanoukville,,KH,10.579722222222221,103.63694444444445,1,134254,129429,14,14
KOT,Kotlik,AK,US,63.0325,-163.53055555555557,1,0,0,0,0
KOU,Koulamoutou,,GA,-1.1847222222222222,12.44138888888889,0,0,0,0,0
KOV,Kokshetau,,KZ,53.32916666666667,69.59472222222222,1,3491,2369,2,2
KOW,Ganzhou,,CN,25.85138888888889,114.77527777777777,1,32470,28929,295,296
KOX,Kokonao,,ID,-4.710833333333333,136.43527777777777,0,0,0,0,0
KOY,Olga Bay,AK,US,57.16027777777778,-154.22916666666666,1,0,0,1,1
KOZ,Ouzinkie,AK,US,57.925555555555555,-152.49666666666664,1,0,0,7,7
KPA,Kopiago,,PG,-5.583333333333333,145.41666666666666,0,0,0,0,0
KPB,Point Baker,AK,US,56.35194444444445,-133.62222222222223,1,0,0,3,1
KPC,Port Clarence,AK,US,65.25,-166.85,0,0,0,0,0
KPE,Yapsiei,,PG,-4.633333333333333,141.1,0,0,0,0,0
KPF,Kondubol,,PG,-8.533333333333333,142.51666666666668,0,0,0,0,0
KPG,Kurupung,,GY,6.159722222222222,-60.27305555555555,0,0,0,0,0
KPI,Kapit,,MY,2.0,112.91666666666667,0,0,0,0,0
KPL,Kapal,,PG,-8.633333333333333,142.82444444444445,0,0,0,0,0
KPM,Kompiam,,PG,-5.383333333333334,143.93333333333334,0,0,0,0,0
KPN,Kipnuk,AK,US,59.93527777777778,-164.03194444444446,1,0,0,2,2
KPO,Pohang,,KR,35.98777777777778,129.42055555555555,1,28,23,4,4
KPP,Kalpowar,QL,AU,-14.883333333333333,144.21666666666667,0,0,0,0,0
KPR,Port Williams,AK,US,58.48861111111111,-152.58305555555555,1,0,0,2,2
KPS,Kempsey,NS,AU,-31.066666666666666,152.76666666666668,0,0,0,0,0
KPT,Jackpot,NV,US,41.96666666666667,-114.66666666666667,0,0,0,0,0
KPV,Perryville,AK,US,55.906666666666666,-159.16083333333333,1,0,0,0,0
KPW,Keperveyem,,RU,67.845,166.13972222222222,1,0,0,19,19
KPY,Port Bailey,AK,US,57.93055555555555,-153.04,1,0,0,2,2
KQA,Akutan,AK,US,54.13305555555556,-165.78083333333333,1,0,2,0,0
KQH,Kishangarh,RJ,IN,26.591944444444444,74.81444444444445,1,332,845,3,3
KQL,Kol,,PG,-5.7333333333333325,144.85,0,0,0,0,0
KQR,Kararra,QL,AU,-29.216944444444444,116.68694444444445,0,0,0,0,0
KQT,Qurghonteppa,,TJ,37.867222222222225,68.86472222222221,1,0,0,5,3
KRA,Kerang,VI,AU,-35.75,143.93333333333334,0,0,0,0,0
KRB,Karumba,QL,AU,-17.452777777777776,140.83277777777778,0,0,0,0,0
KRC,Kerinci,,ID,-2.0933333333333333,101.46916666666667,0,0,0,0,0
KRD,Kurundi Station,NT,AU,-20.5,134.63333333333333,0,0,0,0,0
KRE,Kirundo,,BI,-2.55,30.1,0,0,0,0,0
KRF,Kramfors/Solleftea,,SE,63.04861111111111,17.76888888888889,1,934,1013,122,122
KRG,Karasabai,,GY,4.016666666666667,-59.516666666666666,0,0,0,0,0
KRI,Kikori,,PG,-7.416666666666667,144.21666666666667,0,0,0,0,0
KRJ,Karawari,,PG,-8.75,147.4972222222222,0,0,0,0,0
KRK,Krakow,,PL,50.06444444444444,19.94472222222222,1,2401850,2425835,5856,5638
KRL,Korla,,CN,41.69916666666666,86.13027777777778,1,3988,5048,319,307
KRM,Karanambo,,GY,3.75,-59.31666666666667,0,0,0,0,0
KRN,Kiruna,,SE,67.82194444444444,20.336666666666666,1,101236,138787,721,750
KRO,Kurgan,,RU,55.47083333333334,65.41055555555556,1,0,0,35,33
KRP,Karup,,DK,56.2975,9.124722222222223,1,1097,1170,14,12
KRQ,Kramatorsk,,UA,48.71666666666667,37.61666666666667,0,0,0,0,0
KRR,Krasnodar,,RU,45.0325,39.16638888888889,0,0,0,0,0
KRS,Kristiansand,,NO,58.13333333333333,8.016666666666667,1,173659,181580,1269,1300
KRT,Khartoum,,SD,15.589444444444444,32.55305555555555,1,334,734,42,41
KRU,Kerau,,PG,-8.3,147.08333333333334,0,0,0,0,0
KRV,Kimwarer,,KE,2.9833333333333334,36.11666666666667,0,0,0,0,0
KRW,Turkmenbashi,,TM,40.06083333333333,53.00805555555556,1,0,0,13,14
KRX,Kar Kar,,PG,-4.55,145.93333333333334,0,0,0,0,0
KRY,Karamay,,CN,45.46611111111111,84.9538888888889,1,1845,2669,101,82
KRZ,Kiri,,CD,-1.45,19.0,0,0,0,0,0
KSA,Kosrae,,FM,5.356944444444444,162.95833333333331,1,710,1740,12,12
KSB,Kasanombe,,PG,-6.383333333333334,147.01666666666668,0,0,0,0,0
KSC,Kosice,,SK,48.66305555555555,21.241111111111113,1,104740,115489,125,140
KSD,Karlstad,,SE,59.44472222222222,13.3375,0,0,0,0,0
KSE,Kasese,,UG,0.185,30.101944444444445,1,80,17,5,7
KSF,Kassel,,DE,51.3125,9.479722222222222,1,5022,1394,36,36
KSG,Kisengan,,PG,-6.35,146.71666666666667,0,0,0,0,0
KSH,Kermanshah,,IR,34.34805555555556,47.156666666666666,1,0,0,41,41
KSI,Kissidougou,,GN,9.166666666666666,-10.116666666666667,0,0,0,0,0
KSJ,Kasos Island,,GR,35.421388888888885,26.91,1,470,516,50,46
KSK,Karlskoga,,SE,59.333333333333336,14.516666666666667,0,0,0,0,0
KSL,Kassala,,SD,15.3875,36.32888888888889,0,0,0,0,0
KSM,St Mary's,AK,US,62.06055555555555,-163.30083333333334,1,75,88,30,32
KSN,Kostanay,,KZ,53.206944444444446,63.55027777777777,1,8649,9778,22,22
KSO,Kastoria,,GR,40.44638888888888,21.28222222222222,1,1880,2035,12,15
KSP,Kosipe,,PG,-8.558333333333334,147.46666666666667,0,0,0,0,0
KSQ,Karshi,,UZ,38.801944444444445,65.77472222222222,1,7968,46065,12,11
KSR,Selayar Islands,,ID,-6.1755555555555555,120.4363888888889,0,0,0,0,0
KSS,Sikasso,,ML,11.316666666666666,-5.666666666666667,0,0,0,0,0
KST,Kosti,,SD,13.183333333333334,32.733333333333334,0,0,0,0,0
KSU,Kristiansund,,NO,63.111666666666665,7.8244444444444445,1,21521,25788,532,538
KSV,Springvale,QL,AU,-23.666666666666668,140.75,0,0,0,0,0
KSW,Kiryat Shmona,,IL,33.21666666666667,35.56666666666667,0,0,0,0,0
KSX,Yasuru,,PG,-6.6,146.18333333333334,0,0,0,0,0
KSY,Kars,,TR,40.56222222222222,43.115,1,17594,40830,183,150
KSZ,Kotlas,,RU,61.236111111111114,46.69888888888889,0,0,0,0,0
KTA,Karratha,WA,AU,-20.71222222222222,116.77333333333333,1,82762,83716,476,440
KTB,Thorne Bay,AK,US,55.68333333333333,-132.53333333333333,1,0,1,56,14
KTC,Katiola,,CI,8.133333333333333,-5.1,0,0,0,0,0
KTD,Kitadaito,,JP,25.94472222222222,131.32722222222222,1,0,0,0,0
KTE,Kerteh,,MY,4.5408333333333335,103.42583333333334,1,0,0,0,0
KTF,Takaka,,NZ,-40.85,172.8,1,0,0,0,0
KTG,Ketapang,,ID,-1.8166666666666667,109.96361111111112,1,0,0,23,15
KTH,Tikchik,AK,US,60.11666666666667,-158.58333333333334,0,0,0,0,0
KTI,Kratie,,KH,12.483333333333333,106.05,0,0,0,0,0
KTJ,Maasai Mara,,KE,-1.263611111111111,35.02777777777778,1,0,0,44,63
KTK,Kanua,,PG,-5.338888888888889,154.75,0,0,0,0,0
KTL,Kitale,,KE,0.9733333333333334,34.959722222222226,1,0,0,1,3
KTM,Kathmandu,,NP,27.696666666666665,85.35916666666667,1,3835976,4916866,910,808
KTN,Ketchikan,AK,US,55.333333333333336,-131.65,1,16841,21714,639,615
KTO,Kato,,GY,4.65,-59.81666666666667,0,0,0,0,0
KTQ,Kitee,,FI,62.16583333333333,30.076666666666668,0,0,0,0,0
KTR,Katherine,NT,AU,-14.521111111111113,132.3777777777778,1,381,391,3,3
KTS,Brevig Mission,AK,US,65.33222222222221,-166.4675,1,5,4,8,10
KTT,Kittila,,FI,67.70111111111112,24.846944444444443,1,45086,81710,492,608
KTU,Kota,RJ,IN,25.166666666666668,75.85,0,0,0,0,0
KTV,Kamarata,,VE,5.75,-62.416666666666664,0,0,0,0,0
KTW,Katowice,,PL,50.47416666666667,19.08,1,642675,488870,822,908
KTX,Koutiala,,ML,12.383333333333333,-5.466666666666667,0,0,0,0,0
KTY,Katukurunda,,LK,6.552777777777778,79.97638888888889,0,0,0,0,0
KUA,Kuantan,,MY,3.7808333333333333,103.20944444444444,1,168222,231110,241,269
KUC,Kuria,,KI,1.0038888888888888,173.03111111111113,1,0,0,2,2
KUD,Kudat,,MY,6.923333333333334,116.83722222222222,0,0,0,0,0
KUE,Kukundu,,SB,-8.016666666666667,156.95,0,0,0,0,0
KUF,Samara,,RU,53.50388888888889,50.151666666666664,1,259733,159931,313,247
KUG,Kubin,QL,AU,-10.226666666666667,142.21972222222223,1,16,35,155,259
KUH,Kushiro,,JP,43.04083333333333,144.19305555555556,1,69579,67561,181,184
KUI,Kawau Island,,NZ,-36.46666666666667,174.83333333333334,0,0,0,0,0
KUJ,Kushimoto,,JP,33.43333333333333,135.78333333333333,0,0,0,0,0
KUK,Kasigluk,AK,US,60.87388888888889,-162.52416666666667,1,0,0,2,2
KUL,Kuala Lumpur,,MY,3.1333333333333333,101.7,1,34992451,31534933,13881,14599
KUM,Yakushima,,JP,30.385555555555555,130.65944444444446,1,17110,19607,106,106
KUN,Kaunas,,LT,54.96388888888889,24.084722222222222,1,1,1,179,199
KUO,Kuopio,,FI,63.007222222222225,27.797777777777778,1,12380,14659,157,170
KUP,Kupiano,,PG,-10.066666666666666,148.21666666666667,0,0,0,0,0
KUQ,Kuri,,PG,-7.133333333333334,143.26666666666668,0,0,0,0,0
KUR,Kiran Wa Munjan,,AF,38.4,71.11666666666666,0,0,0,0,0
KUS,Kulusuk Island,,GL,65.57333333333332,-37.134166666666665,1,373,562,101,100
KUT,Kutaisi,,GE,42.17666666666666,42.4825,1,1,2,324,333
KUU,Kullu,HP,IN,31.87666666666667,77.15444444444445,1,0,1,5,5
KUV,Gunsan,,KR,35.903888888888886,126.61583333333333,1,0,0,5,5
KUX,Kuyol,,PG,-5.378333333333333,141.63055555555556,0,0,0,0,0
KUY,Kamusi,,PG,-7.4275,143.1238888888889,0,0,0,0,0
KUZ,Kuummiut,,GL,65.86388888888888,-36.995555555555555,1,0,0,0,0
KVA,Kavala,,GR,40.913333333333334,24.61916666666667,1,21343,25263,114,106
KVB,Skovde,,SE,58.45638888888889,13.972777777777777,0,0,0,0,0
KVC,King Cove,AK,US,55.11666666666667,-162.265,1,0,1,0,0
KVE,Kitava,,PG,-8.666666666666666,151.33333333333334,0,0,0,0,0
KVG,Kavieng,,PG,-2.5794444444444444,150.80805555555557,1,979,1551,19,23
KVK,Kirovsk/Apatity,,RU,67.57638888888889,33.58027777777778,1,0,0,38,40
KVL,Kivalina,AK,US,67.73611111111111,-164.56361111111113,1,0,0,3,5
KVM,Markovo,,RU,64.66361111111112,170.415,0,0,0,0,0
KVO,Kraljevo,,RS,43.81861111111112,20.58611111111111,1,1931,3023,14,14
KVR,Kavalerovo,,RU,44.2725,135.0288888888889,1,0,0,1,1
KVU,Korolevu,,FJ,-18.216666666666665,177.73333333333332,0,0,0,0,0
KVX,Kirov,,RU,58.50083333333333,49.342222222222226,1,0,0,7,7
KWA,Kwajalein Island,,MH,8.72,167.73166666666665,1,941,1292,35,35
KWB,Karimunjawa,,ID,-5.85,110.46666666666667,0,0,0,0,0
KWD,Kawadjia,,CF,7.966666666666667,23.533333333333335,0,0,0,0,0
KWE,Guiyang,,CN,26.538611111111113,106.80083333333333,1,341522,429428,2783,2794
KWF,Waterfall,AK,US,55.29527777777778,-133.2447222222222,0,0,0,0,0
KWG,Krivyi Rih,,UA,48.04333333333333,33.21,0,0,0,0,0
KWH,Khwahan,,AF,37.88333333333333,70.2,0,0,0,0,0
KWI,Kuwait,,KW,29.226666666666667,47.96888888888889,1,5122490,3762607,8116,7848
KWJ,Gwangju,,KR,35.12638888888889,126.80888888888889,1,127882,126054,48,50
KWK,Kwigillingok,AK,US,59.87638888888889,-163.1686111111111,1,0,0,2,2
KWL,Guilin,,CN,25.218055555555555,110.03916666666666,1,122418,164304,622,633
KWM,Kowanyama,QL,AU,-15.485277777777776,141.75222222222223,1,150,135,77,77
KWN,Quinhagak,AK,US,59.756388888888885,-161.8836111111111,1,0,0,2,2
KWO,Kawito,,PG,-7.9833333333333325,142.81666666666666,0,0,0,0,0
KWP,West Point,AK,US,57.769999999999996,-153.54611111111112,1,0,0,2,2
KWR,Kwai Harbour,,SB,-8.566666666666666,160.73333333333332,0,0,0,0,0
KWS,Kwailibesi,,SB,-8.355833333333333,160.7752777777778,0,0,0,0,0
KWT,Kwethluk,AK,US,60.79361111111111,-161.44194444444446,1,24,3,2,2
KWV,Kurwina,,PG,-6.183333333333334,155.33333333333334,0,0,0,0,0
KWX,Kiwai Island,,PG,-8.5,143.41666666666666,0,0,0,0,0
KWY,Kiwayu,,KE,-2.0166666666666666,41.266666666666666,0,0,0,0,0
KWZ,Kolwezi,,CD,-10.765833333333333,25.50583333333333,1,74,136,15,15
KXA,Kasaan,AK,US,55.53611111111111,-132.4013888888889,1,0,0,1,1
KXB,Kolaka,,ID,-4.341944444444444,121.52166666666666,1,0,0,13,5
KXD,Kondinskoye,,RU,59.65,67.43333333333334,0,0,0,0,0
KXE,Klerksdorp,,ZA,-26.966666666666665,26.65,0,0,0,0,0
KXF,Koro Island,,FJ,-17.34583333333333,179.42194444444445,1,40,286,9,9
KXK,Komsomolsk-na-Amure,,RU,50.407777777777774,136.93583333333333,1,0,0,4,4
KXO,Kisoro,,UG,-1.2833333333333332,29.71972222222222,1,0,0,0,0
KXR,Karoola,,PG,-5.283333333333333,154.6,0,0,0,0,0
KXU,Katiu,,PF,-16.339444444444442,-144.40305555555557,1,1,0,11,22
KYA,Konya,,TR,37.97888888888889,32.56194444444444,1,103515,122756,446,429
KYB,Ken's Bore,WA,AU,-22.160555555555554,116.15944444444445,0,0,0,0,0
KYD,Lanyu (Orchid Island),,TW,22.083333333333332,121.5,1,0,0,0,0
KYE,Tripoli,,LB,34.586111111111116,36.00277777777778,0,0,0,0,0
KYF,Yeelirrie,WA,AU,-27.27777777777778,120.075,0,0,0,0,0
KYI,Yalata Mission,SA,AU,-31.483333333333334,131.86666666666667,0,0,0,0,0
KYK,Karluk,AK,US,57.565555555555555,-154.45194444444442,1,0,0,1,1
KYP,Kyaukpyu,,MM,19.42638888888889,93.53472222222221,1,0,0,7,6
KYS,Kayes,,ML,14.481666666666667,-11.404722222222222,1,0,0,2,2
KYT,Kyauktu,,MM,21.4,94.13333333333334,0,0,0,0,0
KYU,Koyukuk,AK,US,64.87638888888888,-157.72444444444446,1,0,0,6,6
KYX,Yalumet,,PG,-6.133333333333334,146.6,0,0,0,0,0
KYZ,Kyzyl,,RU,51.67333333333333,94.40805555555556,1,731,678,53,49
KZB,Zachar Bay,AK,US,57.55,-153.75,1,0,0,2,2
KZC,Kampong Chhnang,,KH,12.233333333333333,104.66666666666667,0,0,0,0,0
KZD,Krakor,,KH,12.533333333333333,104.15,0,0,0,0,0
KZF,Kaintiba,,PG,-7.500277777777778,146.0338888888889,0,0,0,0,0
KZG,Kitzingen,,DE,49.733333333333334,10.15,0,0,0,0,0
KZI,Kozani,,GR,40.28611111111111,21.840833333333332,1,1598,2347,15,12
KZN,Kazan,,RU,55.60611111111111,49.27861111111111,1,996367,647256,591,512
KZO,Kyzylorda,,KZ,44.7075,65.59222222222222,1,32751,48039,48,47
KZR,Kutahya,,TR,39.11277777777778,30.128611111111113,1,9430,19241,16,16
KZS,Megisti,,GR,36.14194444444444,29.57638888888889,1,738,904,16,16
LAA,Lamar,CO,US,38.06666666666667,-102.68333333333334,0,0,0,0,0
LAB,Lablab,,PG,-5.633333333333333,148.06666666666666,0,0,0,0,0
LAC,Layang-Layang Island,,MY,7.371944444444444,113.84472222222222,0,0,0,0,0
LAD,Luanda,,AO,-8.858333333333333,13.231111111111112,1,462749,406156,345,321
LAE,Lae,,PG,-6.569722222222222,146.72611111111112,1,4732,8658,69,73
LAF,Lafayette,IN,US,40.416666666666664,-86.93333333333334,0,0,0,0,0
LAH,Labuha,,ID,-0.6347222222222222,127.50416666666666,1,0,0,41,11
LAI,Lannion,,FR,48.755,-3.4744444444444444,0,0,0,0,0
LAJ,Lages,SC,BR,-27.782777777777778,-50.28055555555555,0,0,0,0,0
LAK,Aklavik,NT,CA,68.22333333333333,-135.00583333333333,1,0,0,3,3
LAL,Lakeland,FL,US,28.083333333333332,-81.95,0,0,0,0,0
LAM,Los Alamos,NM,US,35.88027777777778,-106.27111111111111,0,0,1,0,0
LAN,Lansing,MI,US,42.77861111111111,-84.58722222222222,1,65926,50243,632,480
LAO,Laoag,,PH,18.178055555555556,120.53138888888888,1,110533,220627,28,36
LAP,La Paz,,MX,24.072777777777777,-110.3625,1,147061,193078,555,647
LAQ,Beida,,LY,32.78861111111111,21.964444444444442,1,0,0,6,6
LAR,Laramie,WY,US,41.31194444444444,-105.67500000000001,1,7664,7475,36,18
LAS,Las Vegas,NV,US,36.083333333333336,-115.16666666666667,1,8692709,11536756,38894,39042
LAU,Lamu,,KE,-2.2525,40.91305555555555,1,3023,5080,119,72
LAW,Lawton/Fort Sill,OK,US,34.56666666666667,-98.41638888888889,1,22445,20296,66,63
LAX,Los Angeles,CA,US,33.93333333333333,-118.4,1,31780430,29125147,113865,122297
LAY,Ladysmith,,ZA,-28.583333333333332,29.75,0,0,0,0,0
LAZ,Bom Jesus da Lapa,BA,BR,-13.266666666666667,-43.416666666666664,0,0,0,0,0
LBA,Leeds Bradford,,GB,53.865833333333335,-1.6605555555555556,1,620082,308982,2095,2090
LBB,Lubbock,TX,US,33.666666666666664,-101.83333333333333,1,97547,74744,1253,1201
LBC,Luebeck,,DE,53.805277777777775,10.719166666666666,1,1817,1618,0,0
LBD,Khujand,,TJ,40.21527777777778,69.69472222222223,1,64029,237233,97,78
LBE,Latrobe,PA,US,40.27583333333333,-79.40472222222223,1,7078,3060,34,35
LBF,North Platte,NE,US,41.13111111111111,-100.69305555555556,1,6551,6756,25,23
LBI,Albi,,FR,43.913333333333334,2.1166666666666667,0,0,0,0,0
LBJ,Labuan Bajo,,ID,-8.486666666666666,119.88916666666667,1,279454,333890,100,90
LBK,Liboi,,KE,0.4,40.95,0,0,0,0,0
LBL,Liberal,KS,US,37.04416666666666,-100.96000000000001,1,5951,5660,27,26
LBM,Luabo,,MZ,-18.5,36.166666666666664,0,0,0,0,0
LBN,Lake Baringo,,KE,0.6036111111111111,36.01361111111111,0,0,0,0,0
LBO,Lusambo,,CD,-4.961944444444445,23.378611111111113,0,0,0,0,0
LBP,Long Banga,,MY,3.2022222222222223,115.40222222222222,1,144,3691,12,12
LBQ,Lambarene,,GA,-0.7166666666666667,10.233333333333333,0,0,0,0,0
LBR,Labrea,AM,BR,-7.278888888888889,-64.76972222222223,1,17,26,10,5
LBS,Labasa,,FJ,-16.467777777777776,179.33972222222224,1,10855,15560,667,648
LBT,Lumberton,NC,US,34.6,-79.06666666666666,0,0,0,0,0
LBU,Labuan,,MY,5.2972222222222225,115.2525,1,264338,213866,162,180
LBV,Libreville,,GA,0.45861111111111114,9.412222222222223,1,134682,96557,561,534
LBW,Long Bawan,,ID,3.8833333333333333,115.7,0,0,0,0,0
LBX,Lubang,,PH,13.855833333333333,120.10555555555555,0,0,0,0,0
LBY,La Baule-Escoublac,,FR,47.28944444444444,-2.346388888888889,0,0,0,0,0
LBZ,Lucapa,,AO,-8.383333333333333,20.666666666666668,0,0,0,0,0
LCA,Larnaca,,CY,34.875,33.624722222222225,1,1858777,1829135,5849,5321
LCB,Pontes-e-Lacerda,MT,BR,-13.01388888888889,-59.99722222222222,0,0,0,0,0
LCC,Lecce,,IT,40.23916666666667,18.133333333333333,0,0,0,0,0
LCD,Louis Trichardt,,ZA,-23.061944444444446,29.864722222222223,0,0,0,0,0
LCE,La Ceiba,,HN,15.7425,-86.85305555555556,1,3276,5315,490,487
LCF,Rio Dulce,,GT,15.667777777777777,-88.94777777777779,0,0,0,0,0
LCG,A Coruna,,ES,43.30222222222222,-8.377222222222223,1,565250,493762,2482,2693
LCH,Lake Charles,LA,US,30.12611111111111,-93.22333333333333,1,30406,24620,316,372
LCI,Laconia,NH,US,43.57222222222222,-71.42083333333333,0,0,0,0,0
LCJ,Lodz,,PL,51.759166666666665,19.45583333333333,1,0,2,68,54
LCL,Pinar del Rio,,CU,22.33611111111111,-83.64305555555556,0,0,0,0,0
LCM,La Cumbre,CD,AR,-31.00611111111111,-64.53194444444445,0,0,0,0,0
LCN,Balcanoona,SA,AU,-30.533333333333335,139.31666666666666,0,0,0,0,0
LCO,Lage,,CG,-1.8,14.866666666666667,0,0,0,0,0
LCP,Loncopue,NE,AR,-38.083333333333336,-70.66666666666667,0,0,0,0,0
LCQ,Lake City,FL,US,30.181944444444447,-82.57666666666667,0,0,0,0,0
LCR,La Chorrera,,CO,-1.4591666666666667,-72.80333333333333,0,0,0,0,0
LCS,Longchuan,,CN,24.265833333333333,97.90416666666667,0,0,0,0,0
LCT,Shijiazhuang,,CN,37.913333333333334,114.5936111111111,0,0,0,0,0
LCV,Lucca,,IT,43.82972222222222,10.578888888888889,0,0,0,0,0
LCX,Longyan,,CN,25.675555555555558,116.74555555555555,1,1529,1652,78,79
LDA,Malda,WB,IN,25.033333333333335,88.15,0,0,0,0,0
LDB,Londrina,PR,BR,-23.33361111111111,-51.13,1,267684,175447,1090,1297
LDC,Lindeman Island,QL,AU,-20.45,149.05,0,0,0,0,0
LDE,Lourdes/Tarbes,,FR,43.18555555555555,-0.002777777777777778,1,23734,25715,151,144
LDG,Leshukonskoye,,RU,64.89527777777778,45.72416666666667,0,0,0,0,0
LDH,Lord Howe Island,NS,AU,-31.538611111111113,159.07611111111112,1,49810,7182,93,97
LDI,Lindi,,TZ,-9.833333333333334,39.78333333333333,0,0,0,0,0
LDJ,Linden,NJ,US,40.6175,-74.24444444444444,0,0,0,0,0
LDK,Lidkoping,,SE,58.46666666666667,13.16861111111111,0,0,0,0,0
LDM,Ludington,MI,US,43.95,-86.45,0,0,0,0,0
LDN,Lamidanda,,NP,27.252777777777776,86.67194444444445,0,0,0,0,0
LDO,Aurora,,SR,4.383333333333334,-55.416666666666664,0,0,0,0,0
LDR,Lawdar,,YE,13.883333333333333,45.86666666666667,0,0,0,0,0
LDS,Yichun,,CN,47.75138888888889,129.01777777777778,1,292,776,33,46
LDU,Lahad Datu,,MY,5.030277777777778,118.32833333333333,1,35220,40372,25,22
LDV,Landivisiau,,FR,48.530277777777776,-4.151666666666667,0,0,0,0,0
LDW,Landsdowne Station,WA,AU,-17.583333333333332,126.83333333333333,0,0,0,0,0
LDX,St-Laurent du Maroni,,GF,5.483333333333333,-54.03333333333333,0,0,0,0,0
LDY,Derry,,GB,55.04277777777778,-7.161111111111111,1,29106,32572,69,80
LDZ,Londolozi,,ZA,-24.808055555555555,31.504166666666666,1,0,0,4,4
LEA,Learmonth,WA,AU,-22.235555555555557,114.0886111111111,1,58653,59734,114,118
LEB,Lebanon,NH,US,43.62777777777778,-72.30722222222222,1,18754,25069,91,94
LEC,Lencois,BA,BR,-12.48,-41.28111111111111,1,2147,5336,115,111
LED,St Petersburg,,RU,59.95,30.05,1,4325358,2676846,1539,1566
LEE,Leesburg,FL,US,28.822222222222223,-81.80722222222222,0,0,0,0,0
LEF,Lebakeng,,LS,-29.783333333333335,28.583333333333332,0,0,0,0,0
LEG,Aleg,,MR,17.166666666666668,-13.95,0,0,0,0,0
LEH,Le Havre,,FR,49.53388888888889,0.08805555555555555,1,0,0,0,0
LEI,Almeria,,ES,36.84388888888889,-2.37,1,161635,161026,570,625
LEJ,Leipzig/Halle,,DE,51.42166666666667,12.228333333333333,0,791845,334095,1450,1265
LEK,Labe,,GN,11.328333333333333,-12.300833333333333,0,0,0,0,0
LEL,Gapuwiyak,NT,AU,-12.498888888888889,135.80583333333334,0,0,0,0,0
LEM,Lemmon,SD,US,45.916666666666664,-102.1,0,0,0,0,0
LEN,Leon,,ES,42.58888888888889,-5.655555555555556,1,18247,18963,38,37
LEO,Lekoni,,GA,-1.6833333333333333,14.3,0,0,0,0,0
LEP,Leopoldina,MG,BR,-21.516111111111112,-42.65472222222222,0,0,0,0,0
LEQ,Land's End,,GB,50.10277777777778,-5.670555555555556,1,0,0,8,8
LER,Leinster,WA,AU,-27.844166666666666,120.70444444444445,1,0,0,0,0
LES,Lesobeng,,LS,-29.8,28.133333333333333,0,0,0,0,0
LET,Leticia,,CO,-4.193611111111111,-69.94305555555556,1,84859,65448,517,585
LEU,Seo De Urgel,,ES,42.33861111111111,1.4091666666666667,1,5190,8296,12,15
LEV,Levuka,,FJ,-17.7125,178.7613888888889,0,0,1,0,0
LEW,Lewiston/Auburn,ME,US,44.05,-70.28333333333333,0,0,0,0,0
LEX,Lexington,KY,US,38.03333333333333,-84.6,1,212764,154431,2862,2612
LEY,Lelystad,,NL,52.46666666666667,5.533333333333333,0,0,0,0,0
LEZ,La Esperanza,,HN,14.2,-88.16666666666667,0,0,0,0,0
LFB,Lumbo,,MZ,-15.028055555555556,40.67194444444444,0,0,0,0,0
LFH,Lanping,,CN,26.64527777777778,99.54416666666667,0,0,0,0,0
LFI,Hampton,VA,US,37.08361111111111,-76.3586111111111,0,0,0,0,0
LFK,Lufkin,TX,US,31.25,-94.75277777777778,0,0,0,0,0
LFM,Lamerd,,IR,27.373055555555556,53.18805555555555,1,0,0,1,1
LFN,Louisburg,NC,US,36.1,-78.3,0,0,0,0,0
LFO,Kelafo,,ET,5.6,44.333333333333336,0,0,0,0,0
LFP,Lakefield,QL,AU,-14.920833333333333,144.20333333333332,0,0,0,0,0
LFQ,Linfen,,CN,36.03972222222222,111.49166666666667,1,12140,9616,136,143
LFR,La Fria,,VE,8.239166666666666,-72.27111111111111,1,0,0,6,6
LFT,Lafayette Regional Apt,LA,US,30.205277777777777,-91.9875,1,70065,48773,1099,925
LFW,Lome,,TG,6.165555555555556,1.2544444444444445,1,143441,213125,602,549
LGB,Long Beach,CA,US,33.81777777777778,-118.15166666666667,1,223042,160008,1804,1838
LGC,La Grange,GA,US,33.016666666666666,-85.08333333333333,0,0,0,0,0
LGD,La Grande,OR,US,45.31666666666667,-118.03333333333333,0,0,0,0,0
LGE,Lake Gregory,WA,AU,-20.133333333333333,127.56666666666666,0,0,0,0,0
LGG,Liege,,BE,50.63333333333333,5.583333333333333,1,5903,6061,650,650
LGH,Leigh Creek,SA,AU,-30.583333333333332,138.41666666666666,0,0,0,0,0
LGI,Deadmans Cay,,BS,23.17888888888889,-75.0936111111111,1,2547,3473,51,54
LGK,Langkawi,,MY,6.338611111111111,99.73222222222222,1,1154256,1510087,636,627
LGL,Long Lellang,,MY,3.4211111111111108,115.15333333333334,1,114,228,13,15
LGM,Laiagam,,PG,-5.533333333333333,143.48333333333332,0,0,0,0,0
LGN,Linga Linga,,PG,-5.683333333333334,149.41666666666666,0,0,0,0,0
LGO,Langeoog,,DE,53.75,7.483333333333333,0,0,0,0,0
LGP,Legazpi,,PH,13.157222222222222,123.73444444444445,1,1,7,0,0
LGQ,Lago Agrio,,EC,0.0925,-76.86944444444444,0,0,0,0,0
LGR,Cochrane,,CL,-47.24388888888889,-72.5886111111111,0,0,0,0,0
LGS,Malargue,MD,AR,-35.49527777777778,-69.57305555555556,0,0,0,0,0
LGT,Las Gaviotas,,CO,4.583333333333333,-70.83333333333333,0,0,0,0,0
LGU,Logan,UT,US,41.78333333333333,-111.85,0,1,2,0,0
LGX,Lugh Ganane,,SO,3.8,42.05,0,0,0,0,0
LGY,Lagunillas,,VE,8.516666666666667,-71.4,0,0,0,0,0
LGZ,Shannan,,CN,28.42666666666667,92.3461111111111,1,0,0,4,4
LHA,Lahr,,DE,48.369166666666665,7.8277777777777775,0,0,0,0,0
LHE,Lahore,,PK,31.521666666666665,74.40361111111112,1,3237832,3640506,2610,2535
LHG,Lightning Ridge,NS,AU,-29.4,147.96666666666667,1,0,0,6,4
LHI,Lereh,,ID,-3.1333333333333333,139.9,0,0,0,0,0
LHK,Laohekou,,CN,32.266666666666666,111.63333333333334,0,0,0,0,0
LHN,Linhares,ES,BR,-19.357222222222223,-40.069722222222225,1,0,0,8,8
LHP,Lehu,,PG,-6.416666666666667,155.7,0,0,0,0,0
LHS,Las Heras,SC,AR,-46.53333333333333,-68.95,0,0,0,0,0
LHU,Lianshulu,,NA,-18.115555555555556,23.391666666666666,0,0,0,0,0
LHV,Lock Haven,PA,US,41.13333333333333,-77.45,0,0,0,0,0
LHW,Lanzhou Zhongchuan Apt,,CN,36.516666666666666,103.61666666666666,1,196920,303928,1920,1900
LIA,Liangping,,CN,30.816666666666666,107.7,0,0,0,0,0
LIB,Limbunya Station,NT,AU,-17.333333333333332,129.83333333333334,0,0,0,0,0
LIC,Limon,CO,US,39.266666666666666,-103.68333333333334,0,0,0,0,0
LIE,Libenge,,CD,3.6333333333333333,18.633333333333333,0,0,0,0,0
LIF,Lifou,,NC,-20.77472222222222,167.23999999999998,1,273,304,34,35
LIG,Limoges,,FR,45.86083333333333,1.1802777777777778,1,18511,23709,94,93
LIH,Lihue,HI,US,21.976388888888888,-159.3361111111111,1,330872,511839,2263,1912
LII,Mulia,,ID,-3.1666666666666665,136.16666666666666,0,0,0,0,0
LIK,Likiep Island,,MH,9.823333333333332,169.3075,1,0,0,1,1
LIL,Lille,,FR,50.56666666666667,3.1,1,236668,184465,2382,2388
LIM,Lima,,PE,-12.021944444444445,-77.11444444444444,1,5916244,5403777,20430,23672
LIO,Limon,,CR,9.961944444444443,-83.02694444444444,1,561,683,19,20
LIP,Lins,SP,BR,-21.666666666666668,-49.75,0,0,0,0,0
LIQ,Lisala,,CD,2.1711111111111108,21.496944444444445,1,0,0,0,0
LIR,Guanacaste,,CR,10.593333333333334,-85.54444444444444,1,257786,481488,772,664
LIS,Lisbon,,PT,38.774166666666666,-9.134166666666665,1,13395511,14881693,86833,92863
LIT,Little Rock,AR,US,34.72944444444445,-92.22444444444444,1,320213,221449,2844,2578
LIV,Livengood,AK,US,65.53333333333333,-148.53333333333333,0,0,0,0,0
LIW,Loikaw,,MM,19.691388888888888,97.21472222222222,0,0,0,0,0
LIX,Likoma Island,,MW,-12.080277777777777,34.73638888888889,1,0,0,3,3
LIY,Hinesville/Ft Stewart,GA,US,31.85,-81.6,0,0,0,0,0
LIZ,Limestone,ME,US,46.916666666666664,-67.83333333333333,0,0,0,0,0
LJA,Lodja,,CD,-3.462777777777778,23.618333333333332,1,0,0,0,0
LJG,Lijiang,,CN,26.674166666666668,100.24361111111111,1,75699,90280,1462,1531
LJN,Angleton/Lake Jackson,TX,US,29.033333333333335,-95.45,0,0,0,0,0
LJU,Ljubljana,,SI,46.22361111111111,14.4575,1,579241,511311,1023,1070
LKA,Larantuka,,ID,-8.274166666666668,123.00055555555555,1,0,0,20,6
LKB,Lakeba Island,,FJ,-18.199166666666667,-178.81694444444443,1,163,446,9,9
LKC,Lekana,,CG,-2.3166666666666664,14.6,0,0,0,0,0
LKD,Lakeland Downs,QL,AU,-16.166666666666668,145.5,0,0,0,0,0
LKG,Lokichogio,,KE,4.204166666666667,34.34722222222222,0,0,0,0,0
LKH,Long Akah,,MY,3.3119444444444444,114.78694444444444,1,225,201,13,13
LKI,Lasikin,,ID,2.410833333333333,96.32583333333334,1,0,0,1,1
LKK,Kulik Lake,AK,US,58.96666666666667,-155.08333333333334,0,0,0,0,0
LKL,Lakselv,,NO,70.06888888888888,24.973611111111108,1,4082,3883,71,66
LKN,Leknes,,NO,68.15444444444445,13.611944444444443,1,12035,24034,185,171
LKO,Lucknow,UP,IN,26.760555555555555,80.88944444444445,1,2155974,2717259,860,842
LKP,Lake Placid,NY,US,44.26444444444444,-73.96194444444444,0,0,0,0,0
LKR,Las Khoreh,,SO,11.15,48.2,0,0,0,0,0
LKU,Lake Turkana,,KE,3.4166666666666665,35.88333333333333,0,0,0,0,0
LKV,Lakeview,OR,US,42.166666666666664,-120.4,0,0,0,0,0
LKW,Lekhwair,,OM,22.804722222222225,55.365833333333335,0,0,0,0,0
LKY,Lake Manyara,,TZ,-3.3755555555555556,35.81805555555556,1,0,0,378,361
LKZ,Brandon,,GB,52.416666666666664,0.5666666666666667,0,0,0,0,0
LLA,Lulea,,SE,65.54388888888889,22.121944444444445,1,148766,178321,2350,2515
LLB,Libo,,CN,25.448333333333334,107.96083333333334,1,0,0,1,1
LLC,Lal-lo,,PH,18.181944444444447,121.74583333333334,0,0,0,0,0
LLE,Malelane,,ZA,-25.466666666666665,31.566666666666666,0,0,0,0,0
LLF,Yongzhou,,CN,26.341666666666665,111.60888888888888,1,75,67,17,17
LLG,Chillagoe,QL,AU,-17.13722222222222,144.52861111111113,0,0,0,0,0
LLH,Las Limas,,HN,15.45,-87.9,0,0,0,0,0
LLI,Lalibela,,ET,11.975,38.980000000000004,1,11274,12354,5,5
LLJ,Lubuk Linggau,,ID,-3.2855555555555553,102.91555555555556,1,637,1445,2,2
LLK,Lankaran,,AZ,38.75888888888889,48.80638888888888,1,0,0,2,2
LLL,Lissadell,WA,AU,-16.5,128.66666666666666,0,0,0,0,0
LLM,Lomlom,,SB,-10.275833333333335,166.29111111111112,1,1,2,1,2
LLN,Kelila,,ID,-3.75,138.66666666666666,0,0,0,0,0
LLO,Palopo,,ID,-3.0825,120.245,1,0,0,7,1
LLP,Linda Downs,QL,AU,-23.016666666666666,138.7,0,0,0,0,0
LLS,Las Lomitas,FO,AR,-24.7,-60.6,0,0,0,0,0
LLT,Lobito,,AO,-12.371111111111112,13.536666666666667,0,0,0,0,0
LLU,Alluitsup Paa,,GL,60.46472222222223,-45.56944444444445,1,0,0,0,0
LLV,LuLiang,,CN,37.68138888888889,111.14250000000001,1,6055,1530,144,146
LLW,Lilongwe,,MW,-13.789444444444444,33.78111111111111,1,101499,90137,80,67
LLX,Lyndonville,VT,US,44.56916666666667,-72.01805555555555,0,0,0,0,0
LLY,Mount Holly,NJ,US,39.983333333333334,-74.78333333333333,0,0,0,0,0
LMA,Lake Minchumina,AK,US,63.88611111111111,-152.30194444444444,1,0,0,1,1
LMB,Salima,,MW,-13.75,34.56666666666667,0,0,0,0,0
LMC,La Macarena,,CO,2.1752777777777776,-73.78666666666666,1,0,0,3,3
LMD,Los Menucos,RN,AR,-40.833333333333336,-68.13333333333334,0,0,0,0,0
LME,Le Mans,,FR,48.0,0.2,1,113,222,0,0
LMG,Lamassa,,PG,-4.7,152.75,0,0,0,0,0
LMH,Limon,,HN,15.866666666666667,-85.55,0,0,0,0,0
LMI,Lumi,,PG,-3.4833333333333334,142.03333333333333,0,0,0,0,0
LML,Lae Island,,MH,8.921944444444444,166.26666666666668,1,0,0,1,1
LMM,Los Mochis,,MX,25.685277777777777,-109.08083333333333,1,66090,64266,431,209
LMN,Limbang,,MY,4.808055555555556,115.01027777777777,1,19341,33174,35,30
LMO,Lossiemouth,,GB,57.71666666666667,-3.3333333333333335,0,0,0,0,0
LMP,Lampedusa,,IT,35.49805555555556,12.618333333333334,1,1949,2350,211,215
LMQ,Marsa Brega,,LY,30.5,19.166666666666668,0,0,0,0,0
LMR,Lime Acres,,ZA,-28.366666666666667,23.45,0,0,0,0,0
LMS,Louisville,MS,US,33.15,-89.06666666666666,0,0,0,0,0
LMT,Klamath Falls,OR,US,42.16305555555555,-121.73722222222223,0,4,7,0,0
LMU,Jemaja Island,,ID,2.9647222222222225,105.75555555555556,1,0,0,1,1
LMV,Naifaru,,MV,5.459444444444444,73.37055555555555,1,0,0,9,10
LMX,El Trapiche,,CO,3.05,-77.55,0,0,0,0,0
LMY,Lake Murray,,PG,-6.85,141.41666666666666,0,0,0,0,0
LMZ,Palma,,MZ,-10.766666666666667,40.483333333333334,1,0,0,0,0
LNB,Lamen Bay,,VU,-16.584999999999997,168.15972222222223,1,15,152,4,4
LNC,Lengbati,,PG,-6.366666666666666,147.36666666666667,0,0,0,0,0
LND,Lander,WY,US,42.8,-108.67500000000001,0,0,0,0,0
LNE,Lonorore,,VU,-15.864166666666666,168.1711111111111,1,335,43,11,11
LNF,Munbil,,PG,-4.866666666666667,141.21666666666667,0,0,0,0,0
LNG,Lese,,PG,-8.166666666666666,146.11666666666667,0,0,0,0,0
LNH,Lake Nash,NT,AU,-21.0,137.91666666666666,0,0,0,0,0
LNI,Lonely,AK,US,70.91666666666667,-153.25,0,0,0,0,0
LNJ,Lincang,,CN,23.73888888888889,100.025,1,416,474,37,30
LNK,Lincoln,NE,US,40.85111111111111,-96.75916666666667,1,60440,51065,191,149
LNL,Longnan,,CN,33.790277777777774,105.78916666666666,1,122,243,33,33
LNM,Langimar,,PG,-7.216666666666667,146.2,0,0,0,0,0
LNN,Willoughby,OH,US,41.63333333333333,-81.41666666666667,0,0,0,0,0
LNO,Leonora,WA,AU,-28.881944444444446,121.3125,1,0,0,3,6
LNP,Wise,VA,US,36.983333333333334,-82.56666666666666,0,0,0,0,0
LNQ,Loani,,PG,-10.433333333333334,150.15,0,0,0,0,0
LNR,Lone Rock,WI,US,43.18333333333333,-90.2,0,0,0,0,0
LNS,Lancaster,PA,US,40.12166666666667,-76.2961111111111,1,23270,19800,52,44
LNU,Malinau,,ID,3.5752777777777776,116.61972222222222,1,0,0,1,1
LNV,Lihir Island,,PG,-3.0425,152.6277777777778,1,302,337,9,9
LNX,Smolensk,,RU,54.8,32.05,0,0,0,0,0
LNY,Lanai City,HI,US,20.785555555555558,-156.95138888888889,1,12814,16849,80,71
LNZ,Linz,,AT,48.23361111111111,14.1875,1,61037,50859,78,67
LOA,Lorraine,QL,AU,-19.083333333333332,139.96666666666667,0,0,0,0,0
LOB,Los Andes,,CL,-29.966666666666665,-71.53333333333333,0,0,0,0,0
LOC,Lock,SA,AU,-33.56666666666667,135.76666666666668,0,0,0,0,0
LOD,Longana,,VU,-15.305833333333334,167.96777777777777,1,8,26,9,9
LOE,Loei,,TH,17.439166666666665,101.72194444444445,1,0,0,5,5
LOF,Loen Island,,MH,7.8,168.28333333333333,0,0,0,0,0
LOH,Loja,,EC,-3.9958333333333336,-79.37166666666666,1,2396,4829,15,102
LOI,Lontras,SC,BR,-27.15972222222222,-49.54277777777778,0,0,0,0,0
LOK,Lodwar,,KE,3.1216666666666666,35.605555555555554,1,0,0,3,3
LOL,Lovelock,NV,US,40.05833333333333,-118.56666666666666,0,0,0,0,0
LOM,Lagos de Moreno,,MX,21.266666666666666,-101.93333333333334,0,0,0,0,0
LON,London,,GB,51.5,-0.16666666666666666,1,66053649,59359309,262092,253914
LOO,Laghouat,,DZ,33.764722222222225,2.9274999999999998,1,245,335,5,5
LOP,Praya,,ID,-8.757222222222222,116.27666666666667,1,362440,435863,186,186
LOQ,Lobatse,,BW,-25.2,25.666666666666668,0,0,0,0,0
LOS,Lagos,,NG,6.5775,3.3211111111111107,1,1926051,2507665,1047,871
LOT,Romeoville,IL,US,41.6,-88.05,0,0,0,0,0
LOV,Monclova,,MX,26.954166666666666,-101.47027777777778,0,0,0,0,0
LOW,Louisa,VA,US,38.0,-77.96666666666667,0,0,0,0,0
LOX,Los Tablones,,GT,14.792777777777777,-89.20277777777778,0,0,0,0,0
LOY,Loyengalani,,KE,2.763611111111111,36.718333333333334,1,0,0,36,0
LOZ,London/Corbin,KY,US,37.083333333333336,-84.06666666666666,0,0,0,0,0
LPA,Gran Canaria,,ES,27.931944444444447,-15.386666666666667,1,1586546,2294114,10346,10293
LPB,La Paz,,BO,-16.513333333333332,-68.19222222222223,1,312044,384947,298,274
LPC,Lompoc,CA,US,34.666666666666664,-120.46944444444445,1,0,0,0,0
LPD,La Pedrera,,CO,-1.3255555555555556,-69.58138888888888,0,0,0,0,0
LPE,La Primavera,,CO,5.479444444444445,-70.42083333333333,0,0,0,0,0
LPF,Liupanshui,,CN,26.608611111111113,104.97833333333334,1,14,26,1,1
LPG,La Plata,BA,AR,-34.916666666666664,-57.95,0,0,0,0,0
LPI,Linkoping,,SE,58.40222222222222,15.525555555555556,1,31644,23459,220,213
LPJ,Los Pijiguaos,,VE,7.0,-67.66666666666667,0,0,0,0,0
LPK,Lipetsk,,RU,52.6375,39.45194444444445,1,0,0,4,4
LPL,Liverpool,,GB,53.33361111111111,-2.8497222222222223,1,569723,395305,6769,6781
LPM,Lamap,,VU,-16.45777777777778,167.82888888888888,1,6,47,3,3
LPN,Leron Plains,,PG,-6.4,146.35,0,0,0,0,0
LPO,LaPorte,IN,US,41.6,-86.71666666666667,0,0,0,0,0
LPP,Lappeenranta,,FI,61.044444444444444,28.144444444444446,1,0,0,4,4
LPQ,Luang Prabang,,LA,19.897777777777776,102.16083333333334,1,346046,445541,176,219
LPS,Lopez Island,WA,US,48.483333333333334,-122.93777777777778,1,0,0,11,8
LPT,Lampang,,TH,18.272222222222222,99.50416666666666,1,4207,6251,319,350
LPU,Long Apung,,ID,1.7049999999999998,114.97027777777778,0,0,0,0,0
LPX,Liepaya,,LV,56.5175,21.096944444444443,0,0,0,0,0
LPY,Le Puy,,FR,45.07972222222222,3.7633333333333328,1,1191,1026,4,4
LQK,Pickens,SC,US,34.81666666666667,-82.7,0,0,0,0,0
LQM,Puerto Leguizamo,,CO,-0.1822222222222222,-74.77083333333333,1,0,0,3,3
LQN,Qalah-ye Now,,AF,34.98638888888889,63.11888888888889,0,0,0,0,0
LRA,Larisa,,GR,39.650277777777774,22.465555555555554,0,0,0,0,0
LRB,Leribe,,LS,-28.966666666666665,28.0,0,0,0,0,0
LRD,Laredo,TX,US,27.54388888888889,-99.46166666666667,1,41638,37281,471,444
LRE,Longreach,QL,AU,-23.431944444444447,144.2777777777778,1,5062,6044,45,46
LRF,Jacksonville,AR,US,34.91722222222222,-92.14527777777778,0,0,0,0,0
LRG,Loralai,,PK,30.366666666666667,68.61666666666666,0,0,0,0,0
LRH,La Rochelle,,FR,46.17916666666667,-1.1952777777777779,1,0,0,245,237
LRI,Lorica,,CO,9.033333333333333,-75.7,0,0,0,0,0
LRJ,Le Mars,IA,US,42.78333333333333,-96.15,0,0,0,0,0
LRL,Niamtougou,,TG,9.7675,1.0913888888888887,0,0,0,0,0
LRM,La Romana,,DO,18.450833333333332,-68.91194444444444,1,5513,14320,121,92
LRQ,Laurie River,MB,CA,56.25,-101.3,0,0,0,0,0
LRR,Lar,,IR,27.673055555555557,54.38722222222222,1,420,777,66,51
LRS,Leros,,GR,37.184999999999995,26.80027777777778,1,2533,3128,67,62
LRT,Lorient,,FR,47.760555555555555,-3.4400000000000004,1,855,813,29,21
LRU,Las Cruces,NM,US,32.3,-106.93333333333334,1,181,133,7,7
LRV,Los Roques,,VE,11.947222222222223,-66.67166666666667,1,0,0,21,21
LSA,Losuia,,PG,-8.506388888888889,151.0811111111111,0,0,0,0,0
LSB,Lordsburg,NM,US,32.416666666666664,-108.66666666666667,0,0,0,0,0
LSC,La Serena,,CL,-29.91638888888889,-71.19944444444445,1,93520,105366,2365,2284
LSE,La Crosse,WI,US,43.87888888888889,-91.25666666666666,1,19195,15829,160,162
LSH,Lashio,,MM,22.977777777777778,97.75222222222222,1,1,4,12,12
LSJ,Long Island,,PG,-5.366666666666666,147.01666666666668,0,0,0,0,0
LSK,Lusk,WY,US,42.75,-104.38333333333334,0,0,0,0,0
LSL,Los Chiles,,CR,11.0,-84.83333333333333,0,0,0,0,0
LSM,Long Semado,,MY,4.216666666666667,115.6,0,0,0,0,0
LSN,Los Banos,CA,US,37.06666666666667,-120.85,0,0,0,0,0
LSO,Les Sables-d'Olonne,,FR,46.47694444444445,-1.722777777777778,0,0,0,0,0
LSP,Las Piedras,,VE,11.780833333333334,-70.15138888888889,1,59,125,8,8
LSQ,Los Angeles,,CL,-37.416666666666664,-72.35,1,0,0,0,1
LSR,Kutacane,,ID,3.3919444444444444,97.86333333333333,0,0,0,0,0
LSS,Terre-de-Haut,,GP,15.864444444444445,-61.580555555555556,1,1,10,0,0
LST,Launceston,TS,AU,-41.54527777777778,147.2111111111111,1,474260,386041,1488,1571
LSU,Long Sukang,,MY,4.55,115.5,0,0,0,0,0
LSW,Lhok Seumawe,,ID,5.226666666666667,96.95027777777779,1,0,0,5,1
LSX,Lhok Sukon,,ID,5.05,97.31666666666666,0,0,0,0,0
LSY,Lismore,NS,AU,-28.829444444444444,153.2577777777778,0,0,0,0,0
LSZ,Mali Losinj,,HR,44.566944444444445,14.393888888888888,0,0,0,0,0
LTA,Tzaneen,,ZA,-23.816666666666666,30.333333333333332,0,0,0,0,0
LTB,Latrobe,TS,AU,-41.233333333333334,146.4,0,0,0,0,0
LTC,Lai,,TD,9.416666666666666,16.016666666666666,0,0,0,0,0
LTD,Ghadames,,LY,30.151666666666664,9.715277777777777,0,0,0,0,0
LTF,Leitre,,PG,-2.8333333333333335,141.61666666666667,0,0,0,0,0
LTG,Langtang,,NP,28.166666666666668,85.5,0,0,0,0,0
LTI,Altai,,MN,46.376666666666665,96.22194444444445,1,0,0,2,2
LTK,Latakia,,SY,35.401111111111106,35.948611111111106,1,0,0,1,1
LTL,Lastoursville,,GA,-0.8333333333333334,12.75,0,0,0,0,0
LTM,Lethem,,GY,3.4,-59.8,1,0,0,5,6
LTO,Loreto,,MX,25.989166666666666,-111.34833333333333,1,19385,33835,237,226
LTP,Lyndhurst Station,QL,AU,-19.2,144.38333333333333,0,0,0,0,0
LTQ,Le Touquet-Paris-Plage,,FR,50.514722222222225,1.6275,0,0,0,0,0
LTR,Letterkenny,,IE,54.95138888888889,-7.671944444444445,0,0,0,0,0
LTS,Altus,OK,US,34.7,-99.33333333333333,1,0,0,0,0
LTT,St-Tropez,,FR,43.205000000000005,6.480555555555556,0,2,6,0,0
LTU,Latur,MH,IN,18.411666666666665,76.46444444444445,0,0,0,0,0
LTV,Lotus Vale Station,QL,AU,-17.083333333333332,141.36666666666667,0,0,0,0,0
LTW,Leonardtown,MD,US,38.28333333333333,-77.63333333333334,0,0,0,0,0
LTX,Latacunga,,EC,-0.9075,-78.61583333333333,1,0,0,0,0
LUA,Lukla,,NP,27.686666666666667,86.72944444444444,1,1,13,9,9
LUB,Lumidpau,,GY,2.4,-59.43333333333333,0,0,0,0,0
LUC,Laucala Island,,FJ,-16.749722222222225,-179.66722222222222,0,0,0,0,0
LUD,Luderitz,,NA,-26.6875,15.242777777777777,1,223,200,4,5
LUE,Lucenec,,SK,48.35,19.741666666666667,0,0,0,0,0
LUG,Lugano,,CH,46.007777777777775,8.948055555555555,0,5470,7627,0,0
LUH,Ludhiana,PB,IN,30.854166666666668,75.95361111111112,0,0,0,0,0
LUI,La Union,,HN,15.133333333333333,-86.58333333333333,0,0,0,0,0
LUL,Hattiesburg/Laurel,MS,US,31.666666666666668,-89.16666666666667,1,4168,6505,41,33
LUM,Mangshi,,CN,24.40138888888889,98.53222222222222,1,21491,28030,411,454
LUN,Lusaka,,ZM,-15.330833333333333,28.4525,1,469277,539577,1770,1725
LUO,Luena,,AO,-11.767222222222223,19.89388888888889,1,36,94,3,3
LUP,Kalaupapa,HI,US,21.210277777777776,-156.97555555555556,1,41,14,30,30
LUQ,San Luis,SL,AR,-33.27222222222222,-66.35666666666665,1,9858,11923,33,80
LUR,Cape Lisburne,AK,US,68.875,-166.10999999999999,1,0,0,1,2
LUS,Lusanga,,CD,-4.833333333333333,18.733333333333334,0,0,0,0,0
LUT,New Laura,QL,AU,-15.433333333333334,144.81666666666666,0,0,0,0,0
LUU,Laura,QL,AU,-15.666666666666666,144.16666666666666,0,0,0,0,0
LUV,Langgur,,ID,-5.661666666666667,132.7313888888889,1,8448,4448,22,28
LUW,Luwuk,,ID,-1.0380555555555557,122.77277777777778,1,9394,10171,32,38
LUX,Luxembourg,,LU,49.623333333333335,6.204444444444444,1,1722575,1538452,5456,5691
LUZ,Lublin,,PL,51.24638888888889,22.56833333333333,1,45759,61479,72,92
LVA,Laval,,FR,48.032222222222224,-0.7427777777777778,0,7,25,0,0
LVB,Santana do Livramento,RS,BR,-30.835555555555555,-55.62583333333333,0,0,0,0,0
LVD,Lime Village,AK,US,61.35,-155.46666666666667,0,0,0,0,0
LVI,Livingstone,,ZM,-17.821666666666665,25.822777777777777,1,16409,23717,399,333
LVK,Livermore,CA,US,37.68333333333333,-121.76666666666667,0,0,0,0,0
LVL,Lawrenceville,VA,US,36.75,-77.85,0,0,0,0,0
LVM,Livingston,MT,US,45.666666666666664,-110.56666666666666,0,0,0,0,0
LVO,Laverton,WA,AU,-28.613611111111112,122.4238888888889,1,0,0,6,3
LVP,Lavan Island,,IR,26.810277777777777,53.35583333333334,0,0,0,0,0
LVR,Lucas do Rio Verde,MT,BR,-13.037222222222223,-55.94222222222222,0,0,0,0,0
LVS,Las Vegas,NM,US,35.65,-105.15,0,0,0,0,0
LWA,Lwbak,,PH,6.633333333333333,124.06,0,0,0,0,0
LWB,Lewisburg,WV,US,37.85611111111111,-80.40194444444445,1,3788,3641,10,14
LWC,Lawrence,KS,US,38.95,-95.28333333333333,0,0,5,0,0
LWE,Lewoleba,,ID,-8.361944444444443,123.43861111111111,1,0,0,4,1
LWH,Lawn Hill,QL,AU,-18.565833333333334,138.63805555555555,0,0,0,0,0
LWI,Lowai,,PG,-6.316666666666666,146.58333333333334,0,0,0,0,0
LWL,Wells,NV,US,41.11666666666667,-114.96666666666667,0,0,0,0,0
LWM,Lawrence,MA,US,42.7175,-71.12222222222222,0,0,0,0,0
LWN,Gyumri,,AM,40.750277777777775,43.85944444444445,0,0,0,0,0
LWO,Lviv,,UA,49.8125,23.95611111111111,0,0,2,0,0
LWR,Leeuwarden,,NL,53.22638888888889,5.753333333333333,0,0,0,0,0
LWS,Lewiston,ID,US,46.37555555555556,-117.01361111111112,1,16003,14544,57,50
LWT,Lewistown,MT,US,47.04861111111111,-109.47194444444445,0,0,0,0,0
LWV,Lawrenceville,IL,US,38.766666666666666,-87.6,0,0,0,0,0
LWY,Lawas,,MY,4.849722222222222,115.40805555555556,1,16170,13135,99,104
LXA,Lhasa/Lasa,,CN,29.298055555555557,90.91222222222223,1,22269,39994,822,763
LXG,Luang Namtha,,LA,20.96222222222222,101.40305555555557,1,1003,2768,6,6
LXN,Lexington,NE,US,40.78333333333333,-99.75,0,0,0,0,0
LXR,Luxor,,EG,25.671111111111113,32.70666666666667,1,221718,253734,1018,926
LXS,Limnos,,GR,39.91694444444444,25.23638888888889,1,13184,17212,154,169
LXU,Lukulu,,ZM,-14.366666666666667,23.266666666666666,0,0,0,0,0
LXV,Leadville,CO,US,39.220555555555556,-106.31722222222221,0,0,0,0,0
LYA,Luoyang,,CN,34.74138888888889,112.38944444444445,1,32619,44896,161,157
LYB,Little Cayman,,KY,19.666666666666668,-80.08333333333333,1,1374,2242,23,20
LYC,Lycksele,,SE,64.54833333333333,18.71611111111111,1,767,831,116,116
LYE,Lyneham,,GB,51.5,-1.9833333333333334,0,0,0,0,0
LYG,Lianyungang,,CN,34.416666666666664,119.18083333333334,1,19342,24571,222,214
LYH,Lynchburg,VA,US,37.32666666666667,-79.20055555555555,1,31893,27214,70,77
LYI,Linyi,,CN,35.04944444444444,118.41194444444444,1,40840,87200,352,348
LYK,Sumbawa,,ID,-8.95,117.23333333333333,0,0,0,0,0
LYO,Lyons,KS,US,38.333333333333336,-98.21666666666667,0,0,0,0,0
LYP,Faisalabad,,PK,31.365000000000002,72.99472222222222,1,101447,134704,214,69
LYR,Longyearbyen,,NO,78.2461111111111,15.465555555555556,1,89270,150160,276,244
LYS,Lyon,,FR,45.733333333333334,4.933333333333334,1,3652760,2638369,16544,16996
LYT,Lady Elliot Island,QL,AU,-24.116666666666667,152.7,0,0,0,0,0
LYU,Ely,MN,US,47.9,-91.85,0,0,0,0,0
LYX,Lydd,,GB,50.95611111111111,0.9391666666666668,0,0,0,0,0
LZA,Luiza,,CD,-7.183333333333334,22.35,0,0,0,0,0
LZC,Lazaro Cardenas,,MX,18.001666666666665,-102.22055555555556,0,0,0,0,0
LZG,Langzhong,,CN,31.5025,106.03444444444445,1,0,0,23,22
LZH,Liuzhou,,CN,24.20777777777778,109.3913888888889,1,28078,40108,234,256
LZI,Luozi,,CD,-4.95,14.133333333333333,0,0,0,0,0
LZM,Luzamba,,AO,-9.05,18.083333333333332,0,0,0,0,0
LZN,Matsu (Nangan),,TW,26.159444444444443,119.95833333333334,1,10295,8194,42,43
LZO,Luzhou,,CN,29.030555555555555,105.46888888888888,1,13763,15796,485,490
LZR,Lizard Island,QL,AU,-14.673055555555555,145.45416666666665,0,0,0,0,0
LZU,Lawrenceville,GA,US,33.97805555555556,-83.96222222222222,1,0,0,0,0
LZY,Nyingchi/Linzhi,,CN,29.305833333333332,94.3386111111111,1,1245,3793,112,114
MAA,Chennai,TN,IN,12.994444444444444,80.18055555555556,1,7379998,8221297,2487,2400
MAB,Maraba,PA,BR,-5.368611111111111,-49.13805555555555,1,105184,73968,88,89
MAD,Madrid,,ES,40.46666666666667,-3.5666666666666664,1,26201107,23645454,75466,74406
MAE,Madera,CA,US,36.983333333333334,-120.11666666666666,0,0,0,0,0
MAF,Midland,TX,US,31.933333333333334,-102.2,1,96541,82769,1897,1818
MAG,Madang,,PG,-5.207222222222223,145.78861111111112,1,1883,2291,25,25
MAH,Menorca,,ES,39.862500000000004,4.2186111111111115,1,268933,339489,3685,3792
MAI,Mangochi,,MW,-14.483333333333333,35.266666666666666,0,0,0,0,0
MAJ,Majuro,,MH,7.064722222222222,171.27194444444447,1,4341,6122,71,71
MAK,Malakal,,SS,9.55888888888889,31.65222222222222,0,0,0,0,0
MAL,Mangole,,ID,-1.8833333333333333,125.83333333333333,0,0,0,0,0
MAM,Matamoros,,MX,25.77,-97.52527777777777,1,13572,22236,121,114
MAN,Manchester,,GB,53.353611111111114,-2.275,1,11642481,7191073,31422,31758
MAO,Manaus,AM,BR,-3.063611111111111,-60.00666666666667,1,1052837,567123,2479,2523
MAP,Mamai,,PG,-10.3,149.53333333333333,0,0,0,0,0
MAQ,Mae Sot,,TH,16.699722222222224,98.5436111111111,1,0,0,9,9
MAR,Maracaibo,,VE,10.558333333333334,-71.72777777777777,1,19468,30550,160,162
MAS,Manus Island,,PG,-2.065,147.42499999999998,1,1806,2351,32,26
MAT,Matadi,,CD,-5.8,13.433333333333334,0,0,0,0,0
MAU,Maupiti Island,,PF,-16.42638888888889,-152.2436111111111,1,610,627,105,99
MAV,Maloelap Atoll,,MH,8.705555555555556,171.23083333333332,1,0,0,1,1
MAW,Malden,MO,US,36.6,-89.98333333333333,0,0,0,0,0
MAX,Matam,,SN,15.6,-13.316666666666666,0,0,0,0,0
MAY,Mangrove Cay,,BS,24.28805555555556,-77.68166666666667,0,0,0,0,0
MAZ,Mayaguez,,PR,18.25583333333333,-67.14861111111112,1,3556,6773,32,32
MBA,Mombasa,,KE,-4.0280555555555555,39.599722222222226,1,251926,369439,2135,1827
MBB,Marble Bar,WA,AU,-21.162499999999998,119.83527777777778,1,0,0,0,0
MBC,M'bigou,,GA,-1.8833333333333333,11.933333333333334,0,0,0,0,0
MBD,Mmabatho/Mafikeng,,ZA,-25.798333333333336,25.548055555555557,0,0,0,0,0
MBE,Monbetsu,,JP,44.303888888888885,143.40416666666667,1,4041,4477,5,5
MBF,Mount Buffalo,VI,AU,-36.75,146.75,0,0,0,0,0
MBG,Mobridge,SD,US,45.53333333333333,-100.41666666666667,0,0,0,0,0
MBH,Maryborough,QL,AU,-25.513333333333332,152.71499999999997,0,0,0,0,0
MBI,Mbeya,,TZ,-8.919722222222221,33.46388888888889,1,46634,4231,16,16
MBJ,Montego Bay,,JM,18.503611111111113,-77.91333333333334,1,628891,1396581,2255,1915
MBK,Matupa,MT,BR,-10.241666666666665,-54.95416666666667,0,0,0,0,0
MBL,Manistee,MI,US,44.27305555555555,-86.25222222222222,1,4222,3870,40,40
MBM,Mkambati,,ZA,-31.28388888888889,29.98888888888889,0,0,0,0,0
MBN,Mount Barnett,WA,AU,-16.666666666666668,125.95,0,0,0,0,0
MBO,Mamburao,,PH,13.2075,120.60583333333332,0,0,0,0,0
MBP,Moyobamba,,PE,-5.9750000000000005,-77.01666666666667,0,0,0,0,0
MBQ,Mbarara,,UG,-0.55,30.6,1,0,0,26,33
MBR,Mbout,,MR,16.0,-12.508333333333333,0,0,0,0,0
MBS,Saginaw/Midland/Bay C.,MI,US,43.53194444444444,-84.0825,1,41508,29926,449,423
MBT,Masbate,,PH,12.36888888888889,123.62944444444443,1,0,1,4,4
MBU,Mbambanakira,,SB,-9.747499999999999,159.83972222222224,0,0,0,0,0
MBV,Masa,,PG,-6.35,147.63333333333333,0,0,0,0,0
MBW,Moorabbin,VI,AU,-37.975833333333334,145.10222222222222,1,3,1,0,0
MBX,Maribor,,SI,46.480000000000004,15.686111111111112,0,0,0,0,0
MBY,Moberly,MO,US,39.46666666666667,-92.43333333333334,0,0,0,0,0
MBZ,Maues,AM,BR,-3.4166666666666665,-57.666666666666664,1,18,52,3,3
MCA,Macenta,,GN,8.533333333333333,-9.466666666666667,0,0,0,0,0
MCB,McComb,MS,US,31.178611111111113,-90.47222222222223,0,0,0,0,0
MCD,Mackinac Island,MI,US,45.86666666666667,-84.63333333333334,0,0,0,0,0
MCE,Merced,CA,US,37.28333333333333,-120.51666666666667,1,786,508,24,23
MCG,McGrath,AK,US,62.953611111111115,-155.60555555555555,1,0,0,0,0
MCH,Machala,,EC,-3.2666666666666666,-79.98333333333333,0,0,0,0,0
MCJ,Maicao,,CO,11.389999999999999,-72.23972222222223,0,0,0,0,0
MCK,McCook,NE,US,40.20777777777778,-100.59277777777777,1,2148,2214,7,7
MCL,McKinley,AK,US,63.733333333333334,-148.9,0,0,0,0,0
MCM,Monaco,,MC,43.726111111111116,7.42,1,934,1191,0,0
MCN,Macon,GA,US,32.68333333333333,-83.65,1,8120,6038,10,10
MCP,Macapa,AP,BR,0.050555555555555555,-51.07222222222222,1,319733,182572,154,154
MCQ,Miskolc,,HU,48.138888888888886,20.794444444444448,0,0,0,0,0
MCS,Monte Caseros,CR,AR,-30.266666666666666,-57.63333333333333,0,0,0,0,0
MCT,Muscat,,OM,23.592777777777776,58.281666666666666,1,3044448,3358759,4209,4100
MCU,Montlucon,,FR,46.226111111111116,2.362777777777778,0,0,0,0,0
MCV,Mcarthur River Mine,NT,AU,-16.442222222222224,136.08305555555555,1,73,80,5,4
MCW,Mason City,IA,US,43.155833333333334,-93.33583333333333,1,6344,6301,49,46
MCX,Makhachkala,,RU,42.816944444444445,47.65222222222222,1,249047,210325,211,231
MCY,Sunshine Coast,QL,AU,-26.603333333333335,153.09111111111113,1,279811,295166,1135,1455
MCZ,Maceio,AL,BR,-9.510833333333334,-35.791666666666664,1,386989,635213,2395,2599
MDB,Melinda,,BZ,16.999722222222225,-88.31666666666666,0,0,0,0,0
MDC,Manado,,ID,1.5491666666666666,124.9263888888889,1,232833,259593,278,340
MDE,Medellin,,CO,6.233333333333333,-75.58333333333333,1,3196644,3726643,11283,10896
MDF,Medford,WI,US,45.15,-90.33333333333333,0,0,0,0,0
MDG,Mudanjiang,,CN,44.524166666666666,129.5688888888889,1,47153,81365,315,272
MDH,Carbondale/Murphysboro,IL,US,37.78333333333333,-89.25,0,0,0,0,0
MDI,Makurdi,,NG,7.716666666666667,8.6,1,0,0,6,6
MDJ,Madras,OR,US,44.63333333333333,-121.13333333333334,0,0,0,0,0
MDK,Mbandaka,,CD,0.0225,18.288611111111113,1,2,22,19,16
MDL,Mandalay,,MM,21.702222222222222,95.97805555555556,1,221316,214294,234,233
MDM,Munduku,,PG,-4.633333333333333,143.45,0,0,0,0,0
MDN,Madison,IN,US,38.733333333333334,-85.36666666666666,0,0,0,0,0
MDO,Middleton Island,AK,US,59.45,-146.31666666666666,0,0,0,0,0
MDP,Mindiptana,,ID,-5.883333333333333,140.71666666666667,0,0,0,0,0
MDQ,Mar del Plata,BA,AR,-37.93416666666666,-57.57333333333334,1,59176,99928,351,381
MDR,Maasai Mara,,KE,-1.2988888888888888,35.064166666666665,1,2,0,40,44
MDS,Middle Caicos,,TC,21.783333333333335,-71.76666666666667,0,1,0,0,0
MDU,Mendi,,PG,-6.147777777777778,143.65722222222223,1,0,0,0,0
MDV,Medouneu,,GA,1.0166666666666666,10.75,0,0,0,0,0
MDX,Mercedes,CR,AR,-29.216944444444444,-58.083333333333336,0,0,0,0,0
MDY,Sand Island,,UM,28.201944444444443,-177.38083333333333,0,0,0,0,0
MDZ,Mendoza,MD,AR,-32.83166666666667,-68.79277777777777,1,459007,589576,1662,1590
MEA,Macae,RJ,BR,-22.343055555555555,-41.76611111111111,0,0,0,0,0
MEC,Manta,,EC,-0.9461111111111112,-80.67888888888889,1,53883,106401,340,330
MED,Madinah,,SA,24.553333333333335,39.705000000000005,1,1449974,1542406,4068,4483
MEE,Mare,,NC,-21.481666666666666,168.0375,1,61,64,31,31
MEF,Melfi,,TD,11.05,17.95,0,0,0,0,0
MEG,Malange,,AO,-9.525277777777779,16.313055555555557,0,0,0,0,0
MEH,Mehamn,,NO,71.0286111111111,27.826944444444443,1,1122,881,155,152
MEI,Meridian,MS,US,32.33277777777778,-88.75194444444445,1,11660,10694,33,45
MEJ,Meadville,PA,US,41.61944444444445,-80.2,0,0,0,0,0
MEK,Meknes,,MA,33.88333333333333,-5.5166666666666675,0,0,0,0,0
MEL,Melbourne,VI,AU,-37.733333333333334,144.90555555555557,1,17293361,14889331,25966,25006
MEM,Memphis,TN,US,35.0425,-89.97666666666667,1,843906,596428,7112,6929
MEN,Mende,,FR,44.50416666666667,3.5275,1,35,56,0,0
MEO,Manteo,NC,US,35.91888888888889,-75.69611111111111,0,0,0,0,0
MEP,Mersing,,MY,2.4333333333333336,103.83333333333333,0,0,0,0,0
MEQ,Cut Nyak Dien,,ID,4.045555555555556,96.24944444444445,1,0,0,2,1
MES,Medan,,ID,3.591388888888889,98.66916666666667,1,1048606,1275875,1164,989
MET,Moreton,QL,AU,-12.75,142.76666666666668,0,0,0,0,0
MEU,Monte Dourado,PA,BR,-0.8844444444444444,-52.6,1,37,53,14,9
MEV,Minden,NV,US,39.0,-119.75,0,0,0,0,0
MEW,Mweka,,CD,-4.85,21.55,0,0,0,0,0
MEX,Mexico City,,MX,19.433333333333334,-99.08333333333333,1,11710288,11570998,31301,36760
MEY,Meghauli,,NP,27.5775,84.22888888888889,0,0,0,0,0
MEZ,Messina,,ZA,-22.366666666666667,29.983333333333334,0,0,0,0,0
MFA,Mafia Island,,TZ,-7.912777777777778,39.66611111111111,1,1279,2274,82,80
MFB,Monfort,,CO,0.6333333333333333,-69.75,0,0,0,0,0
MFC,Mafeteng,,LS,-29.8,27.25,0,0,0,0,0
MFD,Mansfield,OH,US,40.82333333333334,-82.51722222222222,0,0,0,0,0
MFE,McAllen/Mission,TX,US,26.175833333333333,-98.23861111111111,1,155187,120382,1408,1494
MFF,Moanda,,GA,-1.5369444444444442,13.270833333333334,0,0,0,0,0
MFG,Muzaffarabad,,PK,34.333333333333336,73.51666666666667,0,0,0,0,0
MFH,Mesquite,NV,US,36.836111111111116,-114.05833333333334,0,0,0,0,0
MFI,Marshfield,WI,US,44.6375,-90.1888888888889,0,0,0,0,0
MFJ,Moala Island,,FJ,-18.566944444444445,179.95277777777775,1,0,0,0,0
MFK,Matsu (Beigan),,TW,26.223888888888887,120.00277777777778,1,9199,7728,16,17
MFL,Wando Vale,QL,AU,-19.666666666666668,144.9,0,0,0,0,0
MFM,Macau,,MO,22.149444444444445,113.59166666666667,1,5314087,6557925,2533,2475
MFN,Milford Sound,,NZ,-44.666666666666664,167.91666666666666,0,0,0,0,0
MFO,Manguna,,PG,-5.566666666666666,151.78333333333333,0,0,0,0,0
MFP,Manners Creek Station,NT,AU,-22.1,137.98333333333332,0,0,0,0,0
MFQ,Maradi,,NE,13.501944444444444,7.119722222222221,0,0,0,0,0
MFR,Medford,OR,US,42.37416666666667,-122.8736111111111,1,233291,198163,1246,1755
MFS,Miraflores,,CO,1.0333333333333334,-72.13333333333334,0,0,0,0,0
MFU,Mfuwe,,ZM,-13.259722222222223,31.933888888888887,1,975,1755,175,221
MFV,Melfa,VA,US,37.65,-75.75,0,0,0,0,0
MFW,Magaruque Island,,MZ,-21.97222222222222,35.59166666666667,0,0,0,0,0
MFX,Meribel,,FR,45.4075,6.5775,0,0,0,0,0
MFY,Mayfa'ah,,YE,14.3,47.6,0,0,0,0,0
MFZ,Meselia,,PG,-6.133333333333334,149.11666666666667,0,0,0,0,0
MGA,Managua,,NI,12.141388888888889,-86.16805555555555,1,444366,797405,1766,1172
MGB,Mount Gambier,SA,AU,-37.745555555555555,140.78527777777776,1,6219,7229,36,34
MGC,Michigan City,IN,US,41.7,-86.81666666666666,0,0,0,0,0
MGD,Magdalena,,BO,-13.033333333333333,-64.41666666666667,0,0,0,0,0
MGE,Marietta,GA,US,33.915277777777774,-84.51722222222222,0,0,0,0,0
MGF,Maringa,PR,BR,-23.47611111111111,-52.01583333333333,1,238682,154695,955,721
MGG,Margarima,,PG,-6.033333333333333,143.36666666666667,0,0,0,0,0
MGH,Margate,,ZA,-30.8575,30.343055555555555,1,2742,3080,21,21
MGI,Matagorda Island,TX,US,28.683333333333334,-95.96666666666667,0,0,0,0,0
MGJ,Montgomery,NY,US,41.516666666666666,-74.26666666666667,0,0,0,0,0
MGK,Mong Ton,,MM,20.283333333333335,98.91666666666667,0,0,0,0,0
MGM,Montgomery,AL,US,32.3,-86.4,1,75328,63257,1050,844
MGN,Magangue,,CO,9.266666666666667,-74.88333333333334,0,0,0,0,0
MGO,Manega,,GA,-1.7333333333333334,10.216666666666667,0,0,0,0,0
MGP,Manga,,PG,-4.15,153.03333333333333,0,0,0,0,0
MGQ,Mogadishu,,SO,2.0147222222222223,45.305,1,55793,145618,230,335
MGR,Moultrie,GA,US,31.083333333333332,-83.8,1,0,0,0,0
MGS,Mangaia Island,,CK,-21.89388888888889,-157.90833333333333,1,0,0,0,0
MGT,Milingimbi Island,NT,AU,-12.094444444444445,134.8936111111111,1,138,133,11,6
MGU,Manaung,,MM,18.84638888888889,93.68333333333334,0,0,0,0,0
MGV,Margaret River Station,WA,AU,-18.616666666666667,126.86666666666666,0,0,0,0,0
MGW,Morgantown,WV,US,39.64111111111111,-79.9175,1,12849,11983,47,48
MGX,Moabi,,GA,-2.4333333333333336,11.0,0,0,0,0,0
MGZ,Myeik,,MM,12.439722222222223,98.62138888888889,1,2149,2680,46,44
MHA,Mahdia,,GY,5.25,-59.15,0,0,0,0,0
MHC,Castro,,CL,-42.343333333333334,-73.71611111111112,1,1952,3530,209,211
MHD,Mashhad,,IR,36.23416666666667,59.644999999999996,1,68609,169356,632,625
MHE,Mitchell,SD,US,43.766666666666666,-98.03333333333333,0,0,0,0,0
MHF,Morichal,,CO,1.75,-69.91666666666667,0,0,0,0,0
MHG,Mannheim,,DE,49.47277777777778,8.514166666666666,0,11975,6356,0,0
MHH,Marsh Harbour,,BS,26.511388888888888,-77.08361111111111,1,26180,35481,341,339
MHI,Moucha Island,,DJ,11.333333333333334,43.016666666666666,0,0,0,0,0
MHK,Manhattan,KS,US,39.14222222222222,-96.66916666666667,1,25182,23165,237,322
MHL,Marshall,MO,US,39.083333333333336,-93.2,0,0,0,0,0
MHM,Malaita,,SB,-8.323611111111111,160.79861111111111,0,0,0,0,0
MHN,Mullen,NE,US,42.05,-101.06666666666666,0,0,0,0,0
MHO,Mount House,WA,AU,-17.166666666666668,125.66666666666667,0,0,0,0,0
MHQ,Mariehamn,,FI,60.12166666666667,19.8975,1,3677,4361,58,62
MHS,Mount Shasta,CA,US,41.31666666666667,-122.31666666666666,0,0,0,0,0
MHT,Manchester,NH,US,42.9325,-71.43555555555555,1,226495,166457,602,640
MHU,Mount Hotham,VI,AU,-37.0475,147.33416666666668,0,0,0,0,0
MHV,Mojave,CA,US,35.05916666666666,-118.14805555555556,0,0,0,0,0
MHW,Monteagudo,,BO,-19.823333333333334,-63.96277777777778,0,0,0,0,0
MHX,Manihiki Atoll,,CK,-10.36888888888889,-161.0,1,0,0,0,0
MHY,Morehead,,PG,-8.716666666666667,141.63333333333333,0,0,0,0,0
MHZ,Mildenhall,,GB,52.35,0.5,0,4,2,0,0
MIA,Miami,FL,US,25.8,-80.28333333333333,1,15125036,17436391,48245,44402
MID,Merida,,MX,20.936944444444446,-89.65777777777778,1,519724,576053,1808,1700
MIE,Muncie,IN,US,40.242222222222225,-85.39777777777779,0,0,0,0,0
MIF,Monahans,TX,US,31.6,-102.9,0,0,0,0,0
MIG,Mianyang,,CN,31.42888888888889,104.74083333333333,1,19858,29262,739,743
MIH,Mitchell Plateau,WA,AU,-14.783333333333333,125.81666666666666,0,0,0,0,0
MII,Marilia,SP,BR,-22.196944444444444,-49.92638888888889,1,3894,2405,19,19
MIJ,Mili Island,,MH,6.084722222222222,171.73083333333332,1,0,0,1,1
MIK,Mikkeli,,FI,61.7,27.216666666666665,0,0,0,0,0
MIL,Milan,,IT,45.46666666666667,9.202777777777778,1,18486194,16079454,47595,47592
MIM,Merimbula,NS,AU,-36.90861111111111,149.9013888888889,1,9572,10520,28,23
MIN,Minnipa,SA,AU,-32.833333333333336,135.13333333333333,0,0,0,0,0
MIO,Miami,OK,US,36.86666666666667,-94.86666666666666,0,0,0,0,0
MIP,Mitspeh Ramon,,IL,30.65,34.8,0,0,0,0,0
MIR,Monastir,,TN,35.75805555555556,10.754722222222222,1,78502,88128,318,299
MIS,Misima Island,,PG,-10.689444444444444,152.8361111111111,1,3,1,3,4
MIT,Shafter,CA,US,35.5,-119.26666666666667,0,0,0,0,0
MIU,Maiduguri,,NG,11.855277777777777,13.080833333333333,1,164,256,13,17
MIV,Millville,NJ,US,39.36666666666667,-75.08333333333333,0,0,0,0,0
MIW,Marshalltown,IA,US,42.11666666666667,-92.91666666666667,0,0,0,0,0
MIX,Miriti Parana,,CO,-1.1333333333333333,-70.25,0,0,0,0,0
MIY,Mittiebah,NT,AU,-18.9,137.06666666666666,0,0,0,0,0
MIZ,Mainoru,NT,AU,-14.3,134.08333333333334,0,0,0,0,0
MJA,Manja,,MG,-21.416666666666668,44.31666666666667,0,0,0,0,0
MJB,Mejit Island,,MH,10.283333333333333,170.8686111111111,1,0,0,2,2
MJC,Man,,CI,7.271944444444444,-7.5874999999999995,1,480,597,8,7
MJD,Mohenjodaro,,PK,27.335277777777776,68.14305555555556,0,0,0,0,0
MJE,Majkin,,MH,8.163333333333334,168.17444444444445,1,0,0,2,2
MJF,Mosjoen,,NO,65.78388888888888,13.215,1,3078,3399,117,98
MJI,Tripoli,,LY,32.89333333333333,13.289722222222222,1,12378,12379,104,111
MJJ,Moki,,PG,-5.7,145.25,0,0,0,0,0
MJK,Monkey Mia,WA,AU,-25.89527777777778,113.57583333333334,1,464,890,6,2
MJL,Mouila,,GA,-1.845277777777778,11.056666666666667,0,0,0,0,0
MJM,Mbuji-Mayi,,CD,-6.1211111111111105,23.56888888888889,1,56,84,26,28
MJN,Mahajanga,,MG,-15.667222222222222,46.35194444444445,1,392,1019,127,133
MJO,Mount Etjo,,NA,-21.016666666666666,16.466666666666665,0,0,0,0,0
MJP,Manjimup,WA,AU,-34.233333333333334,116.15,0,0,0,0,0
MJQ,Jackson,MN,US,43.61666666666667,-95.01666666666667,0,0,0,0,0
MJR,Miramar,BA,AR,-38.266666666666666,-57.85,0,0,0,0,0
MJS,Maganja da Costa,,MZ,-17.683333333333334,37.5,0,0,0,0,0
MJT,Mytilini,,GR,39.05333333333333,26.602222222222224,1,55178,72935,456,395
MJU,Mamuju,,ID,-2.5883333333333334,119.02777777777777,1,0,0,8,8
MJV,Murcia,,ES,37.775,-0.8125,0,5170,3645,0,0
MJW,Mahenye,,ZW,-21.233333333333334,32.333333333333336,0,0,0,0,0
MJX,Toms River,NJ,US,39.927499999999995,-74.29388888888889,0,0,0,0,0
MJY,Motygino,,RU,58.18194444444444,94.73944444444444,1,0,0,0,0
MJZ,Mirny,,RU,62.53472222222222,114.03888888888889,1,3147,1673,63,66
MKA,Marianske Lazne,,CZ,49.922777777777775,12.724722222222223,0,0,0,0,0
MKB,Mekambo,,GA,0.9666666666666668,13.95,0,0,0,0,0
MKC,Kansas City,MO,US,39.11666666666667,-94.58333333333333,1,943420,1070480,12061,10735
MKE,Milwaukee,WI,US,42.95,-87.9,1,1025549,666567,5966,5197
MKG,Muskegon,MI,US,43.169444444444444,-86.23833333333333,1,12817,10827,39,39
MKH,Mokhotlong,,LS,-29.283333333333335,29.066666666666666,0,0,0,0,0
MKI,Obo,,CF,5.316666666666666,25.95,0,0,0,0,0
MKJ,Makoua,,CG,-0.016666666666666666,15.583333333333334,0,0,0,0,0
MKK,Hoolehua,HI,US,21.151666666666664,-157.0977777777778,1,13006,18213,222,239
MKL,Jackson,TN,US,35.6025,-88.91388888888889,1,10670,9154,66,74
MKM,Mukah,,MY,2.9069444444444446,112.075,1,46587,46992,28,25
MKN,Malekolon,,PG,-4.016666666666667,153.67499999999998,0,0,0,0,0
MKO,Muskogee,OK,US,35.666666666666664,-95.36666666666666,0,0,0,0,0
MKP,Makemo,,PF,-16.583888888888886,-143.65833333333333,1,19,16,75,60
MKQ,Merauke,,ID,-8.520277777777778,140.41833333333332,1,12728,9244,76,86
MKR,Meekatharra,WA,AU,-26.611666666666668,118.54777777777778,1,0,0,3,5
MKS,Mekane Selam,,ET,10.75,38.766666666666666,0,0,0,0,0
MKT,Mankato,MN,US,44.15,-93.98333333333333,0,0,0,0,0
MKU,Makokou,,GA,0.5791666666666666,12.890833333333333,0,0,0,0,0
MKV,Mount Cavenagh,NT,AU,-25.966666666666665,133.2,0,0,0,0,0
MKW,Manokwari,,ID,-0.8919444444444444,134.04916666666668,1,11868,13737,57,80
MKY,Mackay,QL,AU,-21.171666666666667,149.1797222222222,1,178102,137347,797,800
MKZ,Malacca,,MY,2.263611111111111,102.25194444444445,1,1,0,0,0
MLA,Malta,,MT,35.8575,14.477500000000001,1,1630243,2171663,3678,3742
MLB,Melbourne,FL,US,28.102777777777778,-80.64527777777778,1,95333,101340,727,582
MLC,McAlester,OK,US,34.88333333333333,-95.78333333333333,0,0,0,0,0
MLD,Malad City,ID,US,42.336111111111116,-112.3,0,0,0,0,0
MLE,Male,,MV,4.191666666666667,73.52916666666667,1,2613780,4370883,1850,1824
MLF,Milford,UT,US,38.43333333333333,-113.01666666666667,0,0,0,0,0
MLG,Malang,,ID,-7.926666666666667,112.71444444444445,1,76695,86315,48,49
MLI,Moline,IL,US,41.448611111111106,-90.5075,1,103134,70741,889,898
MLJ,Milledgeville,GA,US,33.15,-83.25,0,0,0,0,0
MLK,Malta,MT,US,48.34916666666667,-107.88527777777779,0,0,0,0,0
MLL,Marshall,AK,US,61.86416666666667,-162.02611111111113,1,2,5,2,2
MLM,Morelia,,MX,19.85,-101.02555555555556,1,219645,335408,228,229
MLN,Melilla,,ES,35.27972222222222,-2.956388888888889,1,42288,47174,674,758
MLO,Milos,,GR,36.696666666666665,24.472777777777775,1,12655,25567,95,95
MLP,Malabang,,PH,7.633333333333333,124.06666666666666,0,0,0,0,0
MLQ,Malalaua,,PG,-8.1,146.16666666666666,0,0,0,0,0
MLR,Millicent,SA,AU,-37.58305555555556,140.3661111111111,0,0,0,0,0
MLS,Miles City,MT,US,46.42805555555555,-105.8863888888889,0,0,0,0,0
MLT,Millinocket,ME,US,45.64944444444444,-68.69222222222223,0,0,0,0,0
MLU,Monroe,LA,US,32.51083333333333,-92.03777777777778,1,34718,30940,464,447
MLV,Merluna,QL,AU,-13.066666666666666,142.45,0,0,0,0,0
MLW,Monrovia,,LR,6.233333333333333,-10.366666666666667,1,50484,147082,119,163
MLX,Malatya,,TR,38.43527777777778,38.09111111111111,1,35720,52050,314,283
MLY,Manley Hot Springs,AK,US,64.99805555555555,-150.64111111111112,1,0,0,0,0
MLZ,Melo,,UY,-32.333333333333336,-54.2,0,0,0,0,0
MMA,Malmo,,SE,55.6,13.066666666666666,1,181294,189483,598,621
MMB,Memambetsu,,JP,43.88055555555555,144.16416666666666,1,57740,83149,228,195
MMC,Ciudad Mante,,MX,22.75,-99.0,0,0,0,0,0
MMD,Minamidaito,,JP,25.84722222222222,131.26388888888889,1,0,0,0,0
MME,Teesside,,GB,54.509166666666665,-1.4294444444444445,1,62647,36451,175,127
MMF,Mamfe,,CM,5.716666666666667,9.3,0,0,0,0,0
MMG,Mount Magnet,WA,AU,-28.116111111111113,117.84166666666667,1,0,0,3,6
MMH,Mammoth Lakes,CA,US,37.62444444444444,-118.84055555555555,1,197,367,8,8
MMI,Athens,TN,US,35.45,-84.6,0,0,0,0,0
MMJ,Matsumoto,,JP,36.166666666666664,137.92277777777778,1,10845,9424,14,14
MMK,Murmansk,,RU,68.78166666666667,32.75083333333333,1,58378,63361,154,155
MML,Marshall,MN,US,44.44416666666666,-95.82,0,1,3,0,0
MMM,Middlemount,QL,AU,-22.800555555555555,148.70499999999998,0,0,0,0,0
MMN,Stow,MA,US,42.43333333333333,-71.50277777777778,0,0,0,0,0
MMO,Maio Island,,CV,15.155833333333334,-23.21361111111111,1,0,3,2,2
MMP,Mompos,,CO,9.258888888888889,-74.43833333333333,0,0,0,0,0
MMQ,Mbala,,ZM,-8.857777777777777,31.334166666666665,0,0,0,0,0
MMS,Marks,MS,US,34.21666666666667,-90.28333333333333,0,0,0,0,0
MMU,Morristown,NJ,US,40.797777777777775,-74.41527777777779,1,0,0,4,4
MMV,Mal,,PG,-1.4097222222222219,144.18694444444444,0,0,0,0,0
MMW,Moma,,MZ,-16.75,39.21666666666667,0,0,0,0,0
MMY,Miyakojima,,JP,24.782777777777778,125.295,1,77936,98949,244,257
MMZ,Maimanah,,AF,35.92583333333333,64.76583333333333,0,0,0,0,0
MNA,Melangguane,,ID,4.006666666666667,126.67361111111111,1,0,0,2,2
MNB,Muanda,,CD,-5.933333333333334,12.35,1,0,0,0,0
MNC,Nacala,,MZ,-14.485833333333332,40.712500000000006,1,782,1058,10,12
MND,Medina,,CO,4.5166666666666675,-73.28333333333333,0,0,0,0,0
MNE,Mungeranie,SA,AU,-28.016666666666666,138.66666666666666,0,0,0,0,0
MNF,Mana Island,,FJ,-17.672777777777778,177.09861111111113,0,0,0,0,0
MNG,Maningrida,NT,AU,-12.056111111111111,134.23416666666665,1,644,374,12,13
MNH,Musanaa,,OM,23.641111111111112,57.48638888888889,0,0,0,0,0
MNI,Montserrat,,MS,16.79138888888889,-62.19416666666666,1,0,3,1,2
MNJ,Mananjary,,MG,-21.201666666666664,48.358333333333334,0,0,0,0,0
MNK,Maiana,,KI,1.003611111111111,173.03111111111113,1,0,0,2,2
MNL,Manila,,PH,14.516666666666667,121.01666666666667,1,20649234,23776473,5692,5645
MNM,Menominee,MI,US,45.28333333333333,-87.63333333333334,0,0,0,0,0
MNN,Marion,OH,US,40.61666666666667,-83.06666666666666,0,0,0,0,0
MNO,Manono,,CD,-7.289166666666667,27.39388888888889,1,0,0,0,0
MNP,Maron,,PG,-1.55,145.03333333333333,0,0,0,0,0
MNQ,Monto,QL,AU,-24.883333333333333,151.1,0,0,0,0,0
MNR,Mongu,,ZM,-15.255277777777778,23.156388888888888,0,0,0,0,0
MNS,Mansa,,ZM,-11.138333333333334,28.875,1,221,293,213,215
MNT,Minto,AK,US,65.14722222222223,-149.3675,1,0,2,0,0
MNU,Mawlamyine,,MM,16.44472222222222,97.66055555555556,0,0,0,0,0
MNV,Mount Valley,NT,AU,-14.116666666666667,133.83333333333334,0,0,0,0,0
MNW,MacDonald Downs,NT,AU,-22.5,135.16666666666666,0,0,0,0,0
MNX,Manicore,AM,BR,-5.816666666666666,-61.28333333333333,1,115,216,5,5
MNY,Mono Island,,SB,-7.416666666666667,155.5652777777778,1,0,0,0,0
MNZ,Manassas,VA,US,38.721944444444446,-77.51444444444445,1,0,0,0,0
MOA,Moa,,CU,20.653888888888886,-74.92222222222223,1,0,0,0,0
MOB,Mobile,AL,US,30.683333333333334,-88.03333333333333,1,108207,89812,1354,1074
MOC,Montes Claros,MG,BR,-16.706944444444442,-43.81888888888889,1,109348,65630,263,156
MOD,Modesto,CA,US,37.626666666666665,-120.95416666666667,0,10,9,0,0
MOE,Momeik,,MM,23.1,96.65,0,0,0,0,0
MOF,Maumere,,ID,-8.640555555555554,122.23694444444445,1,0,0,15,12
MOG,Mong Hsat,,MM,20.51833333333333,99.25833333333334,0,0,0,0,0
MOH,Morowali,,ID,-2.202777777777778,121.66111111111111,1,0,0,12,12
MOI,Mitiaro Island,,CK,-19.842499999999998,-157.70333333333332,1,0,0,0,0
MOJ,Moengo,,SR,5.616666666666667,-54.4,0,0,0,0,0
MOK,Muynaq,,UZ,43.75527777777778,59.03194444444444,0,0,0,0,0
MOL,Molde,,NO,62.74472222222222,7.2625,1,54071,71655,307,353
MOM,Moudjeria,,MR,17.75,-12.5,0,0,0,0,0
MON,Mount Cook,,NZ,-43.78333333333333,170.13333333333333,1,2,1,0,0
MOO,Moomba,SA,AU,-28.099444444444444,140.19833333333332,1,0,0,0,0
MOP,Mount Pleasant,MI,US,43.61666666666667,-84.73333333333333,0,0,0,0,0
MOQ,Morondava,,MG,-20.284722222222225,44.3175,1,2,1,41,40
MOR,Morristown,TN,US,36.18333333333333,-83.36666666666666,0,0,0,0,0
MOS,Moses Point,AK,US,64.7,-162.05,0,0,0,0,0
MOT,Minot,ND,US,48.266666666666666,-101.28333333333333,1,40896,36417,291,351
MOU,Mountain Village,AK,US,62.09527777777778,-163.6822222222222,1,0,1,2,2
MOV,Moranbah,QL,AU,-22.058611111111112,148.07638888888889,1,4814,4670,57,70
MOW,Moscow,,RU,55.65555555555555,37.52222222222222,1,21581215,14451928,5757,5824
MOX,Morris,MN,US,45.583333333333336,-95.9,0,0,0,0,0
MOY,Monterrey,,CO,4.916666666666667,-72.85,0,0,0,0,0
MOZ,Moorea,,PF,-17.490000000000002,-149.76194444444445,1,3426,6125,158,96
MPA,Katima Mulilo,,NA,-17.633333333333333,24.183333333333334,1,152,120,6,6
MPC,Muko-Muko,,ID,-2.55,101.1,0,0,0,0,0
MPD,Mirpur Khas,,PK,25.533333333333335,69.01666666666667,0,0,0,0,0
MPF,Mapoda,,PG,-7.966666666666667,143.16666666666666,0,0,0,0,0
MPG,Makini,,PG,-6.533333333333333,147.71666666666667,0,0,0,0,0
MPH,Caticlan,,PH,11.924444444444443,121.95416666666667,1,680297,1071719,280,248
MPI,Mamitupo,,PA,9.183333333333334,-77.98333333333333,0,0,0,0,0
MPL,Montpellier,,FR,43.6,3.8833333333333333,1,332551,281010,1937,2037
MPM,Maputo,,MZ,-25.920833333333334,32.572500000000005,1,233008,215256,481,494
MPN,Mount Pleasant,,FK,-51.82277777777778,-58.44555555555555,1,1272,2860,92,92
MPO,Mount Pocono,PA,US,41.13611111111111,-75.37972222222221,0,0,0,0,0
MPP,Mulatupo,,PA,8.946388888888889,-77.75083333333333,0,0,0,0,0
MPQ,Ma'an,,JO,30.166666666666668,35.8,0,0,0,0,0
MPR,McPherson,KS,US,38.35,-97.68333333333334,0,0,0,0,0
MPS,Mount Pleasant,TX,US,33.15,-94.96666666666667,0,0,0,0,0
MPT,Maliana,,TL,-8.983333333333333,125.38333333333334,0,0,0,0,0
MPU,Mapua,,PG,-2.9166666666666665,151.41666666666666,0,0,0,0,0
MPV,Barre/Montpelier,VT,US,44.19972222222222,-72.5625,0,0,2,0,0
MPW,Mariupol,,UA,47.07611111111112,37.44944444444444,0,0,0,0,0
MPX,Miyanmin,,PG,-4.9,141.61666666666667,0,0,0,0,0
MPY,Maripasoula,,GF,3.6666666666666665,-54.03333333333333,0,0,0,0,0
MPZ,Mount Pleasant,IA,US,40.96666666666667,-91.55,0,0,0,0,0
MQA,Mandora Station,WA,AU,-19.833333333333332,120.83333333333333,0,0,0,0,0
MQB,Macomb,IL,US,40.45,-90.61666666666666,0,0,0,0,0
MQC,Miquelon,,PM,47.13333333333333,-56.38333333333333,0,0,0,0,0
MQD,Maquinchao,RN,AR,-41.25,-68.73333333333333,0,0,0,0,0
MQE,Marqua,NT,AU,-22.816666666666666,137.35,0,0,0,0,0
MQF,Magnitogorsk,,RU,53.393055555555556,58.75555555555555,1,94,208,24,26
MQG,Midgard,,NA,-22.083333333333332,17.366666666666667,0,0,0,0,0
MQH,Minacu,GO,BR,-13.548333333333334,-48.19499999999999,0,0,0,0,0
MQJ,Khonuu,,RU,66.45083333333334,143.2613888888889,1,0,0,7,7
MQK,San Matias,,BO,-16.334444444444443,-58.385555555555555,0,0,0,0,0
MQL,Mildura,VI,AU,-34.22916666666667,142.08555555555557,1,124199,121337,148,151
MQM,Mardin,,TR,37.223333333333336,40.63166666666667,1,37484,66842,354,330
MQN,Mo I Rana,,NO,66.36666666666666,14.3,1,7504,9797,119,106
MQO,Malam,,PG,-8.703888888888889,142.6511111111111,0,0,0,0,0
MQP,Nelspruit,,ZA,-25.383055555555558,31.105555555555558,1,10283,11755,445,395
MQQ,Moundou,,TD,8.62638888888889,16.072499999999998,0,0,0,0,0
MQR,Mosquera,,CO,2.6666666666666665,-78.34166666666667,0,0,0,0,0
MQS,Mustique,,VC,12.888333333333334,-61.17916666666667,1,0,0,10,7
MQT,Marquette,MI,US,46.353611111111114,-87.39527777777778,1,16442,14108,644,550
MQU,Mariquita,,CO,5.216666666666667,-74.88333333333334,0,0,0,0,0
MQV,Mostaganem,,DZ,35.9,0.9833333333333332,0,0,0,0,0
MQW,Mc Rae,GA,US,32.083333333333336,-82.86666666666666,0,0,0,0,0
MQX,Mekele,,ET,13.4675,39.53333333333333,1,10481,13750,20,19
MQY,Smyrna,TN,US,36.00972222222222,-86.52055555555556,0,1,3,0,0
MQZ,Margaret River,WA,AU,-33.95,115.06666666666666,0,0,0,0,0
MRA,Misurata,,LY,32.32194444444445,15.061388888888889,1,147,170,23,24
MRB,Martinsburg,WV,US,39.40277777777778,-77.98305555555555,0,0,0,0,0
MRC,Columbia/Mt Pleasant,TN,US,35.6,-87.03333333333333,0,0,0,0,0
MRD,Merida,,VE,8.582222222222223,-71.16111111111111,1,0,0,3,2
MRE,Maasai Mara,,KE,-1.4044444444444444,35.00944444444445,1,1217,1699,74,100
MRF,Marfa,TX,US,30.371111111111112,-104.01805555555555,0,0,0,0,0
MRG,Mareeba,QL,AU,-17.0,145.43333333333334,0,0,0,0,0
MRH,May River,,PG,-4.333333333333333,141.8,0,0,0,0,0
MRJ,Marcala,,HN,14.133333333333333,-88.03333333333333,0,0,0,0,0
MRK,Marco Island,FL,US,25.933333333333334,-81.71666666666667,0,2,0,0,0
MRL,Miner's Lake,QL,AU,-20.066666666666666,145.58333333333334,0,0,0,0,0
MRM,Manare,,PG,-9.2,147.6,0,0,0,0,0
MRN,Morganton,NC,US,35.75,-81.72500000000001,0,0,0,0,0
MRO,Masterton,,NZ,-40.975,175.6327777777778,0,0,0,0,0
MRP,Marla,SA,AU,-27.033333333333335,133.11666666666667,0,0,0,0,0
MRQ,Marinduque,,PH,13.361944444444443,121.82527777777777,0,0,0,0,0
MRR,Macara,,EC,-4.383333333333334,-79.93333333333334,0,0,0,0,0
MRS,Marseille,,FR,43.3,5.366666666666666,1,2870943,2056644,9870,9447
MRT,Moroak,NT,AU,-14.816666666666666,133.7,0,0,0,0,0
MRU,Mauritius,,MU,-20.43027777777778,57.683611111111105,1,935873,1460618,2516,2467
MRV,Mineralnye Vody,,RU,44.225,43.081944444444446,1,740033,518839,323,303
MRW,Maribo,,DK,54.69944444444444,11.44,0,0,0,0,0
MRX,Bandar Mahshahr,,IR,30.552222222222223,49.155833333333334,1,0,0,0,0
MRY,Monterey/Carmel,CA,US,36.583333333333336,-121.85,1,98335,81151,508,483
MRZ,Moree,NS,AU,-29.49888888888889,149.84472222222223,1,50394,3938,42,57
MSA,Muskrat Dam,ON,CA,53.44138888888889,-91.76305555555555,1,0,0,5,7
MSD,Mount Pleasant,UT,US,39.52472222222222,-111.47444444444444,0,0,0,0,0
MSE,Manston,,GB,51.342222222222226,1.346111111111111,0,0,0,0,0
MSF,Mount Swan,NT,AU,-22.666666666666668,134.91666666666666,0,0,0,0,0
MSG,Matsaile,,LS,-29.733333333333334,28.75,0,0,0,0,0
MSH,Masirah,,OM,20.675555555555558,58.25,1,0,0,7,6
MSI,Masalembo,,ID,-5.566666666666666,114.43333333333334,0,0,0,0,0
MSJ,Misawa,,JP,40.70333333333333,141.36833333333334,1,29502,27999,116,128
MSK,Puerto Gaitan,,CO,3.7511111111111113,-71.4563888888889,0,0,0,0,0
MSL,Muscle Shoals/Florence,AL,US,34.74638888888889,-87.61,1,5767,5005,4,9
MSM,Masi-Manimba,,CD,-4.833333333333333,17.85,0,0,0,0,0
MSN,Madison,WI,US,43.13972222222222,-89.33749999999999,1,372035,253609,3688,3616
MSO,Missoula,MT,US,46.91638888888889,-114.09055555555555,1,165733,136364,1037,1008
MSP,Minneapolis/St Paul,MN,US,44.9,-93.21666666666667,1,4633065,3028842,52350,54141
MSQ,Minsk,,BY,53.86666666666667,27.533333333333335,1,598983,558924,101,96
MSR,Mus,,TR,38.74777777777778,41.66111111111111,1,14919,37281,231,203
MSS,Massena,NY,US,44.93583333333333,-74.84555555555555,1,3669,3266,6,6
MST,Maastricht/Aachen,,NL,50.91583333333333,5.776944444444444,1,52698,50883,28,24
MSU,Maseru,,LS,-29.46222222222222,27.552500000000002,1,9986,10893,18,12
MSV,Monticello,NY,US,41.61666666666667,-74.7,0,0,0,0,0
MSW,Massawa,,ER,15.67,39.37,0,0,0,0,0
MSX,Mossendjo,,CG,-2.95,12.7,0,0,0,0,0
MSY,New Orleans,LA,US,29.95,-90.06666666666666,1,2361950,2415486,14923,12487
MSZ,Namibe,,AO,-15.261666666666667,12.147222222222222,1,255,701,1,1
MTA,Matamata,,NZ,-37.733333333333334,175.75,0,0,0,0,0
MTB,Montelibano,,CO,7.971666666666667,-75.43305555555555,0,0,0,0,0
MTC,Mount Clemens,MI,US,42.6,-82.88333333333334,0,0,0,0,0
MTD,Mount Sanford Station,NT,AU,-16.983333333333334,130.55,0,0,0,0,0
MTE,Monte Alegre,PA,BR,-2.0166666666666666,-54.06666666666667,1,11,0,5,10
MTF,Mizan Teferi,,ET,6.966666666666667,35.53333333333333,0,0,0,0,0
MTG,Mato Grosso,MT,BR,-15.016666666666667,-60.016666666666666,0,0,0,0,0
MTH,Marathon,FL,US,24.72583333333333,-81.05277777777778,0,0,0,0,0
MTI,Mosteiros,,CV,15.0,-24.433333333333334,0,0,0,0,0
MTJ,Montrose,CO,US,38.50527777777778,-107.89416666666668,1,40361,36867,268,283
MTK,Makin,,KI,3.374722222222222,172.99249999999998,1,0,0,2,2
MTL,Maitland,NS,AU,-32.733333333333334,151.55,0,0,0,0,0
MTM,Metlakatla,AK,US,55.13333333333333,-131.58333333333334,1,0,0,22,22
MTO,Mattoon/Charleston,IL,US,39.483333333333334,-88.28333333333333,0,0,0,0,0
MTP,Montauk,NY,US,41.07694444444445,-71.92027777777778,0,0,0,0,0
MTQ,Mitchell,QL,AU,-26.583333333333332,147.96666666666667,0,0,0,0,0
MTR,Monteria,,CO,8.823611111111111,-75.82583333333334,1,181020,264977,1213,1141
MTS,Manzini,,SZ,-26.528888888888886,31.3075,1,7220,14742,0,0
MTT,Minatitlan,,MX,18.103333333333335,-94.58055555555555,1,24036,26068,134,162
MTU,Montepuez,,MZ,-13.127777777777778,39.00277777777778,0,0,0,0,0
MTV,Mota Lava,,VU,-13.666111111111112,167.71138888888888,1,5,16,3,3
MTW,Manitowoc,WI,US,44.12916666666667,-87.68277777777779,0,0,0,0,0
MTY,Monterrey,,MX,25.666666666666668,-100.31666666666666,1,1550532,1279818,5560,5061
MTZ,Masada,,IL,31.333333333333332,35.38333333333333,0,0,0,0,0
MUA,Munda,,SB,-8.327222222222222,157.26166666666666,1,291,601,17,16
MUB,Maun,,BW,-19.972499999999997,23.43111111111111,1,8995,19253,190,171
MUC,Munich,,DE,48.35,11.783333333333333,1,10101294,7586727,40124,39255
MUD,Mueda,,MZ,-11.65,39.55,0,0,0,0,0
MUE,Kamuela,HI,US,20.00138888888889,-155.66805555555555,1,6475,9855,10,10
MUF,Muting,,ID,-7.383333333333334,140.33333333333334,0,0,0,0,0
MUG,Mulege,,MX,26.8875,-112.0,0,0,0,0,0
MUH,Mersa Matruh,,EG,31.333333333333332,27.216666666666665,1,0,0,52,42
MUI,Fort Indiantown Gap,PA,US,40.4,-76.66666666666667,0,0,0,0,0
MUJ,Mui,,ET,5.8647222222222215,35.74861111111111,0,0,0,0,0
MUK,Mauke Island,,CK,-20.136388888888888,-157.34583333333333,1,0,0,0,0
MUN,Maturin,,VE,9.749166666666666,-63.15333333333333,1,0,0,19,19
MUO,Mountain Home,ID,US,43.13194444444444,-115.73111111111112,0,0,0,0,0
MUP,Mulga Park,NT,AU,-25.85,131.6,0,0,0,0,0
MUQ,Muccan Station,WA,AU,-20.633333333333333,120.03333333333333,0,0,0,0,0
MUR,Marudi,,MY,4.179444444444445,114.3275,1,4095,19153,72,73
MUS,Minamitorishima,,JP,24.3,153.96666666666667,0,0,0,0,0
MUT,Muscatine,IA,US,41.36638888888889,-91.14611111111111,0,0,0,0,0
MUU,Marau Barra Grande,BA,BR,-13.90611111111111,-38.94083333333333,1,0,0,0,0
MUW,Mascara,,DZ,35.2075,0.1461111111111111,0,0,0,0,0
MUX,Multan,,PK,30.203333333333333,71.41916666666667,1,270297,402423,641,553
MUY,Mouyondzi,,CG,-3.9833333333333334,13.919444444444444,0,0,0,0,0
MUZ,Musoma,,TZ,-1.5,33.8,0,0,0,0,0
MVA,Myvatn,,IS,65.65583333333333,-16.918055555555558,0,0,0,0,0
MVB,Franceville,,GA,-1.656111111111111,13.438055555555556,1,219,272,6,7
MVC,Monroeville,AL,US,31.516666666666666,-87.31666666666666,0,0,0,0,0
MVD,Montevideo,,UY,-34.83833333333334,-56.030833333333334,1,734668,928561,2855,2723
MVE,Montevideo,MN,US,44.95,-95.71666666666667,0,0,0,0,0
MVF,Mossoro,RN,BR,-5.200555555555556,-37.36361111111111,1,1857,1977,301,303
MVG,Mevang,,GA,0.08333333333333333,11.083333333333334,0,0,0,0,0
MVH,Macksville,NS,AU,-30.716666666666665,152.91666666666666,0,0,0,0,0
MVI,Manetai,,PG,-6.0,155.33333333333334,0,0,0,0,0
MVK,Mulka,SA,AU,-28.35,138.65,0,0,0,0,0
MVL,Morrisville/Stowe,VT,US,44.535,-72.61416666666666,0,0,0,0,0
MVM,Kayenta,AZ,US,36.71666666666667,-110.22833333333334,0,0,0,0,0
MVN,Mount Vernon,IL,US,38.31666666666667,-88.86666666666666,0,0,0,0,0
MVO,Mongo,,TD,12.2,18.783333333333335,0,0,0,0,0
MVP,Mitu,,CO,1.253611111111111,-70.23388888888888,1,0,0,5,5
MVQ,Mogilev,,BY,53.95,30.133333333333333,0,0,0,0,0
MVR,Maroua,,CM,10.451388888888888,14.2575,1,0,0,2,1
MVS,Mucuri,BA,BR,-18.083333333333332,-39.56666666666667,0,0,0,0,0
MVT,Mataiva,,PF,-14.869722222222222,-148.71305555555554,1,18,37,41,38
MVU,Musgrave,QL,AU,-14.166666666666666,143.68333333333334,0,0,0,0,0
MVV,Megeve,,FR,45.82083333333334,6.652222222222223,0,0,0,0,0
MVW,Burlington/Mt Vernon,WA,US,48.416666666666664,-122.33333333333333,0,0,0,0,0
MVX,Minvoul,,GA,2.15,12.133333333333333,0,0,0,0,0
MVY,Martha's Vineyard,MA,US,41.39333333333333,-70.6125,1,22067,19231,558,489
MVZ,Masvingo,,ZW,-20.05527777777778,30.859166666666667,0,0,0,0,0
MWA,Marion,IL,US,37.75138888888889,-89.01666666666667,1,7131,4784,12,10
MWB,Morawa,WA,AU,-29.204166666666666,116.0225,0,0,0,0,0
MWD,Mianwali,,PK,32.583333333333336,71.55,0,0,0,0,0
MWE,Merowe,,SD,18.4425,31.843333333333334,0,0,0,0,0
MWF,Maewo,,VU,-14.997777777777777,168.08166666666665,1,1,192,1,1
MWG,Marawaka,,PG,-6.966666666666667,145.9,0,0,0,0,0
MWH,Moses Lake,WA,US,47.20472222222222,-119.31666666666666,0,0,0,0,0
MWI,Maramuni,,PG,-5.15,143.48333333333332,0,0,0,0,0
MWJ,Matthews Ridge,,GY,7.488333333333333,-60.184999999999995,0,0,0,0,0
MWK,Matak,,ID,3.3,106.26555555555555,1,0,0,0,0
MWL,Mineral Wells,TX,US,32.78333333333333,-98.06666666666666,0,0,0,0,0
MWM,Windom,MN,US,43.916666666666664,-95.1,0,0,0,0,0
MWN,Mwadui,,TZ,-3.55,33.6,0,0,0,0,0
MWO,Middletown,OH,US,39.5,-84.38333333333334,0,0,0,0,0
MWP,Mountain,,NP,28.0,85.33333333333333,0,0,0,0,0
MWQ,Magway,,MM,20.15361111111111,94.96861111111112,0,0,0,0,0
MWR,Motswari,,ZA,-24.2,31.4,0,0,0,0,0
MWS,Morowali,,ID,-2.8008333333333333,122.14305555555556,1,0,0,0,0
MWT,Moolawatana,SA,AU,-29.916666666666668,139.71666666666667,0,0,0,0,0
MWU,Mussau,,PG,-1.5,149.66666666666666,0,0,0,0,0
MWV,Mondulkiri,,KH,12.460555555555555,107.19083333333333,0,0,0,0,0
MWX,Muan,,KR,34.99138888888889,126.38277777777778,1,61,60,9,9
MWY,Miranda Downs,QL,AU,-17.366666666666667,141.86666666666667,0,0,0,0,0
MWZ,Mwanza,,TZ,-2.4444444444444446,32.93277777777777,1,64095,60301,55,56
MXA,Manila,AR,US,35.88333333333333,-90.15,0,0,0,0,0
MXB,Masamba,,ID,-2.533333333333333,120.33333333333333,0,0,0,0,0
MXC,Monticello,UT,US,37.86666666666667,-109.35,0,0,0,0,0
MXD,Marion Downs,QL,AU,-23.5,139.66666666666666,0,0,0,0,0
MXE,Laurinburg/Maxton,NC,US,34.733333333333334,-79.35,0,0,0,0,0
MXG,Marlborough,MA,US,42.333333333333336,-71.55,0,0,0,0,0
MXH,Moro,,PG,-6.362777777777778,143.23111111111112,1,3,4,1,1
MXI,Mati,,PH,6.95,126.21666666666667,0,0,0,0,0
MXJ,Minna,,NG,9.616666666666667,6.533333333333333,0,0,0,0,0
MXK,Mindik,,PG,-6.4719444444444445,147.44111111111113,0,0,0,0,0
MXL,Mexicali,,MX,32.63055555555555,-115.24166666666667,1,147992,140193,686,466
MXM,Morombe,,MG,-21.75138888888889,43.37638888888889,0,0,0,0,0
MXN,Morlaix,,FR,48.60444444444445,-3.814722222222222,0,0,0,0,0
MXO,Monticello,IA,US,42.233333333333334,-91.18333333333334,0,0,0,0,0
MXQ,Cairu,BA,BR,-13.389444444444443,-38.91,1,0,0,20,21
MXR,Myrhorod,,UA,49.96666666666667,33.6,0,0,0,0,0
MXS,Maota Savail Is,,WS,-13.742777777777777,-172.25833333333333,0,0,0,0,0
MXT,Maintirano,,MG,-18.050833333333333,44.032222222222224,0,0,0,0,0
MXU,Mullewa,WA,AU,-28.55,115.51666666666667,0,0,0,0,0
MXV,Moron,,MN,49.663333333333334,100.09944444444444,1,0,0,4,5
MXW,Mandalgovi,,MN,45.766666666666666,106.28333333333333,0,0,0,0,0
MXX,Mora,,SE,60.95777777777778,14.511388888888888,1,379,453,61,61
MXY,McCarthy,AK,US,61.416666666666664,-142.91666666666666,1,0,0,0,0
MXZ,Meixian,,CN,24.264166666666668,116.09833333333333,1,2030,4093,37,37
MYA,Moruya,NS,AU,-35.89833333333333,150.1461111111111,1,1709,1940,7,11
MYB,Mayumba,,GA,-3.45,10.683333333333334,0,0,0,0,0
MYC,Maracay,,VE,10.25,-67.64944444444446,0,0,0,0,0
MYD,Malindi,,KE,-3.229166666666667,40.10166666666667,1,5024,11472,56,158
MYE,Miyakejima,,JP,34.07361111111111,139.5602777777778,1,0,0,0,0
MYG,Mayaguana,,BS,22.379444444444445,-73.01361111111112,1,19,58,19,17
MYH,Marble Canyon,AZ,US,36.81666666666667,-111.65,0,0,0,0,0
MYI,Murray Island,QL,AU,-9.915277777777778,144.05472222222224,1,3,21,89,75
MYJ,Matsuyama,,JP,33.827222222222225,132.69972222222222,1,209020,297280,518,527
MYK,May Creek,AK,US,61.36666666666667,-142.68333333333334,1,0,0,0,0
MYL,McCall,ID,US,44.88972222222222,-116.10222222222221,0,0,0,0,0
MYM,Monkey Mountain,,GY,4.6,-59.63333333333333,0,0,0,0,0
MYN,Marib,,YE,15.483333333333333,45.333333333333336,0,0,0,0,0
MYO,Myroodah Station,WA,AU,-18.2,124.2,0,0,0,0,0
MYP,Mary,,TM,37.62305555555555,61.895833333333336,1,0,0,4,4
MYQ,Mysore,KA,IN,12.231666666666667,76.65722222222223,1,0,0,7,7
MYR,Myrtle Beach,SC,US,33.7,-78.96666666666667,1,414654,379717,2351,2203
MYT,Myitkyina,,MM,25.384166666666665,97.35388888888889,1,6835,7373,100,112
MYU,Mekoryuk,AK,US,60.3725,-166.27166666666668,1,0,0,0,0
MYV,Marysville,CA,US,39.1,-121.56666666666666,1,13,9,0,0
MYW,Mtwara,,TZ,-10.339166666666667,40.181666666666665,1,283,371,7,4
MYX,Menyamya,,PG,-7.2,146.01666666666668,0,0,0,0,0
MYY,Miri,,MY,4.325277777777777,113.98833333333333,1,773610,711283,584,597
MYZ,Monkey Bay,,MW,-14.1,34.916666666666664,0,0,0,0,0
MZA,Mazamari,,PE,-11.325555555555555,-74.53555555555555,1,0,0,1,1
MZB,Mocimboa da Praia,,MZ,-11.36,40.35583333333334,0,0,0,0,0
MZC,Mitzic,,GA,0.7833333333333333,11.566666666666666,0,0,0,0,0
MZD,Mendez,,EC,-2.716666666666667,-78.31666666666666,0,0,0,0,0
MZE,Manatee,,BZ,17.27861111111111,-89.0275,0,0,0,0,0
MZF,Mzamba,,ZA,-31.1,30.166666666666668,0,0,0,0,0
MZG,Magong,,TW,23.56861111111111,119.62833333333333,1,123362,203796,305,309
MZH,Amasya,,TR,40.828611111111115,35.52027777777778,1,9777,15252,39,40
MZI,Mopti,,ML,14.512777777777778,-4.079444444444444,0,0,0,0,0
MZJ,Marana,AZ,US,32.51027777777778,-111.32527777777777,0,0,0,0,0
MZK,Marakei,,KI,2.058611111111111,173.27194444444447,1,0,0,2,2
MZL,Manizales,,CO,5.029722222222222,-75.46472222222222,1,1821,2675,61,55
MZN,Minj,,PG,-5.866666666666667,144.66666666666666,0,0,0,0,0
MZO,Manzanillo,,CU,20.28805555555556,-77.08916666666666,1,2,12,26,6
MZP,Motueka,,NZ,-41.11666666666667,173.0,0,0,0,0,0
MZQ,Mkuze,,ZA,-27.633333333333333,32.05,0,0,0,0,0
MZR,Mazar-e Sharif,,AF,36.706944444444446,67.20944444444444,1,1345,3396,18,16
MZT,Mazatlan,,MX,23.161388888888887,-106.26611111111112,1,244006,421996,1165,964
MZU,Muzaffarpur,BR,IN,26.11861111111111,85.31222222222222,0,0,0,0,0
MZV,Mulu,,MY,4.0505555555555555,114.80916666666667,1,24412,48159,18,18
MZW,Mecheria,,DZ,33.53583333333333,-0.2425,1,23,29,1,1
MZX,Mena,,ET,6.35,39.71666666666667,0,0,0,0,0
MZY,Mossel Bay,,ZA,-34.18333333333333,22.133333333333333,0,0,0,0,0
MZZ,Marion,IN,US,40.483333333333334,-85.68333333333334,0,0,0,0,0
NAA,Narrabri,NS,AU,-30.319166666666668,149.82722222222222,1,749,631,39,40
NAC,Naracoorte,SA,AU,-36.980555555555554,140.72333333333333,0,0,0,0,0
NAD,Macanal,,CO,2.5666666666666664,-67.58333333333333,0,0,0,0,0
NAE,Natitingou,,BJ,10.316666666666666,1.3666666666666667,0,0,0,0,0
NAF,Banaina,,ID,2.75,117.05,0,0,0,0,0
NAG,Nagpur,MH,IN,21.092222222222222,79.04722222222222,1,779080,736148,274,257
NAH,Tahuna,,ID,3.6833333333333336,125.52805555555555,1,0,0,2,2
NAI,Annai,,GY,3.9594444444444448,-59.12444444444444,0,0,0,0,0
NAJ,Nakchivan,,AZ,39.18888888888888,45.458333333333336,1,1953,5152,29,27
NAK,Nakhon Ratchasima,,TH,14.949722222222222,102.31305555555555,0,0,0,0,0
NAL,Nalchik,,RU,43.51277777777778,43.63666666666666,0,0,0,0,0
NAM,Namlea,,ID,-3.2372222222222224,127.10027777777778,1,0,0,3,1
NAN,Nadi,,FJ,-17.755,177.44361111111112,1,1030484,1572641,5082,5176
NAO,Nanchong,,CN,30.79388888888889,106.15972222222223,1,4869,9028,200,196
NAP,Naples,,IT,40.88333333333333,14.283333333333333,1,3855232,3104206,14027,14399
NAQ,Qaanaaq,,GL,77.48861111111111,-69.38777777777779,1,0,0,67,37
NAR,Puerto Nare,,CO,6.2,-74.61666666666666,0,0,0,0,0
NAS,Nassau,,BS,25.03888888888889,-77.46611111111112,1,483224,852635,2569,2237
NAT,Natal,RN,BR,-5.768055555555556,-35.376111111111115,1,568610,658617,2937,2570
NAU,Napuka,,PF,-14.176944444444445,-141.26722222222224,1,0,1,30,16
NAV,Nevsehir,,TR,38.77194444444444,34.53444444444444,1,144146,289003,68,72
NAW,Narathiwat,,TH,6.523333333333333,101.74472222222222,1,171169,186404,6,6
NAZ,Star Harbour,,SB,-10.655555555555557,162.20583333333332,0,0,0,0,0
NBA,Nambaiyufa,,PG,-6.25,145.23333333333332,0,0,0,0,0
NBB,Barranco Minas,,CO,3.3333333333333335,-70.33333333333333,0,0,0,0,0
NBC,Nizhnekamsk,,RU,55.56666666666667,52.1,1,1874,2212,39,35
NBE,Enfidha,,TN,36.07555555555556,10.438333333333334,1,6377,6958,1544,1619
NBH,Nambucca Heads,NS,AU,-30.65,153.0,0,0,0,0,0
NBJ,Luanda,,AO,-9.045833333333333,13.490555555555554,0,0,0,0,0
NBL,San Blas,,PA,9.466666666666667,-79.0,0,0,0,0,0
NBN,Annobon,,GQ,-1.4094444444444443,5.621944444444445,0,0,0,0,0
NBO,Nairobi,,KE,-1.3166666666666667,36.93333333333333,1,2235322,3022278,7642,7770
NBS,Baishan,,CN,42.065,127.60249999999999,1,2961,8750,226,235
NBW,Guantanamo,,CU,19.906666666666666,-75.20527777777778,1,0,0,0,0
NBX,Nabire,,ID,-3.3680555555555562,135.49666666666664,1,0,0,12,21
NCA,North Caicos,,TC,21.884166666666665,-71.93944444444445,0,0,0,0,0
NCE,Nice,,FR,43.665277777777774,7.215,1,3017161,2711230,25748,26137
NCG,Nuevo Casas Grandes,,MX,30.516666666666666,-107.98333333333333,0,0,0,0,0
NCH,Nachingwea,,TZ,-10.366666666666667,38.8,0,0,0,0,0
NCI,Necocli,,CO,8.45,-76.78333333333333,0,0,0,0,0
NCJ,Sunchales,SF,AR,-30.95777777777778,-61.525,0,0,0,0,0
NCL,Newcastle,,GB,55.0375,-1.6916666666666667,1,1225520,699608,6978,7613
NCN,Chenega,AK,US,60.07944444444445,-147.99499999999998,1,0,0,3,3
NCO,North Kingstown,RI,US,41.59722222222222,-71.41222222222223,0,0,0,0,0
NCR,San Carlos,,NI,11.136111111111111,-84.76861111111111,0,0,0,0,0
NCS,Newcastle,,ZA,-27.75,30.0,0,0,0,0,0
NCT,Nicoya,,CR,10.2,-85.46666666666667,0,0,0,0,0
NCU,Nukus,,UZ,42.486666666666665,59.62277777777778,1,40348,97813,36,19
NCY,Annecy,,FR,45.93083333333333,6.106388888888889,1,0,0,0,0
NDA,Banda Island,,ID,-4.533333333333333,129.9,0,0,0,0,0
NDB,Nouadhibou,,MR,20.93305555555556,-17.029999999999998,1,229,165,7,7
NDC,Nanded,MH,IN,19.181944444444447,77.32277777777777,0,0,0,0,0
NDD,Sumbe,,AO,-11.166666666666666,13.866666666666667,0,0,0,0,0
NDE,Mandera,,KE,3.934166666666667,41.84444444444445,1,0,0,0,0
NDF,N'dalatando,,AO,-9.333333333333334,14.833333333333334,0,0,0,0,0
NDG,Qiqihar,,CN,47.23972222222222,123.91805555555555,1,5287,8229,124,118
NDI,Namudi,,PG,-9.45,148.23333333333332,0,0,0,0,0
NDJ,N'Djamena,,TD,12.13361111111111,15.033888888888889,1,110987,143087,194,166
NDK,Namdrik Island,,MH,5.633055555555556,168.12444444444446,1,0,0,1,1
NDL,Ndele,,CF,8.4,20.65,0,0,0,0,0
NDM,Mendi,,ET,9.766666666666667,35.1,0,0,0,0,0
NDN,Nadunumu,,PG,-9.133333333333333,147.68333333333334,0,0,0,0,0
NDR,Nador,,MA,34.98888888888889,-3.0283333333333333,1,72894,123708,528,506
NDS,Sandstone,WA,AU,-28.0,119.25,0,0,0,0,0
NDU,Rundu,,NA,-17.95611111111111,19.722777777777775,1,54,90,1,1
NDY,Sanday,,GB,59.250277777777775,-2.5749999999999997,0,0,0,0,0
NEC,Necochea,BA,AR,-38.48888888888889,-58.81583333333333,0,0,0,0,0
NEF,Neftekamsk,,RU,56.1,54.35,0,0,0,0,0
NEG,Negril,,JM,18.308333333333334,-78.33333333333333,0,32,186,0,0
NEI,Terney,,RU,45.08305555555556,136.59055555555557,1,0,0,4,3
NEJ,Nejo,,ET,9.5,35.46666666666667,0,0,0,0,0
NEK,Nekemte,,ET,9.033333333333333,36.583333333333336,0,0,0,0,0
NEL,Lakehurst,NJ,US,40.016666666666666,-74.31666666666666,0,0,0,0,0
NER,Neryungri,,RU,56.91138888888889,124.90305555555557,1,7672,2466,69,74
NEU,Sam Neua,,LA,20.41861111111111,104.0675,1,156,1311,7,7
NEV,Nevis,,KN,17.205555555555556,-62.59,1,3314,5247,31,26
NFG,Nefteyugansk,,RU,61.13333333333333,73.05,0,0,0,0,0
NFL,Fallon,NV,US,39.46666666666667,-118.78333333333333,1,0,0,0,0
NFO,Niuafo'ou,,TO,-15.570833333333333,-175.62916666666666,0,0,0,0,0
NFR,Nafoora,,LY,29.216666666666665,21.583333333333332,0,0,0,0,0
NGA,Young,NS,AU,-34.25,148.25,0,0,0,0,0
NGB,Ningbo,,CN,29.826666666666668,121.46194444444444,1,1307596,1221448,1687,1658
NGD,Anegada,,VG,18.733333333333334,-64.31666666666666,0,0,27,0,0
NGE,Ngaoundere,,CM,7.356944444444444,13.559166666666668,1,0,0,5,5
NGF,Kaneohe Bay,HI,US,21.45138888888889,-157.76722222222224,0,0,1,0,0
NGI,Gau Island,,FJ,-18.115555555555556,179.33972222222224,1,0,0,0,0
NGK,Nogliki,,RU,51.781666666666666,143.14,1,0,0,2,2
NGL,Ngala,,ZA,-24.390833333333333,31.32777777777778,0,0,0,0,0
NGN,Nargana,,PA,9.066666666666666,-78.01666666666667,0,0,0,0,0
NGO,Nagoya,,JP,35.13333333333333,136.88333333333333,1,4087487,4147940,1926,1889
NGQ,Shiquande,,CN,32.099722222222226,80.05333333333333,1,37,20,30,27
NGR,Ningerum,,PG,-5.666666666666667,141.11666666666667,0,0,0,0,0
NGS,Nagasaki,,JP,32.75055555555556,129.8777777777778,1,208725,223211,712,760
NGX,Manang,,NP,28.633333333333333,84.0,0,0,0,0,0
NHA,Nha Trang,,VN,12.25,109.16666666666667,1,1466044,2178681,1675,1769
NHF,New Halfa,,SD,15.35,35.733333333333334,0,0,0,0,0
NHK,Patuxent River,MD,US,38.28333333333333,-76.41666666666667,0,0,0,0,0
NHS,Nushki,,PK,29.55,66.0,0,0,0,0,0
NHT,Northolt,,GB,51.55305555555555,-0.41833333333333333,0,0,0,0,0
NHV,Nuku Hiva,,PF,-8.795555555555556,-140.2288888888889,1,775,1212,169,157
NHX,Foley,AL,US,30.416666666666668,-87.68333333333334,0,0,0,0,0
NHZ,Brunswick,ME,US,43.89361111111111,-69.93777777777778,0,0,0,0,0
NIA,Nimba,,LR,7.5,-8.583333333333334,0,0,0,0,0
NIB,Nikolai,AK,US,63.01722222222222,-154.36555555555555,1,0,0,3,3
NIC,Nicosia,,CY,35.15,33.266666666666666,0,0,0,0,0
NIF,Nifty,WA,AU,-21.67361111111111,121.5961111111111,0,0,0,0,0
NIG,Nikunau,,KI,-1.3144444444444445,176.41083333333333,1,0,0,4,4
NIK,Niokolo-Koba,,SN,13.075,-12.716666666666667,0,0,0,0,0
NIM,Niamey,,NE,13.481111111111112,2.1766666666666663,1,79748,54391,159,162
NIN,Ninilchik,AK,US,60.05,-151.66666666666666,0,0,0,0,0
NIO,Nioki,,CD,-2.716666666666667,17.683333333333334,1,0,0,0,0
NIQ,Niaqornat,,GL,70.78944444444444,-53.66305555555555,1,0,0,0,0
NIR,Beeville,TX,US,28.4,-97.75,0,0,0,0,0
NIS,Simberi Island,,PG,-2.6666666666666665,152.0,0,0,0,0,0
NIT,Niort,,FR,46.31333333333333,-0.3944444444444445,0,0,0,0,0
NIU,Niau,,PF,-16.120833333333334,-146.37361111111113,1,3,6,12,6
NIX,Nioro du Sahel,,ML,15.23611111111111,-9.583333333333334,0,0,0,0,0
NJA,Atsugi,,JP,35.45,139.45,0,0,0,0,0
NJC,Nizhnevartovsk,,RU,60.94916666666666,76.48361111111112,1,27076,13435,96,85
NJF,Al Najaf,,IQ,31.989722222222223,44.40416666666667,1,52482,83996,303,277
NJJ,Heihe,,CN,49.23638888888889,125.33722222222222,0,0,0,0,0
NKA,Nkan,,GA,0.7,9.983333333333333,0,0,0,0,0
NKB,Noonkanbah,WA,AU,-18.5,124.83333333333333,0,0,0,0,0
NKC,Nouakchott,,MR,18.097777777777775,-15.948055555555555,1,94896,170651,280,275
NKD,Sinak,,ID,-3.8333333333333335,137.85,0,0,0,0,0
NKG,Nanjing,,CN,31.741944444444446,118.86194444444443,1,3418990,3115743,4233,4213
NKI,Naukiti Bay,AK,US,55.855555555555554,-133.18333333333334,1,0,0,3,4
NKL,Kolo,,CD,-5.420833333333333,14.817499999999999,0,0,0,0,0
NKN,Nankina,,PG,-5.833333333333333,146.45,0,0,0,0,0
NKO,Ankokoambo,,MG,-16.583333333333332,44.45,0,0,0,0,0
NKP,Nukutepipi,,PF,-20.453611111111112,-143.52944444444447,0,0,0,0,0
NKS,Nkongsamba,,CM,4.95,9.933333333333334,0,0,0,0,0
NKT,Sirnak,,TR,37.36361111111111,42.06194444444444,1,11313,15874,58,58
NKU,Nkau,,LS,-30.021944444444443,28.196944444444444,0,0,0,0,0
NKY,N'kayi,,CG,-4.222777777777778,13.286666666666667,0,0,0,0,0
NLA,Ndola,,ZM,-12.961944444444443,28.514166666666668,1,43624,82542,1370,1183
NLC,Lemoore,CA,US,36.33277777777778,-119.95194444444445,0,0,0,0,0
NLD,Nuevo Laredo,,MX,27.44388888888889,-99.57055555555556,1,17252,19951,127,78
NLE,Niles,MI,US,41.85,-86.21666666666667,0,0,0,0,0
NLF,Darnley Island,QL,AU,-9.579166666666666,143.7802777777778,1,0,2,21,21
NLG,Nelson Lagoon,AK,US,56.007777777777775,-161.1602777777778,1,0,0,0,0
NLH,Ninglang,,CN,27.540277777777778,100.75916666666667,1,150,266,7,6
NLI,Nikolayevsk-na-Amure,,RU,53.15416666666667,140.65222222222224,1,0,0,14,14
NLK,Norfolk Island,,NF,-29.041666666666668,167.93861111111113,1,3027,7785,28,28
NLL,Nullagine,WA,AU,-21.916666666666668,120.2,0,0,0,0,0
NLN,Arcata/Eureka,CA,US,40.719166666666666,-123.92750000000001,0,0,0,0,0
NLP,Nelspruit,,ZA,-25.5,30.916666666666668,0,14428,19352,0,0
NLS,Nicholson,WA,AU,-18.041666666666668,128.9,0,0,0,0,0
NLT,Xinyuan,,CN,43.43222222222222,83.38222222222221,1,30,69,10,15
NLV,Mykolaiv,,UA,47.05777777777777,31.919722222222223,0,0,0,0,0
NMA,Namangan,,UZ,40.985,71.55694444444444,1,58245,273406,102,87
NMB,Daman,DD,IN,20.416666666666668,72.85,0,0,0,0,0
NMC,Norman's Cay,,BS,24.583333333333332,-76.83333333333333,0,0,0,0,0
NME,Nightmute,AK,US,60.47222222222222,-164.69916666666668,1,0,0,2,2
NMF,Maafaru,,MV,5.8199999999999985,73.47166666666666,1,0,0,10,9
NMG,San Miguel,,PA,8.45,-78.91666666666667,0,0,0,0,0
NML,Fort McMurray Mildred Lake,AB,CA,57.05916666666666,-111.5786111111111,0,0,0,0,0
NMN,Nomane,,PG,-6.316666666666666,145.06666666666666,0,0,0,0,0
NMP,New Moon,QL,AU,-19.203333333333333,145.77194444444447,0,0,0,0,0
NMR,Nappa Merrie,QL,AU,-27.633333333333333,141.08333333333334,0,0,0,0,0
NMS,Nansang,,MM,20.891111111111112,97.735,0,0,0,0,0
NMT,Namtu,,MM,23.083333333333332,97.4,0,0,0,0,0
NNA,Kenitra,,MA,34.25,-6.616666666666667,0,0,0,0,0
NNB,Santa Ana Island,,SB,-10.848333333333334,162.45416666666665,1,5,7,2,3
NND,Nangade,,MZ,-11.083333333333334,39.6,0,0,0,0,0
NNG,Nanning,,CN,22.608333333333334,108.1725,1,1181892,1158499,2270,2361
NNI,Namutoni,,NA,-18.816666666666666,16.916666666666668,0,0,0,0,0
NNK,Naknek,AK,US,58.75,-156.53333333333333,0,0,0,0,0
NNL,Nondalton,AK,US,59.980555555555554,-154.83916666666667,1,0,0,2,1
NNM,Naryan-Mar,,RU,67.64027777777778,53.1225,1,0,0,7,7
NNR,Spiddal,,IE,53.230555555555554,-9.467777777777778,1,0,0,0,0
NNT,Nan,,TH,18.80777777777778,100.78333333333333,1,0,0,20,20
NNU,Nanuque,MG,BR,-17.783333333333335,-40.68333333333333,0,0,0,0,0
NNX,Nunukan,,ID,4.135833333333334,117.66833333333334,0,0,0,0,0
NNY,Nanyang,,CN,32.98111111111111,112.61555555555555,1,13216,19920,122,116
NOA,Nowra,NS,AU,-34.93333333333333,150.56666666666666,0,0,0,0,0
NOB,Nosara,,CR,9.97638888888889,-85.65305555555557,1,194,307,25,26
NOC,Knock,,IE,53.91027777777778,-8.81861111111111,1,51934,70437,177,161
NOD,Norden,,DE,53.63305555555556,7.189444444444445,1,0,0,0,0
NOG,Nogales,,MX,31.22611111111111,-110.97583333333334,0,0,0,0,0
NOI,Novorossiysk,,RU,44.75,37.75,0,0,0,0,0
NOJ,Nojabrsk,,RU,63.183611111111105,75.26888888888888,1,1643,1610,49,56
NOK,Nova Xavantina,MT,BR,-14.691666666666666,-52.35,0,0,0,0,0
NOM,Nomad River,,PG,-6.65,142.11666666666667,0,0,0,0,0
NON,Nonouti,,KI,-0.6397222222222222,174.42805555555555,1,0,0,2,2
NOO,Naoro,,PG,-9.083333333333334,147.03333333333333,0,0,0,0,0
NOP,Sinop,,TR,42.021388888888886,35.0775,1,6375,9527,18,17
NOR,Nordfjordur,,IS,65.13194444444444,-13.746388888888887,0,0,0,0,0
NOS,Nosy-Be,,MG,-13.311944444444444,48.31472222222222,1,21878,52326,201,191
NOT,Novato,CA,US,38.14361111111111,-122.55611111111111,0,0,0,0,0
NOU,Noumea,,NC,-22.266666666666666,166.45,1,95364,158160,472,468
NOV,Huambo,,AO,-12.809166666666668,15.760833333333334,1,248,640,4,4
NOZ,Novokuznetsk,,RU,53.80638888888888,86.8711111111111,1,12081,9336,124,113
NPE,Napier-Hastings,,NZ,-39.464444444444446,176.86777777777777,1,41606,46194,764,897
NPG,Nipa,,PG,-6.133333333333334,143.36666666666667,0,0,0,0,0
NPH,Nephi,UT,US,39.73888888888889,-111.87083333333332,0,0,0,0,0
NPL,New Plymouth,,NZ,-39.00805555555556,174.17749999999998,1,24789,30727,730,555
NPO,Nangapinoh,,ID,-0.36666666666666664,111.75,0,0,0,0,0
NPP,Napperby,NT,AU,-22.633333333333333,132.83333333333334,0,0,0,0,0
NPR,Novo Progresso,PA,BR,-7.125833333333333,-55.40083333333333,0,0,0,0,0
NPT,Newport,RI,US,41.600833333333334,-71.41555555555556,0,3,7,0,0
NPU,San Pedro de Uraba,,CO,8.3,-76.41666666666667,0,0,0,0,0
NPY,Mpanda,,TZ,-6.354722222222222,31.083888888888886,1,34,59,6,3
NQA,Millington,TN,US,35.356944444444444,-89.87055555555555,0,0,0,0,0
NQI,Kingsville,TX,US,27.516666666666666,-97.86666666666666,0,0,0,0,0
NQL,Niquelandia,GO,BR,-14.434722222222222,-48.49194444444444,0,0,0,0,0
NQN,Neuquen,NE,AR,-38.94888888888889,-68.15583333333333,1,84584,67085,522,589
NQT,Nottingham,,GB,52.96666666666667,-1.1666666666666667,1,143144,55114,1153,1207
NQU,Nuqui,,CO,5.71,-77.26277777777777,1,0,0,22,22
NQY,Newquay,,GB,50.44333333333333,-5.001666666666667,1,101266,110159,341,302
NQZ,Astana,,KZ,51.02305555555555,71.46694444444445,1,1842614,1388902,1786,1768
NRA,Narrandera,NS,AU,-34.702222222222225,146.51222222222222,1,385,375,11,11
NRB,Mayport,FL,US,30.216666666666665,-81.38333333333334,0,0,0,0,0
NRC,Crows Landing,CA,US,37.4,-121.06666666666666,0,0,0,0,0
NRD,Norderney,,DE,53.71666666666667,7.233333333333333,0,0,0,0,0
NRE,Namrole,,ID,-3.855,126.70166666666667,1,0,0,1,1
NRG,Narrogin,WA,AU,-32.93333333333333,117.16666666666667,0,0,0,0,0
NRI,Afton,OK,US,36.56666666666667,-94.85,0,0,0,0,0
NRK,Norrkoping,,SE,58.586111111111116,16.248611111111114,1,50,45,30,30
NRL,North Ronaldsay,,GB,59.3675,-2.434444444444445,0,0,0,0,0
NRM,Nara,,ML,15.25,-7.283333333333333,0,0,0,0,0
NRR,Ceiba,,PR,18.25,-65.63333333333334,1,0,0,25,23
NRS,Imperial Beach,CA,US,32.56666666666667,-117.11666666666666,0,1,1,0,0
NRY,Newry,NT,AU,-16.083333333333332,129.34166666666667,0,0,0,0,0
NSB,Bimini North SPB,,BS,25.775,-79.25,1,1,3,8,8
NSE,Milton,FL,US,30.633333333333333,-87.05,0,0,0,0,0
NSH,Now Shahr,,IR,36.663333333333334,51.46472222222223,1,0,0,2,2
NSK,Norilsk,,RU,69.3111111111111,87.33222222222221,1,6252,4514,227,179
NSL,Slayton,MN,US,43.986666666666665,-95.7825,0,0,0,0,0
NSM,Norseman,WA,AU,-32.2,121.75,0,0,0,0,0
NSN,Nelson,,NZ,-41.29666666666667,173.22416666666666,1,54048,65731,966,981
NSO,Scone,NS,AU,-32.03777777777778,150.83166666666665,0,0,0,0,0
NSQ,Nuussuaq,,GL,74.10972222222222,-57.065,1,0,0,0,0
NSR,Sao Raimundo Nonato,PI,BR,-9.083333333333334,-42.644999999999996,1,116,159,21,15
NST,Nakhon Si Thammarat,,TH,8.539722222222222,99.94472222222223,1,349147,366593,45,41
NSV,Noosaville,QL,AU,-26.4,153.06666666666666,0,0,0,0,0
NSY,Sigonella,,IT,37.401666666666664,14.922222222222222,0,0,0,0,0
NTA,Natadola,,FJ,-18.083333333333332,177.31666666666666,0,0,0,0,0
NTB,Notodden,,NO,59.566111111111105,9.211944444444443,0,0,0,0,0
NTC,Santa Carolina,,MZ,-21.666666666666668,35.5,0,0,0,0,0
NTD,Port Mugu,CA,US,34.12,-119.12166666666666,0,0,0,0,0
NTE,Nantes,,FR,47.15,-1.6,1,1533970,1058485,8578,8521
NTG,Nantong,,CN,32.07222222222222,120.98027777777779,1,131104,177967,582,562
NTI,Bintuni,,ID,-2.1,133.51666666666668,0,0,0,0,0
NTJ,Manti/Ephraim,UT,US,39.266666666666666,-111.63333333333334,0,0,0,0,0
NTL,Newcastle,NS,AU,-32.795833333333334,151.83333333333334,1,422216,245485,1010,1026
NTM,Miracema do Tocantins,TO,BR,-9.183333333333334,-48.5,0,0,0,0,0
NTN,Normanton,QL,AU,-17.683611111111112,141.07027777777776,1,397,453,17,19
NTO,Santo Antao Island,,CV,17.05,-25.166666666666668,0,0,0,0,0
NTQ,Wajima,,JP,37.2925,136.95888888888888,1,4901,4975,17,16
NTT,Niuatoputapu,,TO,-15.977500000000001,-173.7913888888889,0,0,3,0,0
NTU,Virginia Beach,VA,US,36.833333333333336,-76.03333333333333,0,0,0,0,0
NTX,Natuna,,ID,3.906111111111111,108.38777777777779,1,0,0,7,3
NTY,Sun City,,ZA,-25.333888888888886,27.173333333333336,0,0,0,0,0
NUA,Nuwara Eliya SPB,,LK,6.956666666666667,80.78,0,0,0,0,0
NUB,Numbulwar,NT,AU,-14.266666666666667,135.71666666666667,0,0,0,0,0
NUD,En Nahud,,SD,12.7,28.416666666666668,0,0,0,0,0
NUE,Nuremberg,,DE,49.45,11.083333333333334,1,1920572,1029978,3049,2890
NUF,Hatton SPB,,LK,6.857222222222222,80.58805555555556,1,0,0,1,2
NUG,Nuguria,,PG,-3.3333333333333335,154.75,0,0,0,0,0
NUH,Nunchia,,CO,5.65,-72.2,0,0,0,0,0
NUI,Nuiqsut,AK,US,70.21000000000001,-151.00555555555556,1,0,0,2,2
NUJ,Nogeh,,IR,35.2,48.666666666666664,0,0,0,0,0
NUK,Nukutavake,,PF,-19.285,-138.76972222222224,1,0,0,30,30
NUL,Nulato,AK,US,64.72944444444444,-158.07416666666666,1,0,0,5,8
NUM,Neom Bay,,SA,27.926944444444445,35.28916666666667,1,17890,16472,132,138
NUP,Nunapitchuk,AK,US,60.90416666666667,-162.44166666666666,1,0,1,2,2
NUQ,Mountain View,CA,US,37.38333333333333,-122.06666666666666,0,0,9,0,0
NUR,Nullarbor,SA,AU,-31.433333333333334,130.91666666666666,0,0,0,0,0
NUS,Norsup,,VU,-16.078055555555554,167.3997222222222,1,129,195,14,14
NUT,Nutuve,,PG,-5.633333333333333,151.38333333333333,0,0,0,0,0
NUU,Nakuru,,KE,-0.29833333333333334,36.159166666666664,0,0,0,0,0
NUW,Oak Harbor,WA,US,48.25,-122.66666666666667,0,0,0,0,0
NUX,Novy Urengoy,,RU,66.07027777777778,76.52055555555556,1,15162,8358,167,156
NVA,Neiva,,CO,2.950277777777778,-75.29388888888889,1,54237,85716,267,249
NVD,Nevada,MO,US,37.85,-94.3,0,0,0,0,0
NVG,Nueva Guinea,,NI,11.666666666666666,-84.45,0,0,0,0,0
NVI,Navoi,,UZ,40.11638888888889,65.16583333333334,1,2988,18388,3,3
NVM,Nova Mutum,MT,BR,-13.821111111111112,-56.03861111111111,0,0,0,0,0
NVN,Beckwourth,CA,US,39.818333333333335,-120.35277777777777,0,0,0,0,0
NVP,Novo Aripuana,AM,BR,-5.133333333333334,-60.36666666666667,0,0,0,0,0
NVR,Novgorod,,RU,58.49333333333333,31.241944444444446,0,0,0,0,0
NVS,Nevers,,FR,47.00361111111111,3.1108333333333333,0,0,0,0,0
NVT,Navegantes,SC,BR,-26.88,-48.65138888888889,1,594293,482160,2361,2498
NVY,Neyveli,TN,IN,11.6,79.43333333333334,0,0,0,0,0
NWA,Moheli,,KM,-12.298055555555555,43.76638888888889,1,0,0,3,3
NWH,Newport,NH,US,43.333333333333336,-72.16666666666667,0,0,0,0,0
NWI,Norwich,,GB,52.67583333333333,1.2827777777777778,1,56429,28975,240,239
NWT,Nowata,,PG,-8.5,143.16666666666666,0,0,0,0,0
NYA,Nyagan,,RU,62.10166666666667,65.60249999999999,1,0,0,13,11
NYC,New York,NY,US,40.751666666666665,-73.99416666666667,1,38897658,42042352,170986,194163
NYE,Nyeri,,KE,-0.36666666666666664,36.96666666666667,0,0,0,0,0
NYG,Quantico,VA,US,38.50416666666667,-77.30499999999999,0,0,0,0,0
NYI,Sunyani,,GH,7.361944444444444,-2.328888888888889,1,0,1,1,1
NYK,Nanyuki,,KE,0.028055555555555556,37.02472222222222,1,37,158,105,35
NYM,Nadym,,RU,65.48138888888889,72.69972222222222,1,98,64,34,30
NYN,Nyngan,NS,AU,-31.55,147.18333333333334,0,0,0,0,0
NYR,Nyurba,,RU,63.29611111111111,118.34083333333332,1,0,0,4,4
NYS,New York Skyports SPB,NY,US,40.73555555555556,-73.97416666666666,1,670,277,13,17
NYT,Nay Pyi Taw,,MM,19.6225,96.20138888888889,1,37,650,24,17
NYU,Bagan/Nyaung-U,,MM,21.177500000000002,94.93055555555556,1,532,1061,142,155
NYW,Monywa,,MM,22.22222222222222,95.09305555555555,1,0,1,2,2
NZA,Nzagi,,AO,-8.383333333333333,21.433333333333334,0,0,0,0,0
NZC,Nazca,,PE,-14.854166666666666,-74.96166666666667,0,0,0,0,0
NZE,Nzerekore,,GN,7.816666666666666,-8.7,0,0,0,0,0
NZH,Manzhouli,,CN,49.56666666666667,117.33055555555555,1,1985,1620,66,75
NZL,Zhalantun,,CN,47.86611111111111,122.76777777777778,1,0,0,19,20
OAA,Shank Air Base,,AF,33.92194444444444,69.07777777777777,0,0,0,0,0
OAG,Orange,NS,AU,-33.382222222222225,149.1313888888889,1,12707,12840,178,203
OAH,Shindand,,AF,33.39111111111111,62.26111111111111,0,0,0,0,0
OAI,Bagram,,AF,34.94638888888888,69.265,0,0,0,0,0
OAJ,Jacksonville,NC,US,34.830000000000005,-77.6111111111111,1,57829,49973,453,235
OAK,Oakland,CA,US,37.71666666666667,-122.21666666666667,1,935029,576329,4875,5197
OAL,Cacoal,RO,BR,-11.433055555555555,-61.47777777777778,1,229,169,8,8
OAM,Oamaru,,NZ,-44.968333333333334,171.07999999999998,0,0,0,0,0
OAN,Olanchito,,HN,15.523611111111112,-86.63527777777779,0,0,0,0,0
OAS,Sharana,,AF,33.12583333333333,68.8386111111111,0,0,0,0,0
OAX,Oaxaca,,MX,17.002777777777776,-96.72500000000001,1,452820,652418,1075,835
OAZ,Camp Bastion,,AF,31.855,64.21222222222222,0,0,0,0,0
OBA,Oban,QL,AU,-21.233333333333334,139.03333333333333,0,0,0,0,0
OBC,Obock,,DJ,11.968333333333334,43.278888888888886,0,0,0,0,0
OBD,Obano,,ID,-3.9,136.2,0,0,0,0,0
OBE,Okeechobee,FL,US,27.25,-80.83333333333333,0,0,0,0,0
OBF,Oberpfaffenhofen,,DE,48.083333333333336,11.283333333333333,0,0,0,0,0
OBI,Obidos,PA,BR,-1.8683333333333334,-55.515277777777776,0,0,0,0,0
OBL,Zoersel,,BE,51.264722222222225,4.753333333333333,0,0,0,0,0
OBM,Morobe,,PG,-7.75,147.58333333333334,0,0,0,0,0
OBN,Oban,,GB,56.46666666666667,-5.4,1,0,0,9,8
OBO,Obihiro,,JP,42.733333333333334,143.21666666666667,1,47678,34021,139,130
OBS,Aubenas,,FR,44.53944444444444,4.371666666666666,0,0,0,0,0
OBU,Kobuk,AK,US,66.91250000000001,-156.8983333333333,1,2,28,3,3
OBX,Obo,,PG,-7.583333333333333,141.33333333333334,0,0,0,0,0
OBY,Ittoqqortoormiit,,GL,70.48833333333333,-21.971666666666664,1,0,0,0,0
OCA,Key Largo,FL,US,25.366666666666667,-80.26666666666667,0,0,0,0,0
OCC,Coca,,EC,-0.4627777777777778,-76.98694444444445,1,2877,4118,50,132
OCE,Ocean City,MD,US,38.30916666666666,-75.12055555555555,0,5,3,0,0
OCF,Ocala,FL,US,29.16916666666667,-82.22305555555556,0,0,0,0,0
OCH,Nacogdoches,TX,US,31.58,-94.71000000000001,0,0,0,0,0
OCJ,Ocho Rios,,JM,18.4,-76.98333333333333,1,39,292,40,40
OCM,Boolgeeda,WA,AU,-22.540000000000003,117.275,1,0,0,0,0
OCN,Oceanside,CA,US,33.217222222222226,-117.35277777777777,0,0,0,0,0
OCS,Corisco Island,,GQ,0.9069444444444444,9.330277777777777,0,0,0,0,0
OCV,Ocana,,CO,8.25,-73.78333333333333,0,0,0,0,0
OCW,Washington,NC,US,35.55,-77.05,0,0,0,0,0
ODA,Ouadda,,CF,8.0,22.416666666666668,0,0,0,0,0
ODB,Cordoba,,ES,37.88805555555555,-4.7794444444444455,1,323,113,4,4
ODC,Oakdale,CA,US,37.75611111111111,-120.8,0,0,0,0,0
ODD,Oodnadatta,SA,AU,-27.55,135.43333333333334,0,0,0,0,0
ODE,Odense,,DK,55.4,10.333333333333334,1,0,1,0,0
ODH,Odiham,,GB,51.233333333333334,-0.95,0,0,0,0,0
ODJ,Ouanda Djalle,,CF,8.916666666666666,22.583333333333332,0,0,0,0,0
ODL,Cordillo Downs,SA,AU,-26.833333333333332,140.75,0,0,0,0,0
ODM,Oakland,MD,US,39.413888888888884,-79.41388888888889,0,0,0,0,0
ODN,Long Seridan,,MY,3.9775,115.06833333333333,1,77,112,17,17
ODO,Bodaybo,,RU,57.86638888888889,114.24222222222222,1,0,0,34,34
ODR,Ord River,WA,AU,-17.35,128.9,0,0,0,0,0
ODS,Odesa,,UA,46.42666666666666,30.67638888888889,0,0,0,0,0
ODT,Odessa,TX,US,31.923055555555557,-102.39305555555556,0,0,0,0,0
ODW,Oak Harbor,WA,US,48.251666666666665,-122.6738888888889,0,1,1,0,0
ODY,Muang Xay,,LA,20.68277777777778,101.99388888888889,1,0,1,1,1
OEC,Ocussi,,TL,-9.25,124.4,0,0,0,0,0
OEL,Orel,,RU,52.983333333333334,36.1,0,0,0,0,0
OEM,Paloemeu,,SR,3.35,-55.45,0,0,0,0,0
OEO,Osceola,WI,US,45.31666666666667,-92.7,0,0,0,0,0
OER,Ornskoldsvik,,SE,63.40833333333333,18.990000000000002,1,2663,3001,68,64
OES,San Antonio Oeste,RN,AR,-40.75055555555556,-65.03527777777778,0,0,0,0,0
OFI,Ouango-Fitini,,CI,9.6,-4.033333333333333,0,0,0,0,0
OFJ,Olafsfjordur,,IS,66.07416666666666,-18.66777777777778,0,0,0,0,0
OFK,Norfolk,NE,US,41.983333333333334,-97.43333333333334,0,0,0,0,0
OFU,Ofu Island,,AS,-14.184444444444445,-169.67027777777776,0,0,0,0,0
OGA,Ogallala,NE,US,41.13333333333333,-101.71666666666667,0,0,0,0,0
OGB,Orangeburg,SC,US,33.45,-80.85,0,0,0,0,0
OGD,Ogden,UT,US,41.2,-112.01666666666667,1,112,42,6,7
OGE,Ogeranang,,PG,-6.433333333333334,147.33333333333334,0,0,0,0,0
OGG,Kahului,HI,US,20.898611111111112,-156.43055555555554,1,726345,1206789,4606,3366
OGL,Georgetown,,GY,6.8069444444444445,-58.10666666666667,1,7810,11954,42,42
OGM,Ustupo Island,,PA,9.1375,-77.93333333333334,0,0,0,0,0
OGN,Yonaguni,,JP,24.466944444444444,122.97777777777777,1,0,0,0,0
OGO,Abengourou,,CI,6.7333333333333325,-3.4833333333333334,0,0,0,0,0
OGR,Bongor,,TD,10.289444444444444,15.383333333333333,0,0,0,0,0
OGS,Ogdensburg,NY,US,44.68194444444444,-75.46583333333334,1,4525,4485,9,8
OGU,Ordu Giresun,,TR,40.966944444444444,38.08583333333333,1,42642,64798,385,358
OGV,Ongava,,NA,-19.32111111111111,15.901944444444444,0,0,0,0,0
OGX,Ouargla,,DZ,31.92388888888889,5.410555555555556,1,1003,1510,40,40
OGZ,Vladikavkaz,,RU,43.205000000000005,44.60666666666667,1,22438,18157,34,34
OHA,Ohakea,,NZ,-40.20638888888889,175.38777777777776,0,0,0,0,0
OHB,Moramanga,,MG,-18.916944444444447,48.718611111111116,0,0,0,0,0
OHD,Ohrid,,MK,41.18,20.742222222222225,1,353,718,94,92
OHE,Mohe,,CN,52.91638888888889,122.42222222222223,1,288,994,35,37
OHH,Okha,,RU,53.516666666666666,142.88333333333333,1,0,0,9,9
OHI,Oshakati,,NA,-17.783333333333335,15.7,0,0,0,0,0
OHO,Okhotsk,,RU,59.41416666666667,143.05722222222224,1,0,0,5,5
OHR,Wyk Auf Fohr,,DE,54.68527777777778,8.531944444444445,0,0,0,0,0
OHS,Sohar,,OM,24.38611111111111,56.62555555555556,0,0,0,4,4
OHT,Kohat,,PK,33.56666666666667,71.45,0,0,0,0,0
OIA,Ourilandia do Norte,PA,BR,-6.764166666666667,-51.04833333333333,0,0,0,0,0
OIC,Norwich,NY,US,42.53333333333333,-75.51666666666667,0,0,0,0,0
OIM,Oshima,,JP,34.78194444444444,139.36027777777778,1,0,0,0,0
OIR,Okushiri,,JP,42.07166666666667,139.43305555555554,1,924,1296,21,21
OIT,Oita,,JP,33.47944444444445,131.73722222222221,1,192434,211294,470,502
OJU,Tojo Una Una,,ID,-0.8641666666666666,121.62666666666667,0,0,0,0,0
OKA,Okinawa,,JP,26.333333333333332,127.83333333333333,1,2695550,3771992,3372,3286
OKB,Fraser Island,QL,AU,-25.0,153.28333333333333,0,0,0,0,0
OKC,Oklahoma City,OK,US,35.4,-97.61666666666666,1,615842,489517,4800,5055
OKE,Okierabu,,JP,27.432222222222222,128.70583333333332,1,3499,4656,38,32
OKF,Okaukuejo,,NA,-19.166666666666668,15.933333333333334,0,0,0,0,0
OKG,Okoyo,,CG,-1.4666666666666668,15.066666666666666,0,0,0,0,0
OKH,Oakham,,GB,52.666666666666664,-0.7166666666666667,0,0,0,0,0
OKI,Oki,,JP,36.18111111111111,133.32472222222222,1,4323,5672,7,6
OKJ,Okayama,,JP,34.75694444444444,133.8552777777778,1,135796,141001,405,427
OKK,Kokomo,IN,US,40.53333333333333,-86.06666666666666,0,0,0,0,0
OKL,Oksibil,,ID,-4.908333333333334,140.63055555555556,1,0,0,2,2
OKM,Okmulgee,OK,US,35.61666666666667,-95.96666666666667,0,0,0,0,0
OKN,Okondja,,GA,-0.6666666666666666,13.666666666666666,0,0,0,0,0
OKP,Oksapmin,,PG,-5.233333333333333,142.23333333333332,0,0,0,0,0
OKQ,Okaba,,ID,-8.1,139.7,0,0,0,0,0
OKR,Yorke Island,QL,AU,-9.752777777777778,143.40555555555557,1,13,16,86,100
OKS,Oshkosh,NE,US,41.4,-102.33333333333333,0,0,0,0,0
OKT,Oktiabrsky,,RU,54.43333333333333,53.38333333333333,0,0,0,0,0
OKU,Mokuti Lodge,,NA,-18.808333333333334,17.05,0,0,0,0,0
OKV,Okao,,PG,-5.561111111111111,141.03666666666666,0,0,0,0,0
OKY,Oakey,QL,AU,-27.411388888888887,151.73527777777775,0,0,0,0,0
OLA,Orland,,NO,63.69888888888889,9.60388888888889,1,626,927,27,30
OLB,Olbia,,IT,40.89861111111111,9.517777777777779,1,117841,125195,4182,4145
OLC,Sao Paula de Olivenca,AM,BR,-3.4697222222222224,-68.9213888888889,1,13,73,0,0
OLD,Old Town,ME,US,44.95,-68.66666666666667,0,0,0,0,0
OLE,Olean,NY,US,42.24111111111111,-78.3711111111111,0,0,0,0,0
OLF,Wolf Point,MT,US,48.094722222222224,-105.57583333333334,1,847,989,12,12
OLG,Maasai Mara,,KE,-1.5661111111111112,34.885555555555555,1,1,0,40,40
OLH,Old Harbor,AK,US,57.205000000000005,-153.29916666666668,1,0,0,7,7
OLI,Olafsvik,,IS,64.9113888888889,-23.823055555555555,0,0,0,0,0
OLJ,Olpoi,,VU,-14.881666666666668,166.55833333333334,1,0,0,0,0
OLK,Fuerte Olimpo,,PY,-21.045833333333334,-57.882777777777775,0,0,0,0,0
OLL,Oyo,,CG,-1.2258333333333336,15.910277777777779,0,0,0,0,0
OLM,Olympia,WA,US,46.9675,-122.90527777777778,0,0,0,0,0
OLN,Sarmiento,CB,AR,-45.583333333333336,-69.0,0,0,0,0,0
OLO,Olomouc,,CZ,49.58833333333334,17.208333333333332,0,0,0,0,0
OLP,Olympic Dam,SA,AU,-30.485,136.87666666666667,1,0,0,11,8
OLQ,Olsobip,,PG,-5.383333333333334,141.5,0,0,0,0,0
OLR,Salerno Air Base,,AF,33.36361111111111,69.95527777777778,0,0,0,0,0
OLS,Nogales,AZ,US,31.418055555555558,-110.8475,1,0,0,0,0
OLU,Columbus,NE,US,41.45,-97.33333333333333,0,0,0,0,0
OLV,Olive Branch,MS,US,34.97888888888889,-89.78694444444444,0,0,2,0,0
OLX,Maasai Mara,,KE,-1.4088888888888889,35.11055555555556,1,0,0,44,57
OLY,Olney/Noble,IL,US,38.71666666666667,-88.08333333333333,0,0,0,0,0
OLZ,Olekminsk,,RU,60.40083333333333,120.47083333333333,1,0,0,14,13
OMA,Omaha,NE,US,41.3,-95.9,1,681075,442168,6227,5113
OMB,Omboue,,GA,-1.5747222222222221,9.262777777777778,0,0,0,0,0
OMC,Ormoc,,PH,11.0525,124.56527777777778,0,0,0,0,0
OMD,Oranjemund,,NA,-28.586666666666666,16.44638888888889,1,200,1525,4,3
OME,Nome,AK,US,64.51222222222222,-165.4452777777778,1,2052,2980,130,119
OMF,Mafraq,,JO,32.333333333333336,36.233333333333334,0,0,0,0,0
OMG,Omega,,NA,-18.0,22.066666666666666,0,0,0,0,0
OMH,Urumiyeh,,IR,37.66222222222222,45.06361111111111,1,1513,3721,22,24
OMI,Omidiyeh,,IR,30.833333333333332,49.53333333333333,0,0,0,0,0
OMK,Omak,WA,US,48.4,-119.53333333333333,0,0,0,0,0
OML,Omkalai,,PG,-6.183333333333334,144.96666666666667,0,0,0,0,0
OMM,Marmul,,OM,18.138333333333332,55.18,1,0,0,0,0
OMN,Zomin,,UZ,40.00861111111111,68.41694444444445,0,0,0,2,2
OMO,Mostar,,BA,43.282777777777774,17.84583333333333,1,9581,14539,11,11
OMR,Oradea,,RO,47.025277777777774,21.9025,1,64199,23082,43,36
OMS,Omsk,,RU,54.966944444444444,73.31055555555555,1,84395,43592,215,220
OMY,Thbeng Meanchey,,KH,13.816666666666666,104.96666666666667,0,0,0,0,0
ONA,Winona,MN,US,44.083333333333336,-91.65,0,0,0,0,0
ONB,Ononge,,PG,-8.583333333333334,147.2,0,0,0,0,0
OND,Ondangwa,,NA,-17.880555555555556,15.947222222222223,1,459,373,4,4
ONE,Onepusu,,SB,-9.166666666666666,161.06666666666666,0,0,0,0,0
ONG,Mornington Island,QL,AU,-16.661666666666665,139.17055555555555,1,301,315,22,22
ONH,Oneonta,NY,US,42.45,-75.11666666666666,0,0,0,0,0
ONI,Moanamani,,ID,-3.9833333333333334,136.08333333333334,0,0,0,0,0
ONJ,Odate/Noshiro,,JP,40.19194444444444,140.3713888888889,1,5410,5524,78,62
ONK,Olenek,,RU,68.51472222222222,112.48,1,0,0,4,4
ONL,O'Neill,NE,US,42.469166666666666,-98.68694444444445,0,0,0,0,0
ONM,Socorro,NM,US,34.05,-106.88333333333334,0,0,0,0,0
ONO,Ontario,OR,US,44.016666666666666,-117.01666666666667,0,0,0,0,0
ONP,Newport,OR,US,44.583333333333336,-124.05,0,0,0,0,0
ONQ,Zonguldak,,TR,41.50555555555555,32.08861111111111,1,12237,14174,15,13
ONR,Monkira,QL,AU,-24.816666666666666,140.53333333333333,0,0,0,0,0
ONS,Onslow,WA,AU,-21.66888888888889,115.1125,1,20657,772,78,52
ONU,Ono-i-Lau,,FJ,-20.65,-178.7,0,0,0,0,0
ONX,Colon,,PA,9.366666666666667,-79.9,0,0,0,0,0
ONY,Olney,TX,US,33.36666666666667,-98.75,0,0,0,0,0
OOA,Oskaloosa,IA,US,41.28333333333333,-92.63333333333334,0,0,0,0,0
OOD,Koodaideri Mine,WA,AU,-22.522222222222222,119.09555555555555,1,0,0,0,0
OOK,Toksook Bay,AK,US,60.54111111111111,-165.0875,1,0,0,2,2
OOL,Gold Coast,QL,AU,-28.16444444444444,153.50472222222223,1,1474851,1542298,5025,5264
OOM,Cooma,NS,AU,-36.300555555555555,148.9738888888889,0,0,0,0,0
OOR,Mooraberree,QL,AU,-25.245,140.98083333333332,0,0,0,0,0
OOT,Onotoa,,KI,-1.7963888888888888,175.52611111111113,1,0,0,2,2
OPA,Kopasker,,IS,66.31083333333333,-16.466666666666665,0,0,0,0,0
OPB,Open Bay,,PG,-4.8,151.7,0,0,0,0,0
OPI,Oenpelli,NT,AU,-12.333333333333334,133.08333333333334,0,0,0,0,0
OPL,Opelousas,LA,US,30.55,-92.1,0,0,0,0,0
OPO,Porto,,PT,41.23555555555556,-8.678055555555554,1,5206320,5310398,21285,21775
OPP,Salinopolis,PA,BR,-0.6966666666666667,-47.33694444444445,1,15,57,9,9
OPS,Sinop,MT,BR,-11.885,-55.586111111111116,1,86473,49630,143,156
OPU,Balimo,,PG,-8.051944444444445,142.93972222222223,0,0,0,0,0
OPW,Opuwo,,NA,-18.066666666666666,13.833333333333334,0,0,0,0,0
ORA,Oran,SA,AR,-23.15,-64.31666666666666,0,0,0,0,0
ORB,Orebro,,SE,59.22361111111111,15.038055555555555,1,0,0,4,4
ORC,Orocue,,CO,4.9,-71.33333333333333,0,0,0,0,0
ORE,Orleans,,FR,47.8975,2.1641666666666666,0,0,0,0,0
ORF,Norfolk,VA,US,36.9,-76.2,1,856363,594531,6399,5869
ORH,Worcester,MA,US,42.266666666666666,-71.87416666666665,1,77176,55756,209,188
ORI,Port Lions,AK,US,57.88444444444444,-152.85305555555556,1,0,1,7,7
ORJ,Orinduik,,GY,4.716666666666667,-60.03333333333333,0,0,0,0,0
ORK,Cork,,IE,51.84138888888889,-8.49111111111111,1,425176,412054,682,725
ORL,Orlando,FL,US,28.533333333333335,-81.35,1,8039144,12924663,42374,41279
ORM,Northampton,,GB,52.305277777777775,-0.7927777777777778,1,0,0,0,0
ORN,Oran,,DZ,35.61666666666667,-0.6166666666666667,1,181349,305913,674,647
ORO,Yoro,,HN,15.125,-87.14166666666668,0,0,0,0,0
ORP,Orapa,,BW,-21.266111111111112,25.32,0,0,0,0,0
ORR,Yorketown,SA,AU,-35.03333333333333,137.6,0,0,0,0,0
ORS,Orpheus Island,QL,AU,-18.633333333333333,146.48333333333332,0,0,0,0,0
ORT,Northway,AK,US,62.96138888888889,-141.9283333333333,1,0,0,1,1
ORU,Oruro,,BO,-17.9525,-67.07583333333334,1,1383,1611,4,5
ORV,Noorvik,AK,US,66.81694444444445,-161.02916666666667,1,25,11,5,3
ORW,Ormara,,PK,25.3,64.58333333333333,0,0,0,0,0
ORX,Oriximina,PA,BR,-1.6666666666666665,-55.833333333333336,1,1,5,10,10
ORZ,Orange Walk,,BZ,18.075555555555557,-88.54861111111111,0,0,0,0,0
OSA,Osaka,,JP,34.78333333333333,135.43333333333334,1,15727033,20279292,6392,6244
OSB,Osage Beach,MO,US,38.15,-92.61666666666666,0,0,0,0,0
OSC,Oscoda,MI,US,44.43333333333333,-83.33333333333333,0,0,0,0,0
OSD,Are/Ostersund,,SE,63.19444444444444,14.500277777777777,1,41994,54105,936,942
OSE,Omora,,PG,-7.833333333333333,147.08333333333334,0,0,0,0,0
OSF,Podolsk,,RU,55.5075,37.50416666666667,0,0,0,0,0
OSG,Ossima,,PG,-2.9166666666666665,141.3,0,0,0,0,0
OSH,Oshkosh,WI,US,43.983333333333334,-88.55,0,0,1,0,0
OSI,Osijek,,HR,45.46277777777778,18.810277777777777,1,11995,18208,21,21
OSJ,Maasai Mara,,KE,-1.3786111111111112,35.37833333333333,1,0,0,35,52
OSK,Oskarshamn,,SE,57.35055555555556,16.498055555555556,0,0,0,0,0
OSL,Oslo,,NO,59.9,10.616666666666667,1,7776332,6925866,32299,32745
OSM,Mosul,,IQ,36.30583333333333,43.1475,0,0,0,0,0
OSN,Osan,,KR,37.090833333333336,127.02972222222222,0,0,0,0,0
OSO,Osborne Mine,QL,AU,-22.081666666666667,140.55694444444447,0,0,0,0,0
OSR,Ostrava,,CZ,49.69611111111111,18.111111111111114,1,30793,26062,146,142
OSS,Osh,,KG,40.60888888888889,72.79333333333334,1,131011,427744,360,305
OST,Oostende/Brugge,,BE,51.19972222222222,2.875277777777778,1,7194,9377,1028,1028
OSW,Orsk,,RU,51.072500000000005,58.595555555555556,1,0,0,5,5
OSX,Kosciusko,MS,US,33.083333333333336,-89.55,0,0,0,0,0
OSY,Namsos,,NO,64.47166666666666,11.570555555555556,1,1995,2169,56,63
OSZ,Koszalin,,PL,54.05,16.266666666666666,0,0,0,0,0
OTA,Mota,,ET,11.066666666666666,37.88333333333333,0,0,0,0,0
OTC,Bol,,TD,13.433333333333334,14.733333333333333,0,0,0,0,0
OTD,Contadora Island,,PA,8.629166666666666,-79.03472222222221,0,0,0,0,0
OTG,Worthington,MN,US,43.65,-95.58333333333333,0,0,0,0,0
OTH,North Bend,OR,US,43.41722222222222,-124.2461111111111,1,9714,10064,13,13
OTI,Morotai Island,,ID,2.05,128.31666666666666,1,0,0,2,2
OTJ,Otjiwarongo,,NA,-20.430555555555557,16.662499999999998,0,0,0,0,0
OTK,Tillamook,OR,US,42.418055555555554,-123.81416666666667,0,0,0,0,0
OTL,Boutilimit,,MR,17.533333333333335,-14.716666666666667,0,0,0,0,0
OTM,Ottumwa,IA,US,41.1,-92.45,0,0,0,0,0
OTN,Oaktown,IN,US,38.86666666666667,-87.43333333333334,0,0,0,0,0
OTO,Wulan,,CN,39.031666666666666,107.98916666666666,0,0,0,0,0
OTQ,Otog Front Banner,,CN,38.175,107.39527777777778,0,0,0,0,0
OTR,Coto 47,,CR,8.601944444444444,-82.96888888888888,0,0,0,0,0
OTS,Anacortes,WA,US,48.5,-122.61666666666666,1,0,0,9,13
OTT,Cotriguacu,MT,BR,-9.899444444444445,-58.581944444444446,0,0,0,0,0
OTU,Remedios,,CO,6.9833333333333325,-74.71666666666667,0,0,0,0,0
OTV,Ontong Java Atoll,,SB,-5.5075,159.52583333333334,0,0,0,0,0
OTY,Oria,,PG,-6.583333333333333,155.68333333333334,0,0,0,0,0
OTZ,Kotzebue,AK,US,66.88861111111112,-162.59416666666667,1,1319,1452,141,123
OUA,Ouagadougou,,BF,12.353333333333333,-1.5125,1,83756,143435,355,320
OUD,Oujda,,MA,34.78722222222222,-1.9238888888888888,1,184827,228345,826,745
OUE,Ouesso,,CG,1.6166666666666667,16.033333333333335,1,0,0,1,1
OUG,Ouahigouya,,BF,13.566666666666666,-2.4333333333333336,0,0,0,0,0
OUH,Oudtshoorn,,ZA,-33.6025,22.188333333333333,0,0,0,0,0
OUI,Ouessant,,FR,48.46333333333334,-5.063888888888889,1,39,77,6,6
OUK,Out Skerries,,GB,60.42527777777777,-0.7491666666666666,0,0,0,0,0
OUL,Oulu,,FI,64.93,25.354444444444447,1,49718,58861,982,958
OUM,Oum Hadjer,,TD,13.266666666666667,19.716666666666665,0,0,0,0,0
OUN,Norman,OK,US,35.15833333333333,-97.46666666666667,0,0,0,0,0
OUR,Batouri,,CM,4.470833333333333,14.356944444444444,0,0,0,0,0
OUS,Ourinhos,SP,BR,-22.983333333333334,-49.86666666666667,0,0,0,0,0
OUT,Bousso,,TD,10.483333333333333,16.716666666666665,0,0,0,0,0
OUU,Ouanga,,GA,-2.9833333333333334,10.3,0,0,0,0,0
OUZ,Zouerate,,MR,22.75777777777778,-12.476111111111111,1,0,0,5,5
OVA,Bekily,,MG,-24.233333333333334,45.3,0,0,0,0,0
OVB,Novosibirsk,,RU,55.0125,82.65055555555556,1,929298,552442,1225,1221
OVD,Asturias,,ES,43.56361111111111,-6.034722222222222,1,517481,442296,2336,2243
OVE,Oroville,CA,US,39.483333333333334,-121.63333333333334,0,0,0,0,0
OVG,Overberg,,ZA,-34.56666666666667,20.25,0,0,0,0,0
OVL,Ovalle,,CL,-30.4,-71.2,0,0,0,0,0
OVR,Olavarria,BA,AR,-36.888888888888886,-60.22777777777778,0,0,0,0,0
OVS,Sovetsky,,RU,61.32527777777778,63.603611111111114,1,0,0,6,5
OWA,Owatonna,MN,US,44.11666666666667,-93.25,0,0,0,0,0
OWB,Owensboro,KY,US,37.74,-87.16694444444445,1,8211,5703,8,8
OWD,Norwood,MA,US,42.19166666666666,-71.17611111111111,1,0,0,0,0
OWE,Owendo,,GA,0.2833333333333333,9.5,0,0,0,0,0
OWK,Norridgewock,ME,US,44.71666666666667,-69.8,0,0,0,0,0
OXB,Bissau,,GW,11.89472222222222,-15.653611111111111,1,73163,95382,140,95
OXC,Oxford,CT,US,41.478611111111114,-73.13527777777779,0,0,0,0,0
OXD,Oxford,OH,US,39.5,-84.73333333333333,0,0,0,0,0
OXF,Oxford,,GB,51.83694444444445,-1.32,1,2186,2223,0,0
OXO,Orientos,QL,AU,-28.133333333333333,141.53333333333333,0,0,0,0,0
OXR,Oxnard/Ventura,CA,US,34.2,-119.2,0,1,1,0,0
OXY,Morney,QL,AU,-25.366666666666667,141.46666666666667,0,0,0,0,0
OYA,Goya,CR,AR,-29.10611111111111,-59.219166666666666,0,0,0,0,0
OYC,Camopi,,GF,3.1727777777777777,-52.337500000000006,0,0,0,0,0
OYE,Oyem,,GA,1.5430555555555554,11.581388888888888,0,0,0,0,0
OYG,Moyo,,UG,3.65,31.716666666666665,0,0,0,0,0
OYK,Oiapoque,AP,BR,3.8666666666666667,-51.8,0,0,0,0,0
OYL,Moyale,,KE,3.4694444444444446,39.10194444444445,0,0,0,0,0
OYN,Ouyen,VI,AU,-36.93194444444444,142.31666666666666,0,0,0,0,0
OYO,Tres Arroyos,BA,AR,-38.36666666666667,-60.25,0,0,0,0,0
OYP,St-Georges (Oyapock),,GF,3.9,-51.8,0,0,0,0,0
OZA,Ozona,TX,US,30.7,-101.2,0,0,0,0,0
OZC,Ozamiz,,PH,8.17861111111111,123.84166666666667,1,95935,155646,49,53
OZG,Zagora,,MA,30.26388888888889,-5.853055555555555,1,1016,1323,21,28
OZH,Zaporizhia,,UA,47.86694444444444,35.315555555555555,0,0,0,0,0
OZP,Moron,,ES,37.175,-5.615833333333333,0,0,0,0,0
OZR,Fort Rucker/Ozark,AL,US,31.433333333333334,-85.61666666666666,1,0,0,0,0
OZZ,Ouarzazate,,MA,30.939166666666665,-6.9094444444444445,1,17245,26939,148,88
PAA,Pa-an,,MM,16.89388888888889,97.67500000000001,0,0,0,0,0
PAB,Bilaspur,CT,IN,22.0,82.06666666666666,1,0,0,4,4
PAD,Paderborn/Lippstadt,,DE,51.61416666666667,8.616388888888888,1,109846,78794,379,287
PAE,Everett,WA,US,47.919444444444444,-122.28361111111111,1,77847,51413,532,748
PAF,Pakuba,,UG,2.2008333333333336,31.551666666666666,1,186,333,6,64
PAG,Pagadian,,PH,7.83,123.46111111111111,1,48894,56519,31,34
PAH,Paducah,KY,US,37.06027777777778,-88.77305555555556,1,9305,8756,10,8
PAJ,Para Chinar,,PK,33.913888888888884,70.08333333333333,0,0,0,0,0
PAK,Hanapepe,HI,US,21.916666666666668,-159.58333333333334,0,0,0,0,0
PAL,Palanquero,,CO,5.483333333333333,-74.65,0,0,0,0,0
PAN,Pattani,,TH,6.783333333333333,101.16666666666667,0,0,0,0,0
PAO,Palo Alto,CA,US,37.461666666666666,-122.11583333333333,0,0,0,0,0
PAP,Port au Prince,,HT,18.58,-72.2925,1,146536,112300,319,308
PAQ,Palmer,AK,US,61.6,-149.11666666666667,0,0,0,0,0
PAR,Paris,,FR,48.86666666666667,2.3333333333333335,1,32442347,32491883,106678,107299
PAS,Paros,,GR,37.01027777777778,25.128611111111113,1,29259,42273,112,106
PAT,Patna,BR,IN,25.591388888888886,85.08805555555556,1,1241215,1676228,343,328
PAU,Pauk,,MM,21.45,94.51666666666667,0,0,0,0,0
PAV,Paulo Afonso,BA,BR,-9.400833333333333,-38.25055555555556,1,3425,3194,83,83
PAW,Pambwa,,PG,-10.583333333333334,151.08333333333334,0,0,0,0,0
PAX,Port-De-Paix,,HT,19.933333333333334,-72.84166666666667,0,0,0,0,0
PAY,Pamol,,MY,6.0,117.4,0,0,0,0,0
PAZ,Poza Rica,,MX,20.601944444444445,-97.46305555555556,1,0,0,4,5
PBB,Paranaiba,MS,BR,-19.666666666666668,-51.18333333333333,0,0,0,0,0
PBC,Puebla,,MX,19.158055555555553,-98.37138888888889,1,83383,81092,164,172
PBD,Porbandar,GJ,IN,21.648611111111112,69.65722222222223,0,0,0,0,0
PBE,Puerto Berrio,,CO,6.483333333333333,-74.48333333333333,0,0,0,0,0
PBF,Pine Bluff,AR,US,34.18333333333333,-91.93333333333334,0,0,0,0,0
PBG,Plattsburgh,NY,US,44.652499999999996,-73.46888888888888,1,14641,9061,166,158
PBH,Paro,,BT,27.403055555555554,89.42472222222223,1,4016,4360,302,269
PBI,West Palm Beach,FL,US,26.683333333333334,-80.1,1,690458,625339,7358,6912
PBJ,Paama,,VU,-16.431944444444447,168.23583333333332,1,5,7,3,3
PBL,Puerto Cabello,,VE,10.480555555555556,-68.07249999999999,0,0,0,0,0
PBM,Paramaribo,,SR,5.833333333333333,-55.166666666666664,1,61431,110197,212,206
PBN,Porto Amboim,,AO,-10.716666666666667,13.75,0,0,0,0,0
PBO,Paraburdoo,WA,AU,-23.171944444444446,117.74666666666667,1,1847,2955,95,92
PBP,Islita,,CR,9.856666666666666,-85.3711111111111,0,0,0,0,0
PBQ,Pimenta Bueno,RO,BR,-11.634722222222221,-61.16888888888889,0,0,0,0,0
PBR,Puerto Barrios,,GT,15.731944444444444,-88.5,1,662,889,41,48
PBT,Puerto Leda,,PY,-20.616666666666667,-58.026944444444446,0,0,0,0,0
PBU,Putao,,MM,27.33,97.4263888888889,1,49,65,14,14
PBV,Portos dos Gauchos,MT,BR,-11.516666666666667,-57.333333333333336,0,0,0,0,0
PBX,Porto Alegre do Norte,MT,BR,-10.860833333333334,-51.68444444444444,0,0,0,0,0
PBY,Long Island/Palm Bay,QL,AU,-20.283333333333335,148.83333333333334,0,0,0,0,0
PBZ,Plettenberg Bay,,ZA,-34.088055555555556,23.326666666666668,1,3853,4128,63,63
PCA,Portage Creek,AK,US,58.905833333333334,-157.71499999999997,0,0,0,0,0
PCB,Pondok Cabe,,ID,-6.35,106.76666666666667,0,0,0,0,0
PCC,Puerto Rico,,CO,1.9166666666666665,-75.16666666666667,0,0,0,0,0
PCD,Prairie du Chien,WI,US,43.016666666666666,-91.11666666666666,0,0,0,0,0
PCF,Potchefstroom,,ZA,-26.668055555555558,27.084722222222222,0,0,0,0,0
PCH,Palacios,,HN,15.955,-84.9413888888889,0,0,0,0,0
PCJ,Puerto La Victoria,,PY,-22.282777777777778,-57.92861111111111,0,0,0,0,0
PCL,Pucallpa,,PE,-8.378055555555555,-74.57416666666666,1,41216,53350,497,488
PCM,Playa del Carmen,,MX,20.55,-87.11666666666666,0,0,0,0,0
PCN,Picton,,NZ,-41.34722222222222,173.9561111111111,1,0,0,15,15
PCO,La Ribera,,MX,23.583333333333332,-109.5,0,0,0,0,0
PCP,Principe Island,,ST,1.6630555555555555,7.411666666666667,1,438,458,28,28
PCQ,Phongsaly,,LA,21.64638888888889,101.9,1,0,0,1,1
PCR,Puerto Carreno,,CO,6.184722222222223,-67.49305555555556,1,0,0,8,8
PCS,Picos,PI,BR,-7.083333333333333,-41.46666666666667,0,0,0,0,0
PCT,Princeton/Rocky Hill,NJ,US,40.399166666666666,-74.6588888888889,0,0,0,0,0
PCU,Poplarville,MS,US,30.516666666666666,-89.70555555555556,0,0,0,0,0
PCV,Punta Chivato,,MX,27.083333333333332,-112.0,0,0,0,0,0
PDA,Puerto Inirida,,CO,3.8536111111111113,-67.90611111111112,1,0,0,8,8
PDB,Pedro Bay,AK,US,59.795833333333334,-154.12361111111113,1,0,0,2,1
PDC,Mueo,,NC,-21.35,165.0,0,0,0,0,0
PDD,Ponta do Ouro,,MZ,-26.833333333333332,32.833333333333336,0,0,0,0,0
PDE,Pandie Pandie,SA,AU,-26.133333333333333,139.38333333333333,0,0,0,0,0
PDF,Prado,BA,BR,-17.35,-39.21666666666667,0,0,0,0,0
PDG,Padang,,ID,-0.875,100.35194444444444,1,250423,248298,225,188
PDI,Pindiu,,PG,-6.5,147.58333333333334,0,0,0,0,0
PDL,Ponta Delgada,,PT,37.74111111111111,-25.697777777777777,1,421148,516967,2050,1972
PDM,Pedasi,,PA,7.553333333333333,-80.0213888888889,1,1,3,1,1
PDN,Parndana,SA,AU,-35.8,137.21666666666667,0,0,0,0,0
PDO,Pendopo,,ID,-3.283333333333333,103.83333333333333,0,0,0,0,0
PDP,Punta Del Este,,UY,-34.856944444444444,-55.100833333333334,1,21744,65958,74,72
PDR,Presidente Dutra,MA,BR,-5.3,-44.46666666666667,0,0,0,0,0
PDS,Piedras Negras,,MX,28.6275,-100.53527777777778,1,1157,1655,7,6
PDT,Pendleton,OR,US,45.695277777777775,-118.83694444444444,1,3009,3215,3,3
PDU,Paysandu,,UY,-32.36666666666667,-58.05,0,0,0,0,0
PDV,Plovdiv,,BG,42.06777777777778,24.850833333333334,1,0,0,21,21
PDX,Portland,OR,US,45.58861111111111,-122.5975,1,3741616,2927167,21207,20908
PDZ,Pedernales,,VE,9.966666666666667,-62.233333333333334,0,0,0,0,0
PEA,Penneshaw,SA,AU,-35.733333333333334,137.93333333333334,0,0,0,0,0
PEB,Pebane,,MZ,-17.25,38.18333333333333,0,0,0,0,0
PEC,Pelican,AK,US,57.95777777777778,-136.23055555555555,1,0,0,49,46
PED,Pardubice,,CZ,50.013333333333335,15.73861111111111,1,0,2,7,7
PEE,Perm,,RU,57.91444444444444,56.02111111111111,1,89451,52524,107,104
PEF,Peenemuende,,DE,54.166666666666664,13.766666666666667,0,0,0,0,0
PEG,Perugia,,IT,43.09722222222222,12.510277777777778,1,0,1,128,112
PEH,Pehuajo,BA,AR,-35.8,-61.88333333333333,0,0,0,0,0
PEI,Pereira,,CO,4.812777777777778,-75.73944444444444,1,637979,631634,2597,3001
PEL,Pelaneng,,LS,-30.55,27.916666666666668,0,0,0,0,0
PEM,Puerto Maldonado,,PE,-12.616388888888888,-69.22916666666667,1,37786,36253,338,391
PEN,Penang,,MY,5.2972222222222225,100.27666666666667,1,5473456,4778410,1785,1866
PEP,Peppimenarti,NT,AU,-14.15,130.1,0,0,0,0,0
PEQ,Pecos,TX,US,31.388333333333332,-103.51444444444445,0,0,0,0,0
PER,Perth,WA,AU,-31.940277777777776,115.96694444444445,1,5713093,5232211,7863,7919
PES,Petrozavodsk,,RU,61.88527777777778,34.15472222222222,1,0,0,40,39
PET,Pelotas,RS,BR,-31.71833333333333,-52.32972222222222,1,27005,26983,142,137
PEU,Puerto Lempira,,HN,15.262222222222222,-83.78444444444445,1,59,107,8,9
PEV,Pecs,,HU,45.989444444444445,18.242222222222225,0,0,0,0,0
PEW,Peshawar,,PK,33.99388888888889,71.51444444444445,1,481262,373829,472,381
PEX,Pechora,,RU,65.11944444444444,57.13055555555555,1,0,0,2,2
PEY,Penong,SA,AU,-31.916666666666668,133.01666666666668,0,0,0,0,0
PEZ,Penza,,RU,53.11055555555556,45.021388888888886,1,6927,5398,26,24
PFA,Harbin,,CN,45.59916666666667,126.65833333333335,0,0,0,0,0
PFB,Passo Fundo,RS,BR,-28.244444444444447,-52.32916666666667,1,64582,38600,118,152
PFC,Pacific City,OR,US,45.2,-123.95,0,0,0,0,0
PFJ,Patreksfjordur,,IS,65.55583333333333,-23.965,0,0,0,0,0
PFM,Primrose,AB,CA,55.39083333333333,-111.12055555555555,0,0,0,0,0
PFO,Paphos,,CY,34.71805555555556,32.48583333333333,1,62280,83683,2121,2055
PFQ,Parsabad,,IR,39.60583333333334,47.87638888888889,1,0,0,2,2
PFR,Ilebo,,CD,-4.316666666666666,20.566666666666666,0,0,0,0,0
PGA,Page,AZ,US,36.924166666666665,-111.44777777777779,1,3465,5446,19,14
PGB,Pangoa,,PG,-7.016666666666667,141.55,0,0,0,0,0
PGC,Petersburg,WV,US,39.0,-79.11666666666666,0,0,0,0,0
PGD,Punta Gorda,FL,US,26.91777777777778,-81.99527777777777,1,1239,1948,1851,1863
PGE,Yegepa,,PG,-7.133333333333334,146.15,0,0,0,0,0
PGF,Perpignan,,FR,42.740833333333335,2.8697222222222223,1,5595,6054,139,130
PGH,Pantnagar,UT,IN,29.031944444444445,79.47361111111111,1,0,0,9,9
PGI,Chitato,,AO,-7.35,20.95,0,0,0,0,0
PGK,Pangkalpinang,,ID,-2.163611111111111,106.13916666666667,1,48906,45195,143,126
PGL,Pascagoula,MS,US,30.383333333333333,-88.5,0,0,0,0,0
PGM,Port Graham,AK,US,59.349722222222226,-151.8311111111111,1,0,0,14,14
PGN,Pangia,,PG,-6.35,144.11666666666667,0,0,0,0,0
PGO,Pagosa Springs,CO,US,37.266666666666666,-107.05,0,0,0,0,0
PGP,Porto Alegre,,ST,0.03333333333333333,6.533333333333333,0,0,0,0,0
PGQ,Pekaulang,,ID,0.9177777777777776,128.38305555555556,1,0,0,0,0
PGR,Paragould,AR,US,36.05,-90.5,0,0,0,0,0
PGS,Peach Springs,AZ,US,35.53333333333333,-113.41666666666667,0,0,0,0,0
PGU,Asaloyeh,,IR,27.379444444444445,52.73777777777778,1,0,0,20,29
PGV,Greenville,NC,US,35.63583333333333,-77.38416666666667,1,29466,22781,46,54
PGX,Perigueux,,FR,45.1975,0.8152777777777778,0,0,0,0,0
PGZ,Ponta Grossa,PR,BR,-25.052500000000002,-50.18888888888888,1,2410,1905,9,12
PHA,Phanrang,,VN,11.616666666666667,108.95,0,0,0,0,0
PHB,Parnaiba,PI,BR,-2.893333333333333,-41.73111111111111,1,508,755,20,32
PHC,Port Harcourt,,NG,5.015555555555555,6.949722222222222,1,33114,75508,95,83
PHD,New Philadelphia,OH,US,40.46666666666667,-81.43333333333334,0,0,0,0,0
PHE,Port Hedland,WA,AU,-20.37777777777778,118.62638888888888,1,63111,80187,389,431
PHF,Newport News/Williamsburg,VA,US,37.13194444444444,-76.49305555555556,1,55679,42534,58,62
PHG,Port Harcourt City,,NG,4.845277777777778,7.021111111111111,0,50,82,0,0
PHI,Pinheiro,MA,BR,-2.5166666666666666,-45.083333333333336,0,0,0,0,0
PHK,Pahokee,FL,US,26.816666666666666,-80.65,0,0,0,0,0
PHL,Philadelphia,PA,US,39.88333333333333,-75.23333333333333,1,5402403,4108212,27991,26540
PHN,Port Huron,MI,US,42.9,-82.53333333333333,0,0,0,0,0
PHO,Point Hope,AK,US,68.34888888888888,-166.79944444444445,1,7,0,6,4
PHP,Philip,SD,US,44.03333333333333,-101.65,0,0,0,0,0
PHQ,Phosphate Hill,QL,AU,-21.811666666666667,139.92333333333332,1,0,0,0,0
PHR,Pacific Harbour,,FJ,-18.256666666666668,178.05,0,0,0,0,0
PHS,Phitsanulok,,TH,16.783055555555556,100.27916666666667,1,203392,232008,26,26
PHT,Paris,TN,US,36.333333333333336,-88.38333333333334,0,0,0,0,0
PHU,Phuvinh,,VN,11.29861111111111,106.80416666666666,0,0,0,0,0
PHW,Phalaborwa,,ZA,-23.936944444444446,31.15611111111111,0,0,0,0,0
PHX,Phoenix,AZ,US,33.43333333333333,-112.03333333333333,1,6039357,5903180,39514,34541
PHY,Phetchabun,,TH,16.676944444444445,101.19500000000001,0,0,0,0,0
PIA,Peoria,IL,US,40.66416666666667,-89.69333333333334,1,82109,60638,669,665
PIC,Pine Cay,,TC,21.916666666666668,-71.98333333333333,0,0,0,0,0
PIF,Pingtung,,TW,22.700277777777778,120.48194444444445,0,0,0,0,0
PIH,Pocatello,ID,US,42.90972222222222,-112.59583333333333,1,9292,8376,91,61
PIL,Pilar,,PY,-26.85,-58.31666666666667,0,0,0,0,0
PIM,Pine Mountain,GA,US,32.833333333333336,-84.85,0,0,0,0,0
PIN,Parintins,AM,BR,-2.6738888888888885,-56.778055555555554,1,541,641,8,8
PIO,Pisco,,PE,-13.745,-76.22027777777778,1,0,0,0,0
PIP,Pilot Point,AK,US,57.56666666666667,-157.56666666666666,1,0,0,0,0
PIQ,Pipillipai,,GY,5.333333333333333,-60.333333333333336,0,0,0,0,0
PIR,Pierre,SD,US,44.382777777777775,-100.28583333333333,1,6183,6717,18,36
PIS,Poitiers,,FR,46.583333333333336,0.3333333333333333,1,3726,4220,13,12
PIT,Pittsburgh,PA,US,40.43333333333333,-79.98333333333333,1,1908543,1296313,14721,11545
PIU,Piura,,PE,-5.2058333333333335,-80.61638888888888,1,77719,102439,1224,1226
PIV,Pirapora,MG,BR,-17.33888888888889,-44.93333333333333,0,0,0,0,0
PIW,Pikwitonei,MB,CA,55.589444444444446,-97.16361111111112,0,0,0,0,0
PIX,Pico Island,,PT,38.55444444444444,-28.441388888888888,1,19997,31358,143,142
PIZ,Point Lay,AK,US,69.73277777777778,-163.0052777777778,1,0,0,1,1
PJA,Pajala,,SE,67.24555555555555,23.06888888888889,1,95,85,10,14
PJB,Payson,AZ,US,34.26111111111111,-111.34166666666667,0,0,0,0,0
PJC,Pedro Juan Caballero,,PY,-22.552500000000002,-55.70388888888889,0,0,0,0,0
PJG,Panjgur,,PK,26.954444444444444,64.1325,0,0,0,0,0
PJM,Puerto Jimenez,,CR,8.536111111111111,-83.30138888888888,1,388,598,224,212
PKA,Napaskiak,AK,US,60.70666666666667,-161.77361111111114,1,0,0,2,2
PKB,Parkersburg,WV,US,39.345,-81.43916666666667,1,5574,4510,16,18
PKC,Petropavlovsk,,RU,53.169444444444444,158.45083333333332,1,26840,12662,68,72
PKD,Park Rapids,MN,US,46.9,-95.06666666666666,0,0,0,0,0
PKE,Parkes,NS,AU,-33.13138888888889,148.23916666666665,1,553,727,5,5
PKF,Park Falls,WI,US,45.93333333333333,-90.43333333333334,0,0,0,0,0
PKG,Pangkor,,MY,4.244722222222222,100.55333333333333,0,0,0,0,0
PKH,Portochelion,,GR,37.29888888888889,23.148888888888887,0,0,0,0,0
PKJ,Playa Grande,,GT,15.6425,-90.76194444444444,0,0,0,0,0
PKK,Pakokku,,MM,21.333333333333332,95.1,0,0,0,0,0
PKL,Pakatoa Island,,NZ,-36.35,174.15,0,0,0,0,0
PKM,Port Kaituma,,GY,8.333333333333334,-59.63333333333333,0,0,0,0,0
PKN,Pangkalanbun,,ID,-2.705277777777778,111.67333333333333,1,0,0,67,45
PKO,Parakou,,BJ,9.356944444444444,2.609166666666667,0,0,0,0,0
PKP,Puka Puka,,PF,-14.809444444444445,-138.8127777777778,1,0,0,29,30
PKR,Pokhara,,NP,28.200555555555553,83.98138888888889,1,11730,16825,29,29
PKT,Port Keats,NT,AU,-14.25,129.53333333333333,0,0,0,0,0
PKU,Pekanbaru,,ID,0.4608333333333333,101.44444444444444,1,474066,367930,375,368
PKV,Pskov,,RU,57.78388888888889,28.395555555555553,1,0,0,6,5
PKW,Selebi-Phikwe,,BW,-22.05,27.816666666666666,0,0,0,0,0
PKY,Palangkaraya,,ID,-2.225,113.94277777777778,1,49258,49269,76,74
PKZ,Pakse,,LA,15.131944444444445,105.78138888888888,1,32940,23547,24,24
PLA,Planadas,,CO,3.3,-75.7,0,0,0,0,0
PLC,Planeta Rica,,CO,8.4,-75.6,0,0,0,0,0
PLD,Playa Samara/Carrillo,,CR,9.870555555555557,-85.48166666666667,0,0,0,0,0
PLE,Paiela,,PG,-5.383333333333334,142.98333333333332,0,0,0,0,0
PLF,Pala,,TD,9.383333333333333,14.933333333333334,0,0,0,0,0
PLH,Plymouth,,GB,50.422777777777775,-4.105833333333333,1,6352,7664,0,0
PLI,Palm Island,,VC,12.583333333333334,-61.38333333333333,0,0,0,0,0
PLJ,Placencia,,BZ,16.537222222222223,-88.3611111111111,1,6165,5402,4724,9916
PLK,Branson,MO,US,36.61666666666667,-93.21666666666667,0,0,0,0,0
PLM,Palembang,,ID,-2.8983333333333334,104.7,1,184049,180059,356,308
PLN,Pellston,MI,US,45.57083333333334,-84.79666666666667,1,7170,6750,50,50
PLO,Port Lincoln,SA,AU,-34.60527777777778,135.8802777777778,1,8309,10717,85,87
PLP,La Palma,,PA,8.403611111111111,-78.14222222222223,0,0,0,0,0
PLQ,Klaipeda/Palanga,,LT,55.973333333333336,21.093888888888888,1,88194,140485,179,199
PLR,Pell City,AL,US,33.583333333333336,-86.28333333333333,0,0,0,0,0
PLS,Providenciales,,TC,21.77361111111111,-72.26583333333333,1,138633,248764,805,690
PLT,Plato,,CO,9.8,-74.78333333333333,0,0,0,0,0
PLV,Poltava,,UA,49.56944444444445,34.395833333333336,0,0,0,0,0
PLW,Palu,,ID,-0.918611111111111,119.90972222222223,1,91839,96260,170,124
PLX,Semey,,KZ,50.35138888888889,80.23444444444445,1,0,0,5,5
PLY,Plymouth,IN,US,41.36666666666667,-86.3,0,0,0,0,0
PLZ,Port Elizabeth,,ZA,-33.985,25.61722222222222,1,104569,121255,361,375
PMA,Pemba,,TZ,-5.2572222222222225,39.811388888888885,1,1175,1743,68,67
PMB,Pembina,ND,US,48.95,-97.23333333333333,0,0,0,0,0
PMC,Puerto Montt,,CL,-41.43888888888888,-73.09388888888888,1,149388,175639,3393,3057
PMD,Palmdale,CA,US,34.629444444444445,-118.08444444444444,0,33,14,0,0
PME,Portsmouth,,GB,50.833333333333336,-1.05,0,0,0,0,0
PMG,Ponta Pora,MS,BR,-22.533333333333335,-55.733333333333334,1,1739,1569,15,14
PMH,Portsmouth,OH,US,38.833333333333336,-82.85,0,0,0,0,0
PMI,Palma De Mallorca,,ES,39.55166666666666,2.738888888888889,1,4422242,4474964,22095,21982
PMK,Palm Island,QL,AU,-18.755277777777778,146.58138888888888,0,0,0,19,17
PML,Port Moller,AK,US,56.005,-160.5613888888889,1,0,0,0,0
PMN,Pumani,,PG,-9.816666666666666,149.46666666666667,0,0,0,0,0
PMO,Palermo,,IT,38.18194444444444,13.099444444444446,1,1582201,1559789,4705,4883
PMP,Pimaga,,PG,-6.366666666666666,143.55,0,0,0,0,0
PMQ,Perito Moreno,SC,AR,-46.53805555555555,-70.9786111111111,0,0,0,0,0
PMR,Palmerston North,,NZ,-40.32,175.6136111111111,1,35888,35890,592,818
PMS,Palmyra,,SY,34.56666666666667,38.3,0,0,0,0,0
PMT,Paramakatoi,,GY,4.833333333333333,-59.55,0,0,0,0,0
PMV,Porlamar,,VE,10.913055555555555,-63.9675,1,537,1566,80,83
PMW,Palmas,TO,BR,-10.29138888888889,-48.356944444444444,1,219356,169560,264,283
PMX,Palmer,MA,US,42.15,-72.31666666666666,0,0,0,0,0
PMY,Puerto Madryn,CB,AR,-42.759166666666665,-65.10277777777777,1,11601,58806,59,59
PMZ,Palmar,,CR,8.950833333333332,-83.46861111111112,0,0,0,0,0
PNA,Pamplona,,ES,42.769999999999996,-1.6463888888888891,1,92370,89091,163,139
PNB,Porto Nacional,TO,BR,-10.716666666666667,-48.4,0,0,0,0,0
PNC,Ponca City,OK,US,36.733333333333334,-97.1,0,0,0,0,0
PND,Punta Gorda,,BZ,16.102222222222224,-88.80833333333334,1,1796,2118,53,56
PNG,Paranagua,PR,BR,-25.516666666666666,-48.5,0,0,0,0,0
PNH,Phnom Penh,,KH,11.546666666666667,104.84416666666667,1,4694409,4950498,989,1011
PNI,Pohnpei,,FM,6.985277777777778,158.20888888888888,1,3273,5957,64,66
PNJ,Penglai,,CN,37.80888888888889,120.81277777777777,0,0,0,0,0
PNK,Pontianak,,ID,-0.15083333333333332,109.4038888888889,1,122341,130895,231,204
PNL,Pantelleria,,IT,36.815,11.968055555555555,1,959,1911,54,51
PNN,Princeton,ME,US,45.20277777777778,-67.56666666666666,0,0,0,0,0
PNP,Popondetta,,PG,-8.804444444444446,148.30916666666667,1,517,603,14,14
PNQ,Pune,MH,IN,18.58222222222222,73.91972222222223,1,2825246,2418532,852,996
PNR,Pointe-Noire,,CG,-4.816111111111111,11.886666666666667,1,22551,28919,165,181
PNS,Pensacola,FL,US,30.466666666666665,-87.18333333333334,1,542904,446410,3559,3103
PNT,Puerto Natales,,CL,-51.67111111111111,-72.52833333333334,1,38124,58549,239,208
PNU,Panguitch,UT,US,37.833333333333336,-112.38333333333334,0,0,0,0,0
PNV,Panevezys,,LT,55.733333333333334,24.383333333333333,0,0,0,0,0
PNX,Sherman/Denison,TX,US,33.63333333333333,-96.58333333333333,0,0,0,0,0
PNY,Pondicherry,PY,IN,11.968333333333334,79.81138888888889,1,4612,15144,4,4
PNZ,Petrolina,PE,BR,-9.362499999999999,-40.56916666666667,1,130801,87757,330,315
POA,Porto Alegre,RS,BR,-29.994444444444447,-51.171388888888885,1,1950196,1584609,7127,7384
POB,Fort Bragg,NC,US,35.1675,-79.01833333333333,0,0,0,0,0
POC,La Verne,CA,US,34.09138888888889,-117.78222222222222,0,0,0,0,0
POD,Podor,,SN,16.676111111111112,-14.962499999999999,0,0,0,0,0
POE,Fort Polk,LA,US,31.033333333333335,-93.18333333333334,0,0,0,0,0
POF,Poplar Bluff,MO,US,36.75,-90.5,0,0,0,0,0
POG,Port Gentil,,GA,-0.7116666666666667,8.754444444444445,1,493,654,61,55
POH,Pocahontas,IA,US,42.75,-94.65,0,0,0,0,0
POI,Potosi,,BO,-19.543333333333337,-65.7238888888889,0,0,0,0,0
POJ,Patos de Minas,MG,BR,-18.671666666666667,-46.490833333333335,1,365,348,12,6
POL,Pemba,,MZ,-12.986666666666666,40.5225,1,7738,7820,104,104
POM,Port Moresby,,PG,-9.443333333333333,147.22,1,220361,219147,327,338
PON,Poptun,,GT,16.35,-89.43333333333334,0,0,0,0,0
POO,Pocos de Caldas,MG,BR,-21.841388888888886,-46.5675,0,0,0,0,0
POP,Puerto Plata,,DO,19.75777777777778,-70.57,1,122221,191532,475,441
POR,Pori,,FI,61.461666666666666,21.8,1,1281,2091,15,15
POS,Port of Spain,,TT,10.595277777777778,-61.33722222222222,1,400347,437134,1316,1302
POT,Port Antonio,,JM,18.2,-76.53333333333333,0,0,0,0,0
POU,Poughkeepsie,NY,US,41.62777777777778,-73.8825,0,144,15,0,0
POV,Presov,,SK,49.0,21.25,0,0,0,0,0
POW,Portoroz,,SI,45.473333333333336,13.615,0,0,0,0,0
POY,Powell/Lovell,WY,US,44.86666666666667,-108.8,0,0,0,0,0
POZ,Poznan,,PL,52.40611111111111,16.925,1,546725,487196,764,842
PPA,Pampa,TX,US,35.53333333333333,-100.95,0,0,0,0,0
PPB,President Prudente,SP,BR,-22.175,-51.42472222222222,1,68966,42280,195,102
PPC,Prospect Creek,AK,US,66.8,-150.63333333333333,0,0,0,0,0
PPE,Puerto Penasco,,MX,31.351666666666667,-113.30611111111111,0,0,0,0,0
PPF,Parsons,KS,US,37.333333333333336,-95.5,0,0,0,0,0
PPG,Pago Pago,,AS,-14.33361111111111,-170.71249999999998,1,6661,13734,7,10
PPH,Peraitepuy,,VE,4.566666666666666,-61.483333333333334,0,0,0,0,0
PPI,Port Pirie,SA,AU,-33.233333333333334,138.0,0,0,0,0,0
PPJ,Panjang Island,,ID,-6.35,106.56666666666666,0,0,0,0,0
PPK,Petropavlovsk,,KZ,54.77444444444444,69.18388888888889,1,3852,4107,1,1
PPL,Phaplu,,NP,27.51722222222222,86.585,1,0,0,0,0
PPM,Pompano Beach,FL,US,26.233333333333334,-80.12777777777777,0,0,0,0,0
PPN,Popayan,,CO,2.4544444444444444,-76.60944444444443,1,10312,11374,29,28
PPP,Proserpine,QL,AU,-20.49416666666667,148.55305555555557,1,212171,175518,548,527
PPQ,Paraparaumu,,NZ,-40.901111111111106,174.98805555555555,1,1114,966,70,59
PPR,Pasir Pangarayan,,ID,0.8333333333333334,100.36666666666666,0,0,0,0,0
PPS,Puerto Princesa,,PH,9.742222222222221,118.75861111111111,1,612849,828515,227,250
PPT,Tahiti,,PF,-17.55388888888889,-149.60722222222222,1,195830,388273,2874,2854
PPU,Papun,,MM,18.066666666666666,97.45,0,0,0,0,0
PPV,Port Protection,AK,US,56.32555555555556,-133.60916666666665,1,0,0,1,3
PPW,Papa Westray,,GB,59.35138888888889,-2.9,0,0,0,0,0
PPX,Param,,PG,-9.995833333333332,149.59166666666667,0,0,0,0,0
PPY,Pouso Alegre,MG,BR,-22.28888888888889,-45.919444444444444,0,0,0,0,0
PPZ,Puerto Paez,,VE,6.2,-67.45,0,0,0,0,0
PQC,Phu Quoc,,VN,10.17,103.99333333333334,1,765305,1335618,945,977
PQD,Batticaloa,,LK,7.927777777777778,81.54166666666667,0,0,0,0,0
PQI,Presque Isle,ME,US,46.68888888888888,-68.04472222222222,1,6571,5467,28,23
PQM,Palenque,,MX,17.53388888888889,-91.98472222222222,0,0,0,0,0
PQQ,Port Macquarie,NS,AU,-31.435555555555556,152.86222222222221,1,33390,30614,95,84
PQS,Pilot Station,AK,US,61.93472222222222,-162.89916666666667,1,0,0,2,2
PQT,Qeqertaq,,GL,69.99694444444445,-51.305,1,0,0,0,0
PRA,Parana,ER,AR,-31.79361111111111,-60.48111111111111,1,7963,28458,36,45
PRB,Paso Robles,CA,US,35.666666666666664,-120.63333333333334,0,0,0,0,0
PRC,Prescott,AZ,US,34.654444444444444,-112.41972222222223,1,15211,16003,23,18
PRD,Pardoo Station,WA,AU,-20.133333333333333,119.58333333333333,0,0,0,0,0
PRE,Pore,,CO,5.7333333333333325,-71.98333333333333,0,0,0,0,0
PRG,Prague,,CZ,50.10111111111111,14.260277777777778,1,5048181,5582290,12675,13162
PRH,Phrae,,TH,18.131666666666668,100.16472222222222,0,0,0,0,0
PRI,Praslin Island,,SC,-4.319166666666667,55.69138888888889,1,52319,25052,189,176
PRK,Prieska,,ZA,-29.666666666666668,22.7,0,0,0,0,0
PRM,Portimao,,PT,37.14972222222222,-8.584166666666667,1,0,0,4,2
PRN,Pristina,,RS,42.57277777777778,21.035833333333336,1,367134,502858,2536,2517
PRO,Perry,IA,US,41.833333333333336,-94.1,0,0,0,0,0
PRP,Propriano,,FR,41.66138888888889,8.895,0,0,0,0,0
PRQ,President Roque Saenz Pena,CH,AR,-26.753611111111113,-60.492222222222225,0,0,0,0,0
PRR,Paruima,,GY,5.816666666666666,-61.016666666666666,0,0,0,0,0
PRS,Parasi,,SB,-9.641944444444444,161.42583333333332,1,2,1,2,1
PRU,Pyay,,MM,18.933333333333334,95.21666666666667,0,0,0,0,0
PRV,Prerov,,CZ,49.42583333333333,17.404722222222222,0,0,0,0,0
PRW,Prentice,WI,US,45.55,-90.28333333333333,0,0,0,0,0
PRX,Paris,TX,US,33.63333333333333,-95.45,0,0,0,0,0
PRY,Pretoria,,ZA,-25.65,28.216666666666665,0,55,95,0,0
PRZ,Prineville,OR,US,44.3,-120.85,0,0,0,0,0
PSA,Pisa,,IT,43.68277777777777,10.395555555555555,1,580102,462386,3551,3534
PSB,Philipsburg,PA,US,40.88333333333333,-78.08333333333333,0,0,0,0,0
PSC,Pasco,WA,US,46.266666666666666,-119.11666666666666,1,226484,145137,1846,2160
PSD,Port Said,,EG,31.283333333333335,32.233333333333334,0,0,0,0,0
PSE,Ponce,,PR,18.008333333333333,-66.56305555555555,1,69142,49180,122,103
PSF,Pittsfield,MA,US,42.427499999999995,-73.29222222222222,0,0,0,0,0
PSG,Petersburg,AK,US,56.80222222222222,-132.94361111111112,1,1491,1745,168,166
PSH,St Peter-Ording,,DE,54.30888888888889,8.686944444444444,0,0,0,0,0
PSI,Pasni,,PK,25.290555555555557,63.345,0,0,0,0,0
PSJ,Poso,,ID,-1.4183333333333334,120.65666666666667,0,0,0,0,0
PSK,Pulaski,VA,US,37.11666666666667,-80.68333333333334,0,0,0,0,0
PSL,Perth,,GB,56.439166666666665,-3.3722222222222222,0,2,2,0,0
PSN,Palestine,TX,US,31.75,-95.61666666666666,0,0,0,0,0
PSO,Pasto,,CO,1.396111111111111,-77.2911111111111,1,177387,126382,562,508
PSP,Palm Springs,CA,US,33.833333333333336,-116.5,1,471691,686254,4108,3840
PSR,Pescara,,IT,42.431666666666665,14.186666666666667,1,15612,18858,146,157
PSS,Posadas,MI,AR,-27.385833333333334,-55.970555555555556,1,35187,37547,225,300
PSU,Putussibau,,ID,0.8355555555555556,112.93722222222223,1,0,0,5,1
PSV,Papa Stour,,GB,60.32194444444445,-1.6933333333333334,0,0,0,0,0
PSW,Passos,MG,BR,-20.716666666666665,-46.61666666666667,0,0,0,0,0
PSX,Palacios,TX,US,28.7,-96.21666666666667,0,0,0,0,0
PSY,Stanley,,FK,-51.75,-59.0,0,0,0,0,0
PSZ,Puerto Suarez,,BO,-18.980555555555554,-57.823888888888895,0,0,0,0,0
PTA,Port Alsworth,AK,US,60.2025,-154.32333333333332,1,0,0,1,2
PTB,Petersburg,VA,US,37.18333333333333,-77.51666666666667,0,0,0,0,0
PTC,Port Alice,AK,US,55.791666666666664,-133.6,0,0,0,0,0
PTD,Port Alexander,AK,US,56.25,-134.65,0,0,0,0,0
PTF,Malolo Lailai Island,,FJ,-17.778333333333332,177.19722222222222,0,0,0,0,0
PTG,Polokwane,,ZA,-23.845277777777778,29.45861111111111,1,11043,10944,114,134
PTH,Port Heiden,AK,US,56.95722222222223,-158.63722222222222,1,0,0,0,0
PTI,Port Douglas,QL,AU,-16.483611111111113,145.45138888888889,0,0,0,0,0
PTJ,Portland,VI,AU,-38.31944444444445,141.46666666666667,0,0,0,0,0
PTK,Pontiac,MI,US,42.665277777777774,-83.42,1,0,0,0,0
PTL,Punta Sal,,PE,-4.086944444444444,-81.02583333333334,0,0,0,0,0
PTM,Palmarito,,VE,7.566666666666666,-70.18333333333334,0,0,0,0,0
PTN,Patterson,LA,US,29.75,-91.30833333333334,0,0,0,0,0
PTO,Pato Branco,PR,BR,-26.21722222222222,-52.69444444444444,1,1014,1365,9,10
PTP,Pointe-a-Pitre,,GP,16.26527777777778,-61.53194444444444,1,266373,518949,711,603
PTQ,Porto de Moz,PA,BR,-1.738888888888889,-52.24444444444445,1,8,5,6,12
PTS,Pittsburg,KS,US,37.45,-94.73333333333333,0,0,0,0,0
PTT,Pratt,KS,US,37.7,-98.75,0,0,0,0,0
PTU,Platinum,AK,US,59.01638888888889,-161.8238888888889,1,0,0,2,2
PTV,Porterville,CA,US,36.03333333333333,-119.06666666666666,0,0,0,0,0
PTW,Pottstown,PA,US,40.260555555555555,-75.67166666666667,1,0,0,0,0
PTX,Pitalito,,CO,1.8569444444444445,-76.08694444444444,1,1,0,17,21
PTY,Panama City,,PA,8.966666666666667,-79.53333333333333,1,2229959,2407871,35136,35477
PTZ,Shell Mera,,EC,-1.5166666666666666,-78.04166666666667,0,0,0,0,0
PUA,Puas,,PG,-2.4,150.23333333333332,0,0,0,0,0
PUB,Pueblo,CO,US,38.28916666666667,-104.49666666666667,1,14415,12606,26,23
PUC,Price,UT,US,39.60277777777778,-110.75,0,0,0,0,0
PUD,Puerto Deseado,SC,AR,-47.734722222222224,-65.90333333333334,0,0,0,0,0
PUE,Puerto Obaldia,,PA,8.667222222222222,-77.41861111111112,0,0,0,0,0
PUF,Pau,,FR,43.38,-0.4186111111111112,1,60074,54717,565,500
PUG,Port Augusta,SA,AU,-32.50694444444444,137.71666666666667,0,0,13,0,0
PUI,Pureni,,PG,-5.833333333333333,142.83333333333334,0,0,0,0,0
PUJ,Punta Cana,,DO,18.5675,-68.36333333333333,1,1019482,2434067,4706,4054
PUK,Pukarua,,PF,-18.296111111111113,-137.01583333333335,1,2,0,40,40
PUL,Poulsbo,WA,US,47.733333333333334,-122.65,0,0,0,0,0
PUN,Punia,,CD,-1.3666666666666667,26.333333333333332,0,0,0,0,0
PUP,Po,,BF,11.166666666666666,-1.15,0,0,0,0,0
PUQ,Punta Arenas,,CL,-53.00277777777778,-70.85472222222222,1,182079,181180,2234,2040
PUR,Puerto Rico,,BO,-11.116666666666667,-67.5,0,0,0,0,0
PUS,Busan,,KR,35.17666666666666,128.9425,1,7096517,5829425,2160,2115
PUT,Puttaparthi,AP,IN,14.133333333333333,77.78333333333333,0,0,0,0,0
PUU,Puerto Asis,,CO,0.5052777777777778,-76.50083333333333,1,1867,2203,48,44
PUV,Poum,,NC,-20.25,164.05,0,0,0,0,0
PUW,Pullman/Moscow,WA,US,46.743611111111115,-117.1111111111111,1,33421,34744,148,132
PUX,Puerto Varas,,CL,-41.349444444444444,-72.94694444444445,0,0,0,0,0
PUY,Pula,,HR,44.89361111111111,13.922222222222222,1,48758,62319,514,506
PUZ,Puerto Cabezas,,NI,14.046388888888888,-83.38666666666667,1,0,0,1,1
PVA,Providencia Island,,CO,13.358611111111111,-81.35833333333333,1,0,4,2,2
PVC,Provincetown,MA,US,42.07277777777778,-70.22027777777778,1,9403,9579,99,86
PVD,Providence,RI,US,41.725,-71.42583333333334,1,480372,325007,2773,2498
PVE,El Porvenir,,PA,9.55888888888889,-78.9475,0,0,0,0,0
PVF,Placerville,CA,US,38.71666666666667,-120.8,0,0,0,0,0
PVH,Porto Velho,RO,BR,-8.709166666666667,-63.90222222222222,1,209813,122299,167,177
PVI,Paranavai,PR,BR,-23.066666666666666,-52.46666666666667,0,0,0,0,0
PVK,Preveza/Lefkada,,GR,38.925555555555555,20.76527777777778,1,3633,4482,657,629
PVL,Pikeville,KY,US,37.56083333333333,-82.56972222222223,0,0,0,0,0
PVO,Portoviejo,,EC,-1.0333333333333334,-80.46666666666667,0,0,1,0,0
PVR,Puerto Vallarta,,MX,20.68,-105.25416666666666,1,1524395,2152100,4332,3599
PVS,Provideniya,,RU,64.37972222222221,-173.24249999999998,0,0,0,0,0
PVU,Provo,UT,US,40.21888888888889,-111.7225,1,764,342,368,444
PVW,Plainview,TX,US,34.166666666666664,-101.71666666666667,0,0,0,0,0
PWD,Plentywood,MT,US,48.766666666666666,-104.55,0,0,0,0,0
PWE,Pevek,,RU,69.78333333333333,170.59694444444446,1,79,76,10,10
PWI,Pawe,,ET,11.333333333333334,36.416666666666664,0,0,0,0,0
PWL,Purwokerto,,ID,-7.45,109.41666666666667,0,0,0,0,0
PWM,Portland,ME,US,43.64611111111111,-70.30916666666667,1,311111,225631,2260,1940
PWN,Pitts Town,,BS,22.833333333333332,-74.35,0,0,0,0,0
PWO,Pweto,,CD,-8.466666666666667,28.883333333333333,0,0,0,0,0
PWQ,Pavlodar,,KZ,52.19499999999999,77.07388888888889,1,3923,4415,6,10
PWR,Port Walter,AK,US,56.38333333333333,-134.65,0,0,0,0,0
PWT,Bremerton,WA,US,47.483333333333334,-122.75,0,0,0,0,0
PWY,Pinedale,WY,US,42.79527777777778,-109.80694444444444,0,0,0,0,0
PXA,Lahat,,ID,-4.033055555555555,103.23916666666666,0,0,0,0,0
PXH,Prominent Hill,SA,AU,-29.71611111111111,135.52444444444447,0,0,0,0,0
PXL,Polacca,AZ,US,35.833333333333336,-110.38333333333334,0,0,0,0,0
PXM,Puerto Escondido,,MX,15.876944444444446,-97.08916666666666,1,164427,240530,590,456
PXO,Porto Santo,,PT,33.07083333333334,-16.349722222222223,1,16610,21646,503,476
PXR,Surin,,TH,14.866666666666667,103.5,0,0,0,0,0
PXU,Pleiku,,VN,14.004444444444445,108.01722222222222,1,33886,39223,341,343
PYA,Puerto Boyaca,,CO,5.939166666666667,-74.45722222222223,0,0,0,0,0
PYB,Jeypore,OR,IN,18.85,82.58333333333333,1,0,0,2,2
PYC,Playon Chico,,PA,9.309722222222224,-78.23361111111112,0,0,0,0,0
PYE,Penrhyn Atoll,,CK,-9.006666666666666,-158.03666666666666,1,0,0,0,0
PYG,Gangtok,SK,IN,27.227777777777778,88.58694444444444,1,2695,9856,2,2
PYH,Puerto Ayacucho,,VE,5.62,-67.6061111111111,1,0,0,2,2
PYJ,Polyarny,,RU,66.40055555555556,112.03027777777778,1,0,0,20,28
PYK,Karaj,,IR,35.778888888888886,50.82222222222222,0,0,0,0,0
PYL,Perry Island,AK,US,60.68333333333333,-147.91666666666666,0,0,0,0,0
PYM,Plymouth,MA,US,41.91138888888889,-70.72888888888889,1,857,395,10,2
PYN,Payan,,CO,1.8,-78.16666666666667,0,0,0,0,0
PYO,Putumayo,,EC,0.06666666666666667,-75.86666666666666,0,0,0,0,0
PYR,Pyrgos,,GR,37.920833333333334,21.2925,0,0,0,0,0
PYS,Paradise,CA,US,39.71055555555556,-120.61638888888888,0,0,0,0,0
PYT,Paracatu,MG,BR,-17.243055555555557,-46.88333333333333,1,0,0,5,6
PYV,Yaviza,,PA,8.133333333333333,-77.7,0,0,0,0,0
PYY,Pai,,TH,19.370833333333334,98.43555555555555,0,0,1,0,0
PZA,Paz de Ariporo,,CO,5.783333333333333,-71.81666666666666,0,0,0,0,0
PZB,Pietermaritzburg,,ZA,-29.648888888888887,30.398611111111112,1,16647,20387,308,224
PZE,Penzance,,GB,50.128055555555555,-5.518611111111111,1,225,711,0,0
PZH,Zhob,,PK,31.358333333333334,69.46361111111112,0,0,0,0,0
PZI,Panzhihua,,CN,26.540000000000003,101.79805555555555,1,1547,1820,28,27
PZK,Pukapuka Island,,CK,-10.915000000000001,-168.84083333333334,0,0,0,0,0
PZL,Phinda Game Reserve,,ZA,-27.849722222222223,32.309999999999995,0,0,0,0,0
PZO,Puerto Ordaz,,VE,8.288611111111111,-62.76027777777778,1,471,572,27,29
PZS,Temuco,,CL,-38.76694444444444,-72.63722222222223,0,1,0,0,0
PZU,Port Sudan,,SD,19.433611111111112,37.23416666666667,1,20529,23290,44,44
PZY,Piestany,,SK,48.62555555555556,17.828888888888887,0,110,0,0,0
QAQ,L'Aquila,,IT,42.38138888888889,13.309444444444445,0,0,0,0,0
QBC,Bella Coola,BC,CA,52.3875,-126.59583333333333,1,447,4172,29,19
QCU,Akunnaaq,,GL,68.74444444444444,-52.34055555555556,1,0,0,0,0
QCY,Coningsby,,GB,53.11666666666667,-0.16666666666666666,0,0,0,0,0
QDV,Jundiai,SP,BR,-23.181944444444447,-46.94361111111111,0,0,0,0,0
QFG,Eqalugaarsuit Heliport,,GL,60.624722222222225,-45.913333333333334,0,0,0,0,0
QFI,Iginniarfik,,GL,68.14722222222223,-53.169444444444444,1,0,0,0,0
QFN,Narsaq Kujalleq Heliport,,GL,60.004444444444445,-44.655277777777776,1,0,0,0,0
QFT,Qassiarsuk Heliport,,GL,61.14361111111111,-45.513333333333335,0,0,0,0,0
QFX,Igaliku Heliport,,GL,60.99111111111111,-45.42111111111111,0,0,0,0,0
QGP,Garanhuns,PE,BR,-8.834444444444445,-36.47138888888889,1,0,3,8,8
QGQ,Attu,,GL,67.94111111111111,-53.617222222222225,1,0,0,0,0
QHU,Husum,,DE,54.51,9.138333333333334,0,0,0,0,0
QIG,Iguatu,CE,BR,-6.347222222222222,-39.29388888888889,1,4,46,6,3
QJE,Kitsissuarsuit,,GL,68.8561111111111,-53.125277777777775,1,0,0,0,0
QJG,Itilleq,,GL,67.5,-53.0,1,0,0,0,0
QJH,Qassumiut Heliport,,GL,60.779444444444444,-47.15222222222222,0,0,0,0,0
QJI,Ikamiut,,GL,68.63222222222221,-51.835,1,0,0,0,0
QLR,Leiria,,PT,39.78333333333333,-8.816666666666666,0,0,0,0,0
QMK,Niaqornaarsuk,,GL,68.25,-52.88333333333333,1,0,0,0,0
QOQ,Saarloq Heliport,,GL,60.53805555555555,-46.02472222222222,0,0,0,0,0
QOW,Owerri,,NG,5.426944444444445,7.206111111111111,1,1965,3459,11,12
QPG,Singapore,,SG,1.3591666666666669,103.90916666666668,0,7,21,0,0
QPW,Kangaatsiaq,,GL,68.31277777777777,-53.46027777777778,1,0,0,0,0
QRO,Queretaro,,MX,20.61722222222222,-100.18555555555555,1,388856,399351,1315,996
QRW,Warri,,NG,5.598888888888888,5.820277777777777,1,1174,1182,3,3
QRY,Ikerasaarsuk,,GL,68.14111111111112,-53.44166666666666,1,0,0,0,0
QSC,Sao Carlos,SP,BR,-21.876944444444444,-47.90416666666667,0,0,0,0,0
QSF,Setif,,DZ,36.17805555555555,5.3244444444444445,1,30817,45956,79,76
QSR,Salerno,,IT,40.68222222222222,14.768055555555556,1,249,691,0,0
QSZ,Shache,,CN,38.24861111111111,77.06666666666666,1,321,389,39,37
QUB,Ubari,,LY,26.56833333333333,12.817777777777778,0,0,0,0,0
QUD,Damanhun,,EG,31.05,30.466666666666665,0,0,0,0,0
QUG,Chichester,,GB,50.85916666666667,-0.7591666666666667,0,0,0,0,0
QUO,Uyo,,NG,4.8738888888888905,8.09138888888889,1,565,806,18,15
QUP,Saqqaq,,GL,70.01194444444444,-51.93222222222222,1,0,0,0,0
QUV,Aappilattoq Nanortalik Heliport,,GL,60.14833333333333,-44.286944444444444,1,0,0,0,0
QUW,Ammassivik Heliport,,GL,60.59388888888889,-45.382777777777775,1,0,0,0,0
QUY,Wyton,,GB,52.35,-0.11666666666666668,0,0,0,0,0
QWG,Charlotte,NC,US,35.211111111111116,-80.66833333333334,0,0,0,0,0
RAA,Rakanda,,PG,-4.166666666666667,152.46666666666667,0,0,0,0,0
RAB,Rabaul,,PG,-4.34,152.37722222222223,1,2813,3575,39,30
RAC,Racine,WI,US,42.757777777777775,-87.82083333333333,0,0,0,0,0
RAE,Arar,,SA,30.906666666666666,41.138333333333335,1,18415,15572,162,163
RAF,Rafaela,SF,AR,-31.2825,-61.501666666666665,0,0,0,0,0
RAG,Raglan,,NZ,-37.8,174.88333333333333,0,0,0,0,0
RAH,Rafha,,SA,29.62638888888889,43.49055555555556,1,3325,3228,43,42
RAI,Praia,,CV,14.94138888888889,-23.484722222222224,1,172546,390373,569,443
RAJ,Rajkot,GJ,IN,22.309166666666666,70.77944444444444,0,50,137,0,0
RAK,Marrakech,,MA,31.606944444444444,-8.036388888888888,1,1844728,2877601,9655,9619
RAL,Riverside,CA,US,33.95,-117.43333333333334,1,296,84,0,0
RAM,Ramingining,NT,AU,-12.356388888888889,134.89749999999998,0,0,0,0,0
RAN,Ravenna,,IT,44.364444444444445,12.224722222222223,0,0,0,0,0
RAO,Ribeirao Preto,SP,BR,-21.134166666666665,-47.774166666666666,1,139667,89607,260,264
RAP,Rapid City,SD,US,44.03333333333333,-103.05,1,87811,72079,678,678
RAQ,Muna,,ID,-4.85,122.71666666666667,1,0,0,0,0
RAR,Rarotonga Island,,CK,-21.202777777777776,-159.79833333333332,1,40799,83959,430,416
RAS,Rasht,,IR,37.32333333333334,49.617777777777775,1,0,0,28,29
RAT,Raduzhny,,RU,62.16,77.32944444444443,0,0,0,0,0
RAV,Cravo Norte,,CO,6.316666666666666,-70.18333333333334,0,0,0,0,0
RAW,Arawa,,PG,-6.233333333333333,155.56666666666666,0,0,0,0,0
RAX,Oram,,PG,-9.672222222222222,148.03333333333333,0,0,0,0,0
RAZ,Rawala Kot,,PK,33.86666666666667,73.76666666666667,0,0,0,0,0
RBA,Rabat,,MA,34.05138888888889,-6.751388888888889,1,382848,451211,1178,1198
RBB,Borba,AM,BR,-4.4,-59.583333333333336,1,14,14,5,5
RBC,Robinvale,VI,AU,-34.65,142.78333333333333,0,0,0,0,0
RBE,Ratanankiri,,KH,13.666666666666666,106.98333333333333,0,0,0,0,0
RBF,Big Bear City,CA,US,34.266666666666666,-116.85,0,0,0,0,0
RBG,Roseburg,OR,US,43.233333333333334,-123.35,0,0,0,0,0
RBI,Rabi Island,,FJ,-17.033333333333335,178.91666666666666,0,0,0,0,0
RBJ,Rebun,,JP,45.45,141.05,0,0,0,0,0
RBK,Murrieta/Temecula,CA,US,33.57694444444445,-117.12916666666666,0,0,0,0,0
RBL,Red Bluff,CA,US,40.15,-122.25,0,0,0,0,0
RBM,Straubing,,DE,48.90083333333333,12.518055555555556,0,0,0,0,0
RBO,Robore,,BO,-18.333333333333332,-59.75,0,0,0,0,0
RBP,Rabaraba,,PG,-9.983333333333333,149.83333333333334,0,0,0,0,0
RBQ,Rurrenabaque,,BO,-14.426666666666666,-67.49888888888889,1,11,36,19,28
RBR,Rio Branco,AC,BR,-9.869166666666667,-67.89416666666668,1,119128,69538,101,92
RBS,Orbost,VI,AU,-37.7,148.5,0,0,0,0,0
RBT,Marsabit,,KE,2.3333333333333335,37.983333333333334,0,0,0,0,0
RBU,Roebourne,WA,AU,-20.766666666666666,117.15,0,0,0,0,0
RBV,Ramata Island,,SB,-8.167777777777777,157.64194444444445,1,1,3,1,2
RBW,Walterboro,SC,US,32.9,-80.66666666666667,0,0,0,0,0
RBX,Rumbek,,SS,6.825,29.66916666666667,0,0,0,0,0
RBY,Ruby,AK,US,64.72722222222222,-155.47,1,0,0,9,9
RBZ,Shakhrisabz,,UZ,39.03,66.77722222222222,0,0,0,0,0
RCB,Richards Bay,,ZA,-28.741111111111113,32.092222222222226,1,5572,7236,48,41
RCE,Roche Harbor,WA,US,48.61138888888889,-123.1413888888889,1,0,0,8,6
RCH,Riohacha,,CO,11.526111111111112,-72.92583333333334,1,64519,83919,331,360
RCK,Rockdale,TX,US,30.65,-97.0,0,0,0,0,0
RCL,Redcliffe,,VU,-15.471666666666668,167.83555555555557,1,0,0,0,0
RCM,Richmond,QL,AU,-20.70138888888889,143.11416666666665,1,81,100,4,4
RCN,American River,SA,AU,-35.78333333333333,137.78333333333333,0,0,0,0,0
RCO,Rochefort,,FR,45.88944444444444,-0.9825,0,0,0,0,0
RCQ,Reconquista,SF,AR,-29.210555555555555,-59.69083333333333,1,561,670,16,10
RCR,Rochester,IN,US,41.06666666666667,-86.21666666666667,0,0,0,0,0
RCS,Rochester,,GB,51.35194444444445,0.5033333333333333,0,0,0,0,0
RCT,Reed City,MI,US,43.9,-85.51666666666667,0,0,0,0,0
RCU,Rio Cuarto,CD,AR,-33.09444444444445,-64.26138888888889,1,2547,16599,12,12
RCY,Rum Cay,,BS,23.651666666666664,-74.845,0,0,0,0,0
RDA,Rockhampton Downs,NT,AU,-18.95,135.2,0,0,0,0,0
RDB,Red Dog,AK,US,68.02833333333334,-162.90861111111113,1,0,0,0,0
RDC,Redencao,PA,BR,-8.030277777777778,-49.980000000000004,0,0,0,0,0
RDD,Redding,CA,US,40.50888888888889,-122.29333333333334,1,46346,45236,110,96
RDE,Merdey,,ID,-1.5833333333333335,133.33333333333334,0,0,0,0,0
RDG,Reading,PA,US,40.37916666666667,-75.96666666666667,1,0,0,0,0
RDL,New Ismailia,,EG,30.409444444444443,33.151944444444446,0,0,0,0,0
RDM,Redmond/Bend,OR,US,44.25416666666667,-121.15,1,219157,174209,1898,2349
RDN,Redang Island,,MY,5.764166666666667,103.00472222222223,1,5,7,6,6
RDP,Durgapur,WB,IN,23.624166666666667,87.24222222222222,1,3643,3728,27,33
RDR,Grand Forks,ND,US,47.961111111111116,-97.40138888888889,0,0,0,0,0
RDS,Rincon de los Sauces,NE,AR,-37.38333333333333,-68.9,0,0,0,0,0
RDT,Richard-Toll,,SN,16.433333333333334,-15.65,0,0,0,0,0
RDU,Raleigh/Durham,NC,US,35.87777777777778,-78.7875,1,3613016,2448857,19350,15830
RDV,Red Devil,AK,US,61.786944444444444,-157.3452777777778,1,0,0,0,0
RDZ,Rodez,,FR,44.4075,2.4833333333333334,1,6889,6888,84,84
REA,Reao,,PF,-18.46611111111111,-136.43944444444446,1,3,3,40,40
REB,Rechlin,,DE,53.30638888888888,12.753055555555555,0,0,0,0,0
REC,Recife,PE,BR,-8.126666666666667,-34.92305555555555,1,1760605,1744861,6464,5809
RED,Reedsville/Lewistown,PA,US,40.68333333333333,-77.61666666666666,0,0,0,0,0
REG,Reggio di Calabria,,IT,38.07194444444445,15.653611111111111,1,97708,112219,213,215
REI,Regina,,GF,4.316666666666666,-52.13333333333333,0,0,0,0,0
REK,Reykjavik,,IS,64.15,-21.95,1,2337256,3812352,7527,7456
REL,Trelew,CB,AR,-43.21055555555556,-65.27027777777778,1,29023,31607,292,363
REN,Orenburg,,RU,51.795833333333334,55.45666666666667,1,7250,5096,103,96
REO,Rome,OR,US,42.59055555555556,-117.86722222222221,0,0,0,0,0
REP,Siem Reap,,KH,13.410555555555556,103.81277777777777,0,821840,1153672,0,0
REQ,Reko Diq,,PK,29.046944444444446,62.19555555555555,0,0,0,0,0
RER,Retalhuleu,,GT,14.521944444444445,-91.69666666666667,1,550,678,12,12
RES,Resistencia,CH,AR,-27.45,-59.05611111111111,1,26711,25838,292,319
RET,Rost,,NO,67.5275,12.103055555555555,1,302,509,54,51
REU,Reus,,ES,41.1475,1.1672222222222224,1,108,39,433,395
REW,Rewa,MP,IN,24.533333333333335,81.3,0,0,0,0,0
REX,Reynosa,,MX,26.00888888888889,-98.2286111111111,1,67264,55687,251,279
REY,Reyes,,BO,-14.316666666666666,-67.26666666666667,0,0,0,0,0
REZ,Resende,RJ,BR,-22.478055555555553,-44.48111111111111,0,0,0,0,0
RFA,Rafai,,CF,4.9833333333333325,23.916666666666668,0,0,0,0,0
RFG,Refugio,TX,US,28.3,-97.28333333333333,0,0,0,0,0
RFK,Rolling Fork,MS,US,32.96666666666667,-90.83333333333333,0,0,0,0,0
RFN,Raufarhofn,,IS,66.41666666666667,-15.916666666666666,0,0,0,0,0
RFP,Raiatea Island,,PF,-16.722777777777775,-151.46583333333334,1,2670,4659,482,505
RFR,Rio Frio,,CR,10.333333333333334,-83.88333333333334,0,0,0,0,0
RFS,Rosita,,NI,13.890555555555554,-84.40972222222223,0,0,0,0,0
RGA,Rio Grande,TF,AR,-53.777499999999996,-67.75,1,12235,9868,107,138
RGE,Porgera,,PG,-5.483333333333333,143.11666666666667,0,0,0,0,0
RGH,Balurghat,WB,IN,25.266666666666666,88.8,0,0,0,0,0
RGI,Rangiroa Island,,PF,-14.954166666666666,-147.66083333333333,1,1190,1973,233,219
RGK,Gorno-Altaysk,,RU,51.969166666666666,85.83638888888889,1,3860,3886,103,105
RGL,Rio Gallegos,SC,AR,-51.60888888888889,-69.31277777777777,1,21421,19444,200,215
RGN,Yangon,,MM,16.90722222222222,96.13333333333334,1,1647900,1869518,1042,1016
RGO,Chongjin,,KP,41.43416666666666,129.63444444444443,0,0,0,0,0
RGR,Ranger,TX,US,32.46666666666667,-98.68333333333334,0,0,0,0,0
RGS,Burgos,,ES,42.3575,-3.6208333333333336,1,254,264,1,2
RGT,Rengat,,ID,-0.35277777777777775,102.33472222222221,0,0,0,0,0
RHA,Reykholar,,IS,65.44972222222222,-22.229999999999997,0,0,0,0,0
RHD,Termas de Rio Hondo,SE,AR,-27.473611111111108,-64.90666666666667,1,611,1390,5,11
RHE,Reims,,FR,49.31027777777778,3.993888888888889,0,291,301,0,0
RHG,Ruhengeri,,RW,-1.5,29.633333333333333,0,0,0,0,0
RHI,Rhinelander,WI,US,45.63111111111111,-89.4675,1,5554,5698,36,36
RHL,Roy Hill,WA,AU,-22.633333333333333,119.96666666666667,0,0,0,0,0
RHN,Rosh Pinah,,NA,-27.966666666666665,16.7,0,0,0,0,0
RHO,Rhodes,,GR,36.40555555555555,28.08611111111111,1,308823,318590,4234,4100
RHP,Ramechhap,,NP,27.4,86.08333333333333,1,0,0,8,8
RHR,Ras al Khaimah Al Hamra SPB,,AE,25.690555555555555,55.77777777777778,0,0,0,0,0
RHT,Alxa Right Banner,,CN,39.213055555555556,101.64444444444445,0,0,0,0,0
RIA,Santa Maria,RS,BR,-29.711388888888887,-53.68805555555555,1,11098,8403,128,127
RIB,Riberalta,,BO,-11.010555555555555,-66.0736111111111,1,46,44,11,18
RIC,Richmond,VA,US,37.50527777777778,-77.31972222222223,1,1106085,732315,8131,6775
RID,Richmond,IN,US,39.75,-84.85,0,0,0,0,0
RIE,Rice Lake,WI,US,45.5,-91.73333333333333,0,0,0,0,0
RIF,Richfield,UT,US,38.75,-112.1,0,0,0,0,0
RIG,Rio Grande,RS,BR,-32.08111111111111,-52.164722222222224,0,0,0,0,0
RIH,Rio Hato,,PA,8.375277777777779,-80.12833333333333,1,1173,1812,45,27
RIJ,Rioja,,PE,-6.05,-77.15,0,0,0,0,0
RIL,Rifle,CO,US,39.52472222222222,-107.72527777777778,0,0,0,0,0
RIM,Rodriguez de Mendoza,,PE,-6.391944444444444,-77.50166666666667,0,0,0,0,0
RIN,Ringgi Cove,,SB,-8.125555555555556,157.14305555555555,0,0,0,0,0
RIO,Rio de Janeiro,RJ,BR,-22.9,-43.166666666666664,1,5156836,7213479,16465,16577
RIS,Rishiri,,JP,45.24194444444444,141.1863888888889,1,1079,1296,17,23
RIW,Riverton,WY,US,43.065555555555555,-108.46000000000001,1,5323,5201,18,21
RIX,Riga,,LV,56.92361111111111,23.97111111111111,1,1925067,1820625,2303,2204
RIY,Mukalla,,YE,14.662777777777778,49.375,1,0,0,9,9
RIZ,Rizhao,,CN,35.4,119.31666666666666,1,16677,11666,164,150
RJA,Rajahmundry,AP,IN,17.110000000000003,81.81944444444444,1,0,4,28,27
RJB,Rajbiraj,,NP,26.51,86.73472222222222,1,48,94,1,1
RJH,Rajshahi,,BD,24.43722222222222,88.61638888888888,1,29531,30035,9,9
RJI,Rajauri,JK,IN,33.368611111111115,74.3025,0,0,0,0,0
RJK,Rijeka,,HR,45.216944444444444,14.570277777777777,1,14089,22131,99,96
RJL,Logrono,,ES,42.46055555555556,-2.3205555555555555,1,13188,14962,14,20
RJM,Waisai,,ID,-0.26,130.64222222222222,0,0,0,0,0
RJN,Rafsanjan,,IR,30.297500000000003,56.05083333333333,0,0,0,0,0
RKA,Aratika,,PF,-15.485277777777776,-145.46777777777777,1,2,2,22,11
RKD,Rockland,ME,US,44.059444444444445,-69.09972222222221,1,4314,4609,45,45
RKH,Rock Hill,SC,US,34.93333333333333,-81.01666666666667,0,0,0,0,0
RKI,Rokot,,ID,-0.95,100.75,0,0,0,0,0
RKP,Rockport,TX,US,28.083333333333332,-97.03333333333333,0,0,0,0,0
RKR,Poteau,OK,US,35.05,-94.61666666666666,0,0,0,0,0
RKS,Rock Springs,WY,US,41.594722222222224,-109.06555555555555,1,5827,5230,23,34
RKT,Ras al Khaimah,,AE,25.613611111111112,55.93888888888888,1,1229942,1507391,76,101
RKU,Yule Island,,PG,-8.816666666666666,146.51666666666668,0,0,0,0,0
RKW,Rockwood,TN,US,35.916666666666664,-84.68333333333334,0,0,0,0,0
RKY,Rokeby,QL,AU,-13.65,142.61666666666667,0,0,0,0,0
RKZ,Xigaze/Rikaze,,CN,29.351944444444445,89.31,1,62,153,16,15
RLD,Richland,WA,US,46.30638888888888,-119.30416666666666,0,0,0,0,0
RLG,Rostock,,DE,53.918055555555554,12.278333333333334,1,1932,1449,8,8
RLK,Bayannur,,CN,40.92638888888889,107.7388888888889,1,1063,891,114,101
RLO,Merlo,SL,AR,-32.38444444444444,-65.18527777777778,1,611,1422,6,6
RLP,Rosella Plains,QL,AU,-18.433333333333334,144.46666666666667,0,0,0,0,0
RLR,Ranohira,,MG,-22.64527777777778,45.32361111111111,0,0,0,0,0
RLT,Arlit,,NE,18.790833333333335,7.365833333333333,0,0,0,0,0
RMA,Roma,QL,AU,-26.545,148.77472222222224,1,3053,2835,11,13
RMB,Buraimi,,OM,24.25,55.78333333333333,0,0,0,0,0
RMD,Ramagundam,TG,IN,18.766666666666666,79.4,0,0,0,0,0
RME,Rome,NY,US,43.2325,-75.40583333333333,0,0,0,0,0
RMF,Marsa Alam,,EG,25.557222222222222,34.58361111111111,1,53189,109560,1675,1463
RMG,Rome,GA,US,34.35,-85.16666666666667,0,0,0,0,0
RMI,Rimini,,IT,44.019444444444446,12.609444444444444,1,48,40,62,58
RMK,Renmark,SA,AU,-34.2,140.68333333333334,0,0,0,0,0
RMN,Rumginae,,PG,-5.916666666666667,141.3,0,0,0,0,0
RMO,Chisinau,,MD,46.92805555555555,28.930833333333336,0,0,0,789,813
RMP,Rampart,AK,US,65.50805555555556,-150.14194444444445,1,0,0,0,0
RMQ,Taichung,,TW,24.265,120.62083333333332,1,464572,584573,206,204
RMS,Ramstein,,DE,49.43694444444444,7.6002777777777775,0,0,0,0,0
RMT,Rimatara,,PF,-22.6375,-152.8052777777778,1,17,40,19,23
RMU,Murcia,,ES,37.803888888888885,-1.1272222222222223,1,2907,2605,804,820
RMY,Mariposa,CA,US,37.51083333333333,-120.03944444444444,0,0,0,0,0
RNA,Arona,,SB,-9.860833333333334,161.97972222222222,1,1,12,3,2
RNB,Ronneby/Karlskrona,,SE,56.266666666666666,15.265,1,12406,13919,208,205
RNC,McMinnville,TN,US,35.7,-85.83333333333333,0,0,0,0,0
RNE,Roanne,,FR,46.05277777777778,3.999722222222222,0,0,0,0,0
RNG,Rangely,CO,US,40.09388888888889,-108.76416666666667,0,0,0,0,0
RNH,New Richmond,WI,US,45.11666666666667,-92.53333333333333,0,0,0,0,0
RNI,Corn Island,,NI,12.17361111111111,-83.06027777777777,1,0,1,3,3
RNJ,Yoron,,JP,27.04388888888889,128.40194444444444,1,7285,9205,42,43
RNL,Rennell Island,,SB,-11.551111111111112,160.0638888888889,1,5,2,3,3
RNM,Qarn Alam,,OM,21.376944444444444,57.056666666666665,1,0,0,0,0
RNN,Bornholm,,DK,55.06333333333333,14.760277777777778,1,2203,5798,234,242
RNO,Reno,NV,US,39.49916666666667,-119.76805555555555,1,614348,584393,3565,3787
RNP,Rongelap Island,,MH,11.1575,166.8875,0,0,0,0,0
RNR,Robinson River,,PG,-10.15,148.81666666666666,0,0,0,0,0
RNS,Rennes,,FR,48.1,-1.6666666666666665,1,175796,163462,1220,1035
RNT,Renton,WA,US,47.528888888888886,-122.30138888888888,0,0,0,0,0
RNU,Ranau,,MY,5.95,116.66666666666667,0,0,0,0,0
RNZ,Rensselaer,IN,US,40.95,-87.15,0,0,0,0,0
ROA,Roanoke,VA,US,37.32555555555556,-79.97555555555556,1,136379,102393,995,835
ROC,Rochester,NY,US,43.11888888888889,-77.6725,1,652949,408217,4671,3721
ROD,Robertson,,ZA,-33.766666666666666,19.833333333333332,0,0,0,0,0
ROG,Rogers,AR,US,36.37111111111111,-94.10777777777777,0,0,0,0,0
ROH,Robinhood,QL,AU,-18.85,143.7,0,0,0,0,0
ROI,Roi Et,,TH,16.116666666666667,103.77388888888889,1,0,0,9,9
ROK,Rockhampton,QL,AU,-23.381944444444446,150.4752777777778,1,157730,114250,540,525
ROL,Roosevelt,UT,US,40.3,-109.98333333333333,0,0,0,0,0
ROM,Rome,,IT,41.9,12.483333333333333,1,18162297,19121662,34960,35009
RON,Paipa,,CO,6.3,-71.08333333333333,1,0,0,1,1
ROO,Rondonopolis,MT,BR,-16.586944444444445,-54.725,1,2130,1485,16,16
ROP,Rota,,MP,14.174444444444443,145.24249999999998,1,0,0,5,4
ROR,Koror,,PW,7.367222222222222,134.54416666666665,1,26045,74591,33,47
ROS,Rosario,SF,AR,-32.90361111111111,-60.78444444444444,1,364864,86697,450,397
ROT,Rotorua,,NZ,-38.106944444444444,176.3163888888889,1,27230,29239,323,314
ROU,Ruse,,BG,43.69472222222222,26.05666666666667,0,0,0,0,0
ROV,Rostov,,RU,47.493611111111115,39.92388888888889,0,0,0,0,0
ROW,Roswell,NM,US,33.30166666666666,-104.53055555555555,1,50839,15036,100,86
ROX,Roseau,MN,US,48.85,-95.76666666666667,0,0,0,0,0
ROY,Rio Mayo,CB,AR,-45.70472222222222,-70.25861111111111,0,0,0,0,0
ROZ,Rota,,ES,36.64527777777778,-6.349444444444444,0,0,0,0,0
RPA,Rolpa,,NP,28.7,82.65,0,0,0,0,0
RPB,Roper Bar,NT,AU,-14.75,134.55,0,0,0,0,0
RPM,Ngukurr,NT,AU,-14.716666666666667,134.75,0,0,0,0,0
RPN,Rosh Pina,,IL,32.983333333333334,35.56666666666667,0,0,0,0,0
RPR,Raipur,CT,IN,21.18027777777778,81.7388888888889,1,553404,534641,138,147
RPU,Coari,AM,BR,-4.883333333333333,-65.35111111111111,0,0,0,0,0
RPV,Roper Valley,NT,AU,-15.033333333333333,134.03333333333333,0,0,0,0,0
RPX,Roundup,MT,US,46.43333333333333,-108.53333333333333,0,0,0,0,0
RQA,Ruoqiang,,CN,38.974722222222226,88.00833333333334,1,0,2,10,10
RQW,Qayyarah,,IQ,35.76694444444444,43.125,0,0,0,0,0
RQY,Shivamogga,KA,IN,13.858055555555556,75.60555555555555,1,11,8,9,9
RRE,Marree,SA,AU,-29.65,138.06666666666666,0,0,0,0,0
RRG,Rodrigues Island,,MU,-19.75777777777778,63.361111111111114,1,7746,11919,247,253
RRI,Barora,,SB,-7.6,158.4,0,0,0,0,0
RRK,Rourkela,OR,IN,22.266666666666666,84.81666666666666,1,0,0,2,2
RRL,Merrill,WI,US,45.2,-89.7,0,0,0,0,0
RRM,Marromeu,,MZ,-18.333333333333332,35.93333333333333,0,0,0,0,0
RRR,Raroia,,PF,-16.045,-142.47694444444446,1,1,13,48,81
RRS,Roros,,NO,62.57888888888889,11.344722222222222,1,2141,2806,37,34
RRT,Warroad,MN,US,48.9,-95.3,0,0,0,0,0
RRV,Robinson River,NT,AU,-16.75,136.91666666666666,0,0,0,0,0
RSA,Santa Rosa,LP,AR,-36.58833333333334,-64.27583333333334,1,4926,5265,13,23
RSB,Roseberth,QL,AU,-25.783333333333335,139.61666666666667,0,0,0,0,0
RSD,Rock Sound,,BS,24.891666666666666,-76.17777777777778,1,2448,4024,136,94
RSH,Russian Mission,AK,US,61.77833333333333,-161.31972222222223,1,0,0,2,2
RSI,Red Sea Project,,SA,25.40694444444444,37.129444444444445,1,2183,2212,26,26
RSJ,Rosario,WA,US,48.64611111111111,-122.86999999999999,0,0,0,0,0
RSK,Ransiki,,ID,-1.5,134.25,0,0,0,0,0
RSL,Russell,KS,US,38.88333333333333,-98.85,0,0,0,0,0
RSN,Ruston,LA,US,32.516666666666666,-92.61666666666666,0,0,0,0,0
RSS,Damazin,,SD,11.785277777777777,34.336666666666666,0,0,0,0,0
RST,Rochester,MN,US,43.91027777777778,-92.49666666666667,1,55354,47291,799,978
RSU,Yeosu/Suncheon,,KR,34.842222222222226,127.61694444444444,1,36721,29971,22,22
RSX,Rouses Point,NY,US,44.984722222222224,-73.35222222222221,0,0,0,0,0
RTA,Rotuma Island,,FJ,-12.482777777777779,177.07166666666666,1,1871,2660,29,29
RTB,Roatan,,HN,16.316944444444445,-86.52305555555556,1,46387,85006,734,765
RTC,Ratnagiri,MH,IN,17.0,73.31666666666666,0,0,0,0,0
RTD,Placida,FL,US,26.866666666666667,-82.26666666666667,0,0,0,0,0
RTE,Sao Paulo,SP,BR,-23.509166666666665,-46.638333333333335,0,0,4,0,0
RTG,Ruteng,,ID,-8.596111111111112,120.47805555555556,1,0,0,5,4
RTI,Roti,,ID,-10.766944444444444,123.07527777777777,0,0,0,0,0
RTL,Spirit Lake,IA,US,43.416666666666664,-95.1,0,0,0,0,0
RTM,Rotterdam,,NL,51.95,4.433333333333334,1,188468,279793,1678,1994
RTN,Raton,NM,US,36.733333333333334,-104.5,0,0,0,0,0
RTP,Rutland Plains,QL,AU,-15.6,141.83333333333334,0,0,0,0,0
RTS,Rottnest Island,WA,AU,-32.006388888888885,115.53972222222222,0,0,0,0,0
RTW,Saratov,,RU,51.565,46.04666666666667,1,25696,17235,2,1
RTY,Merty Merty,SA,AU,-29.0,138.73333333333332,0,0,0,0,0
RUA,Arua,,UG,3.049722222222222,30.911944444444444,1,0,4,2,2
RUD,Shahrud,,IR,36.420833333333334,55.089444444444446,0,0,0,0,0
RUE,Butembo,,CD,0.13333333333333333,29.266666666666666,1,0,0,0,0
RUF,Yuruf,,ID,-3.6333333333333333,140.93333333333334,0,0,0,0,0
RUG,Rugao,,CN,32.25805555555556,120.50166666666667,0,0,0,0,0
RUH,Riyadh,,SA,24.633055555555558,46.71666666666667,1,7278495,5494127,16204,16281
RUI,Ruidoso,NM,US,33.416666666666664,-105.58333333333333,0,0,0,0,0
RUK,Rukumkot,,NP,28.95,82.26666666666667,0,0,0,0,0
RUL,Maavarulu,,MV,0.33805555555555555,73.51277777777777,1,0,0,2,2
RUM,Rumjatar,,NP,27.302777777777777,86.55111111111111,0,0,0,0,0
RUN,St-Denis,,RE,-20.88722222222222,55.51027777777778,1,277106,478628,1657,1696
RUP,Rupsi,AS,IN,26.141111111111112,89.90666666666667,0,0,0,2,2
RUR,Rurutu,,PF,-22.434166666666666,-151.36055555555555,1,68,103,61,58
RUS,Marau,,SB,-9.861666666666666,160.82555555555555,0,0,0,0,0
RUT,Rutland,VT,US,43.529444444444444,-72.94972222222222,1,13606,15143,38,38
RUU,Ruti,,PG,-5.3,144.25,0,0,0,0,0
RUV,Rubelsanto,,GT,15.833333333333334,-90.33333333333333,0,0,0,0,0
RUY,Copan,,HN,14.833333333333334,-89.13333333333334,0,0,0,0,0
RVA,Farafangana,,MG,-22.80527777777778,47.82055555555556,0,0,0,0,0
RVC,River Cess,,LR,5.466666666666667,-9.583333333333334,0,0,0,0,0
RVD,Rio Verde,GO,BR,-17.833333333333332,-50.955555555555556,1,1707,1588,25,25
RVE,Saravena,,CO,6.951944444444445,-71.85722222222222,1,0,0,4,4
RVK,Rorvik,,NO,64.83416666666666,11.135555555555555,1,1764,2124,67,60
RVN,Rovaniemi,,FI,66.56472222222222,25.830277777777777,1,269148,576910,975,1018
RVO,Reivilo,,ZA,-27.6,24.133333333333333,0,0,0,0,0
RVR,Green River,UT,US,38.96666666666667,-110.25,0,0,0,0,0
RVT,Ravensthorpe,WA,AU,-33.79722222222222,120.21027777777778,0,0,0,0,0
RVV,Raivavae,,PF,-23.885277777777777,-147.66194444444446,1,7,30,18,27
RVY,Rivera,,UY,-30.966666666666665,-55.46666666666667,0,0,0,0,0
RWF,Redwood Falls,MN,US,44.53333333333333,-95.11666666666666,0,0,0,0,0
RWI,Rocky Mount,NC,US,35.766666666666666,-77.96666666666667,0,0,0,0,0
RWL,Rawlins,WY,US,41.8,-107.2,0,0,0,0,0
RWN,Rivne,,UA,50.6,26.15,0,0,0,0,0
RXA,Rawdah,,YE,14.45,47.28333333333333,0,0,0,0,0
RXE,Rexburg,ID,US,43.83388888888889,-111.80499999999999,0,0,0,0,0
RXS,Roxas,,PH,11.601111111111111,122.75055555555555,1,91625,159466,44,41
RYB,Rybinsk,,RU,58.13333333333333,38.86666666666667,0,0,0,0,0
RYK,Rahim Yar Khan,,PK,28.383888888888887,70.27944444444444,0,480,1441,0,0
RYL,Lower Zambezi Nat. Park,,ZM,-15.725,29.30388888888889,1,1098,1424,208,218
RYN,Royan,,FR,45.63111111111111,-0.9755555555555556,0,0,0,0,0
RYO,Rio Turbio,SC,AR,-51.6,-72.21666666666667,0,0,0,0,0
RZA,Puerto Santa Cruz,SC,AR,-50.01777777777777,-68.58027777777778,0,0,0,0,0
RZE,Rzeszow,,PL,50.11,22.01888888888889,1,200896,190452,396,398
RZH,Preobrazheniye,,RU,42.92166666666667,133.90444444444444,1,0,0,2,2
RZN,Ryazan,,RU,54.63333333333333,39.583333333333336,0,0,0,0,0
RZP,Taytay Sandoval,,PH,10.826944444444445,119.50138888888888,0,0,0,0,0
RZR,Ramsar,,IR,36.909166666666664,50.68,1,0,0,4,4
RZS,Sawan,,PK,26.96722222222222,68.87888888888888,0,0,0,0,0
RZV,Rize,,TR,41.169444444444444,40.82916666666667,1,24706,49642,333,325
RZZ,Roanoke Rapids,NC,US,36.46666666666667,-77.66666666666667,0,0,0,0,0
SAA,Saratoga,WY,US,41.45,-106.8,0,0,0,0,0
SAB,Saba,,BQ,17.645555555555553,-63.220555555555556,1,1571,2599,63,73
SAC,Sacramento,CA,US,38.516666666666666,-121.5,1,876966,1340535,12627,11799
SAD,Safford,AZ,US,32.85,-109.63333333333334,0,0,0,0,0
SAE,Saatut,,GL,70.8086111111111,-51.626666666666665,1,0,0,0,0
SAF,Santa Fe,NM,US,35.61666666666667,-106.08333333333333,1,53797,55747,376,391
SAG,Shirdi,MH,IN,19.68888888888889,74.37722222222222,1,13699,30099,41,45
SAH,Sanaa,,YE,15.47638888888889,44.219722222222224,1,0,0,7,6
SAI,Siem Reap,,KH,13.369444444444445,104.22333333333333,1,28919,41471,548,496
SAK,Saudarkrokur,,IS,65.73166666666667,-19.572777777777777,0,0,0,0,0
SAL,San Salvador,,SV,13.440833333333334,-89.05583333333333,1,1426695,2052187,3759,3550
SAM,Salamo,,PG,-9.666666666666666,150.78333333333333,0,0,0,0,0
SAN,San Diego,CA,US,32.733333333333334,-117.18333333333334,1,4532002,4021566,23376,22411
SAO,Sao Paulo,SP,BR,-23.533333333333335,-46.625,1,13906320,14164663,69915,73119
SAP,San Pedro Sula,,HN,15.452777777777778,-87.92361111111111,1,525394,537489,957,784
SAQ,San Andros,,BS,25.05388888888889,-78.04888888888888,1,0,4,1,1
SAR,Sparta,IL,US,38.11666666666667,-89.7,0,0,0,0,0
SAS,Salton City,CA,US,33.31666666666667,-115.98333333333333,0,0,0,0,0
SAT,San Antonio,TX,US,29.533333333333335,-98.46666666666667,1,1724871,1425017,13211,10964
SAU,Sawu,,ID,-10.5,121.9,0,0,0,0,0
SAV,Savannah,GA,US,32.13333333333333,-81.2,1,586699,519196,7612,5820
SAX,Sambu,,PA,8.025277777777779,-78.20861111111111,0,0,0,0,0
SAY,Siena,,IT,43.25861111111111,11.255,0,0,0,0,0
SAZ,Sasstown,,LR,4.666666666666667,-8.433333333333334,0,0,0,0,0
SBA,Santa Barbara,CA,US,34.42611111111111,-119.84027777777777,1,147136,132983,897,1019
SBB,Santa Barbara Barinas,,VE,7.833333333333333,-71.16666666666667,0,0,0,0,0
SBC,Selbang,,PG,-5.316666666666666,141.75,0,0,0,0,0
SBD,San Bernardino,CA,US,34.09583333333334,-117.23611111111111,1,72,72,50,20
SBE,Suabi,,PG,-6.083333333333333,142.3,0,0,0,0,0
SBF,Sardeh Band,,AF,33.61666666666667,68.53333333333333,0,0,0,0,0
SBG,Sabang,,ID,5.874722222222223,95.34027777777777,0,0,0,0,0
SBH,St Barthelemy,,BL,17.904444444444444,-62.843611111111116,1,15827,29795,404,484
SBI,Koundara,,GN,12.483333333333333,-13.3,0,0,0,0,0
SBJ,Sao Mateus,ES,BR,-18.720277777777778,-39.8325,0,0,0,0,0
SBK,St-Brieuc,,FR,48.5375,-2.856666666666667,0,0,0,0,0
SBL,Santa Ana del Yacuma,,BO,-13.7625,-65.43472222222222,0,0,0,0,0
SBM,Sheboygan,WI,US,43.76222222222222,-87.85083333333333,0,0,0,0,0
SBN,South Bend,IN,US,41.70472222222222,-86.31305555555555,1,124746,90239,1696,1628
SBO,Salina/Gunnison,UT,US,39.02916666666667,-111.83749999999999,0,0,0,0,0
SBP,San Luis Obispo,CA,US,35.23722222222222,-120.64083333333333,1,108061,104985,382,390
SBQ,Sibi,,PK,29.583333333333332,67.85,0,0,0,0,0
SBR,Saibai Island,QL,AU,-9.37861111111111,142.625,1,45,76,92,100
SBS,Steamboat Springs,CO,US,40.516666666666666,-106.86666666666666,0,9117,12229,0,0
SBT,Sabetta,,RU,71.25111111111111,72.10166666666666,0,0,0,0,0
SBU,Springbok,,ZA,-29.683333333333334,17.95,0,0,0,0,0
SBV,Sabah,,PG,-5.583333333333333,155.05,0,0,0,0,0
SBW,Sibu,,MY,2.2641666666666667,111.9825,1,364298,387558,291,272
SBX,Shelby,MT,US,48.53333333333333,-111.86666666666666,0,0,0,0,0
SBY,Salisbury/Ocean City,MD,US,38.34055555555556,-75.51027777777777,1,27809,23550,77,90
SBZ,Sibiu,,RO,45.785555555555554,24.091388888888886,1,78443,91570,58,60
SCA,Santa Catalina,,CO,8.5,-76.17500000000001,0,0,0,0,0
SCB,Scribner,NE,US,41.666666666666664,-96.65,0,0,0,0,0
SCC,Prudhoe Bay/Deadhorse,AK,US,70.19472222222223,-148.46527777777777,1,818,1164,72,38
SCD,Sulaco,,HN,14.924999999999999,-87.25833333333334,0,0,0,0,0
SCE,State College,PA,US,40.85055555555556,-77.84722222222221,1,60823,46963,251,246
SCG,Spring Creek,QL,AU,-18.633333333333333,144.55,0,0,0,0,0
SCH,Schenectady,NY,US,42.85416666666667,-73.92916666666667,0,0,0,0,0
SCI,San Cristobal,,VE,7.8,-72.20305555555557,0,0,0,0,0
SCL,Santiago,,CL,-33.393055555555556,-70.78583333333333,1,5858612,4593137,35980,35294
SCM,Scammon Bay,AK,US,61.845555555555556,-165.57861111111112,1,0,0,2,2
SCN,Saarbrucken,,DE,49.21666666666667,7.116666666666666,1,14091,11136,108,93
SCO,Aktau,,KZ,43.86,51.091944444444444,1,396136,310629,201,195
SCP,Mont-Dauphin,,FR,44.70166666666667,6.6002777777777775,0,0,0,0,0
SCQ,Santiago de Compostela,,ES,42.896388888888886,-8.415277777777778,1,949648,733389,2240,2368
SCR,Salen,,SE,61.15888888888889,12.842222222222222,1,570,1276,57,56
SCT,Socotra,,YE,12.630555555555556,53.905833333333334,1,0,0,59,59
SCU,Santiago de Cuba,,CU,19.96972222222222,-75.83527777777778,1,10130,20293,141,160
SCV,Suceava,,RO,47.6875,26.354166666666668,1,99494,112872,115,106
SCW,Syktyvkar,,RU,61.64694444444444,50.845,1,0,0,44,41
SCX,Salina Cruz,,MX,16.166666666666668,-95.2,0,0,0,0,0
SCY,San Cristobal Island,,EC,-0.910277777777778,-89.61749999999999,1,82265,55559,453,441
SCZ,Santa Cruz Island,,SB,-10.719722222222222,165.79638888888888,1,17,10,3,3
SDB,Saldanha Bay,,ZA,-32.973055555555554,18.16222222222222,0,0,0,0,0
SDC,Sand Creek,,GY,3.0,-59.516666666666666,0,0,0,0,0
SDD,Lubango,,AO,-14.924722222222222,13.575,1,2703,1111,9,8
SDE,Santiago del Estero,SE,AR,-27.765555555555554,-64.31,1,13582,15599,163,217
SDF,Louisville,KY,US,38.18333333333333,-85.73333333333333,1,640332,473352,9196,6494
SDG,Sanandaj,,IR,35.25083333333333,47.01111111111111,1,0,0,0,0
SDH,Santa Rosa Copan,,HN,14.816666666666666,-88.75,0,0,0,0,0
SDI,Saidor,,PG,-5.616666666666667,146.46666666666667,0,0,0,0,0
SDJ,Sendai,,JP,38.13972222222222,140.91694444444443,1,465301,548258,395,386
SDK,Sandakan,,MY,5.9013888888888895,118.0611111111111,1,406225,401122,173,176
SDL,Sundsvall/Harnosand,,SE,62.528055555555554,17.44388888888889,1,17070,20320,135,152
SDN,Sandane,,NO,61.830000000000005,6.1075,1,2826,2840,175,180
SDP,Sand Point,AK,US,55.315,-160.5227777777778,1,130,140,59,66
SDQ,Santo Domingo,,DO,18.466666666666665,-69.9,1,1600952,2112689,3113,3136
SDR,Santander,,ES,43.426944444444445,-3.82,1,468734,369569,415,487
SDS,Sado,,JP,38.06111111111111,138.4138888888889,0,0,0,0,0
SDT,Saidu Sharif,,PK,34.81361111111111,72.35277777777777,0,0,0,0,0
SDW,Malvan,MH,IN,16.003055555555555,73.53277777777778,1,0,0,1,1
SDX,Sedona,AZ,US,34.849444444444444,-111.78777777777778,0,0,3,0,0
SDY,Sidney,MT,US,47.705000000000005,-104.19638888888889,1,3986,6784,30,30
SDZ,Shetland Islands,,GB,60.5,-1.0,1,10284,23106,491,520
SEA,Seattle,WA,US,47.45,-122.3,1,11079485,8889989,89490,81574
SEB,Sebha,,LY,26.986944444444447,14.4725,1,2,0,4,3
SED,Sedom,,IL,31.15,35.38333333333333,0,0,0,0,0
SEF,Sebring,FL,US,27.45,-81.35,0,0,0,0,0
SEG,Selinsgrove,PA,US,40.821111111111115,-76.86416666666666,0,0,0,0,0
SEH,Senggeh,,ID,-3.4333333333333336,140.81666666666666,0,0,0,0,0
SEK,Srednekolymsk,,RU,67.47472222222223,153.72944444444445,1,0,0,8,8
SEL,Seoul,,KR,37.516666666666666,126.93333333333334,1,50837533,46558515,9500,9623
SEM,Selma,AL,US,32.35,-86.98333333333333,0,0,0,0,0
SEO,Seguela,,CI,7.958888888888889,-6.644722222222222,0,0,0,0,0
SEP,Stephenville,TX,US,32.21666666666667,-98.18333333333334,0,0,0,0,0
SEQ,Bengkalis,,ID,1.3666666666666667,102.13333333333334,0,0,0,0,0
SER,Seymour,IN,US,38.95,-85.88333333333334,0,0,0,0,0
SES,Svetlogorsk,,RU,66.84305555555555,88.40916666666668,1,0,0,8,8
SET,Santa Magalhaes,PE,BR,-8.0625,-38.32611111111112,1,143,211,5,5
SEU,Seronera,,TZ,-2.4572222222222218,34.82194444444445,1,1409,1398,592,522
SEV,Severodonetsk,,UA,48.9,38.55,0,0,0,0,0
SEW,Siwa Oasis,,EG,29.34611111111111,25.50583333333333,1,0,0,0,0
SEY,Selibabi,,MR,15.183333333333334,-12.2,0,0,0,0,0
SEZ,Mahe Island,,SC,-4.674444444444445,55.52194444444444,1,313793,572120,1185,1091
SFA,Sfax,,TN,34.71805555555556,10.69111111111111,1,1654,1503,43,41
SFC,St Francois,,GP,16.25777777777778,-61.2625,0,0,0,0,0
SFD,San Fernando Apure,,VE,7.883333333333333,-67.44388888888889,1,0,0,2,2
SFE,San Fernando,,PH,16.595555555555553,120.30333333333333,0,0,0,0,0
SFG,St Martin,,MF,18.100833333333334,-63.049166666666665,1,5773,76177,47,85
SFH,San Felipe,,MX,30.93027777777778,-114.8086111111111,0,0,0,0,0
SFJ,Kangerlussuaq,,GL,67.01694444444445,-50.68944444444444,1,0,0,3926,4040
SFK,Soure,PA,BR,-0.7,-48.516666666666666,0,0,0,0,0
SFL,Sao Filipe,,CV,14.886666666666667,-24.481944444444444,1,0,0,8,8
SFM,Sanford,ME,US,43.39222222222222,-70.70777777777778,0,0,0,0,0
SFN,Santa Fe,SF,AR,-31.710833333333333,-60.811388888888885,1,10365,17727,22,30
SFO,San Francisco,CA,US,37.61888888888889,-122.39166666666668,1,20584422,17278625,67989,69016
SFP,Surfers Paradise,QL,AU,-28.0,153.43333333333334,0,0,0,0,0
SFQ,Sanliurfa,,TR,37.094166666666666,38.84722222222222,0,23076,40705,0,0
SFS,Subic Bay,,PH,14.794444444444444,120.2713888888889,1,0,0,0,0
SFT,Skelleftea,,SE,64.62472222222222,21.076944444444443,1,98423,90199,1056,1097
SFU,Safia,,PG,-9.583333333333334,148.63333333333333,0,0,0,0,0
SFV,Santa Fe do Sul,SP,BR,-20.216666666666665,-50.93333333333333,0,0,0,0,0
SFX,San Felix,,VE,8.35,-62.63333333333333,0,0,0,0,0
SFY,Springfield,MA,US,42.11666666666667,-72.58333333333333,1,46,36,0,0
SFZ,Pawtucket,RI,US,41.920833333333334,-71.49138888888889,0,0,0,0,0
SGA,Sheghnan,,AF,38.03333333333333,71.71666666666667,0,0,0,0,0
SGB,Singaua,,PG,-6.7,147.13333333333333,0,0,0,0,0
SGC,Surgut,,RU,61.343611111111116,73.40194444444445,1,62292,33094,212,209
SGD,Sonderborg,,DK,55.81666666666667,8.3,1,969,878,58,51
SGE,Siegen,,DE,50.86666666666667,8.033333333333333,0,0,0,0,0
SGF,Springfield,MO,US,37.245555555555555,-93.38861111111112,1,164146,144937,2324,1812
SGG,Sermiligaaq,,GL,65.90583333333333,-36.37833333333333,1,0,0,0,0
SGH,Springfield,OH,US,39.93333333333333,-83.81666666666666,0,0,0,0,0
SGI,Sargodha,,PK,32.083333333333336,72.66666666666667,1,0,0,0,0
SGJ,Sagarai,,PG,-10.383333333333333,149.83333333333334,0,0,0,0,0
SGK,Sangapi,,PG,-5.083333333333333,144.76666666666668,0,0,0,0,0
SGM,San Ignacio,,MX,27.283333333333335,-112.93333333333334,0,0,0,0,0
SGN,Ho Chi Minh City,,VN,10.818888888888889,106.65194444444445,1,13059026,15791629,15580,16288
SGO,St George,QL,AU,-28.049722222222226,148.5952777777778,1,184,157,4,4
SGP,Shay Gap,WA,AU,-20.483333333333334,120.1,0,0,0,0,0
SGQ,Sanggata,,ID,0.5,117.33333333333333,0,0,0,0,0
SGT,Stuttgart,AR,US,34.6,-91.56666666666666,0,0,0,0,0
SGU,St George,UT,US,37.09055555555556,-113.59305555555555,1,32505,34527,170,174
SGV,Sierra Grande,RN,AR,-41.5,-65.35,0,0,0,0,0
SGW,Saginaw,AK,US,56.86666666666667,-134.15,0,0,0,0,0
SGX,Songea,,TZ,-10.683333333333334,35.583333333333336,1,120,179,2,2
SGY,Skagway,AK,US,59.46055555555556,-135.3163888888889,1,478,479,142,118
SGZ,Songkhla,,TH,7.333333333333333,100.53333333333333,1,0,0,0,0
SHA,Shanghai,,CN,31.1,121.36666666666666,1,29451002,27867432,16993,16885
SHB,Nakashibetsu,,JP,43.5775,144.95999999999998,1,10327,9647,24,23
SHC,Inda Selassie,,ET,14.079444444444444,38.271388888888886,1,611,1458,11,10
SHD,Staunton/Waynesborough,VA,US,38.261944444444445,-78.89861111111112,1,7331,5626,10,12
SHE,Shenyang,,CN,41.63972222222222,123.48333333333333,1,1783749,2233773,3182,3186
SHF,Shihezi,,CN,44.269444444444446,86.0625,1,368,458,58,62
SHG,Shungnak,AK,US,66.88805555555557,-157.1625,1,3,1,4,4
SHH,Shishmaref,AK,US,66.24944444444445,-166.08944444444447,1,3,30,3,4
SHI,Miyakojima,,JP,24.827222222222222,125.14500000000001,1,7686,6944,13,13
SHJ,Sharjah,,AE,25.328611111111112,55.51722222222222,1,4002646,4437131,1786,6584
SHK,Sehonghong,,LS,-29.716666666666665,28.766666666666666,0,0,0,0,0
SHL,Shillong,ML,IN,25.703611111111112,91.9775,1,3740,11204,24,25
SHM,Shirahama,,JP,33.66222222222222,135.36444444444444,1,12814,12293,69,48
SHN,Shelton,WA,US,47.24166666666667,-123.13333333333334,0,0,0,0,0
SHO,Manzini,,SZ,-26.356944444444444,31.71722222222222,1,2949,5100,96,82
SHQ,Southport,QL,AU,-27.951944444444443,153.41777777777776,0,0,0,0,0
SHR,Sheridan,WY,US,44.76916666666666,-106.98027777777779,1,7416,7370,16,17
SHS,Jingzhou,,CN,30.301944444444445,112.44888888888889,1,6803,9741,115,115
SHT,Shepparton,VI,AU,-36.43333333333333,145.4,0,0,0,0,0
SHU,Smith Point,NT,AU,-11.166666666666666,133.83333333333334,0,0,0,0,0
SHV,Shreveport,LA,US,32.45,-93.81666666666666,1,100471,79243,2290,1425
SHW,Sharurah,,SA,17.466944444444444,47.12138888888889,1,11828,12172,98,98
SHX,Shageluk,AK,US,62.692499999999995,-159.56916666666666,1,0,0,2,2
SHY,Shinyanga,,TZ,-3.6,33.5,0,0,0,0,0
SHZ,Seshote,,LS,-30.583333333333332,28.0,0,0,0,0,0
SIA,Xi'an,,CN,34.25,108.86666666666666,1,2300747,2541755,5555,5553
SIB,Sibiti,,CG,-3.7333333333333334,13.4,0,0,0,0,0
SIC,San Jose Island,,PA,8.262222222222222,-79.07777777777777,0,0,0,0,0
SID,Sal Island,,CV,16.74138888888889,-22.949444444444445,1,79664,190996,1477,2252
SIE,Sines,,PT,37.95,-8.866666666666667,0,0,0,0,0
SIF,Simara,,NP,27.159444444444443,84.98,1,1415,1895,9,9
SIH,Silgadi Doti,,NP,29.266666666666666,80.98333333333333,0,0,0,0,0
SII,Sidi Ifni,,MA,29.366666666666667,-10.183333333333334,0,0,0,0,0
SIJ,Siglufjordur,,IS,66.13333333333334,-18.916666666666668,0,0,0,0,0
SIK,Sikeston,MO,US,36.88333333333333,-89.56666666666666,0,0,0,0,0
SIL,Sila,,PG,-9.116666666666667,148.4,0,0,0,0,0
SIM,Simbai,,PG,-5.266666666666667,144.53333333333333,0,0,0,0,0
SIN,Singapore,,SG,1.2916666666666665,103.85,1,32908154,29924332,14839,15121
SIO,Smithton,TS,AU,-40.833333333333336,145.08333333333334,0,0,0,0,0
SIP,Simferopol,,UA,45.05222222222222,33.973888888888894,0,0,0,0,0
SIQ,Singkep,,ID,-0.48333333333333334,104.58333333333333,0,0,0,0,0
SIR,Sion,,CH,46.222500000000004,7.34,1,1891,3437,7,7
SIS,Sishen,,ZA,-27.65,23.0,1,2023,2288,91,100
SIT,Sitka,AK,US,57.04722222222222,-135.36166666666665,1,8093,10154,501,427
SIU,Siuna,,NI,13.72888888888889,-84.7775,0,0,0,0,0
SIV,Sullivan,IN,US,39.1,-87.4,0,0,0,0,0
SIW,Parapat,,ID,2.5833333333333335,98.93333333333334,0,0,0,0,0
SIX,Singleton,NS,AU,-32.56666666666667,151.16666666666666,0,0,0,0,0
SIY,Montague/Yreka,CA,US,41.733333333333334,-122.53333333333333,1,0,0,0,0
SIZ,Sissano,,PG,-3.0,142.05,0,0,0,0,0
SJA,San Juan,,PE,-15.35,-75.15,0,0,0,0,0
SJB,San Joaquin,,BO,-13.083333333333334,-64.8,0,0,0,0,0
SJC,San Jose,CA,US,37.35277777777778,-121.91944444444445,1,1439626,971883,12264,11652
SJD,San Jose Cabo,,MX,23.151944444444442,-109.72111111111111,1,1114125,1780001,4346,3908
SJE,San Jose del Guaviare,,CO,2.5797222222222222,-72.63944444444445,1,423,970,31,30
SJF,St John Island,,VI,18.333333333333332,-64.75,0,0,0,0,0
SJG,San Pedro de Jagua,,CO,4.65,-73.33333333333333,0,0,0,0,0
SJH,San Juan del Cesar,,CO,10.766666666666667,-73.01666666666667,0,0,0,0,0
SJI,San Jose,,PH,12.361388888888888,121.04666666666667,1,0,0,3,4
SJJ,Sarajevo,,BA,43.82472222222223,18.33138888888889,1,611022,824012,960,963
SJK,Sao Jose dos Campos,SP,BR,-23.228055555555553,-45.86277777777778,1,22,3,1,1
SJL,Sao Gabriel Cachoeira,AM,BR,-0.14972222222222223,-66.98666666666666,1,129,212,6,4
SJN,St Johns,AZ,US,34.516666666666666,-109.38333333333334,0,0,0,0,0
SJO,San Jose,,CR,9.933333333333334,-84.1,1,2803365,3451525,6044,5571
SJP,Sao Jose do Rio Preto,SP,BR,-20.816666666666666,-49.406388888888884,1,184730,132671,553,368
SJQ,Sesheke,,ZM,-17.45,24.366666666666667,0,0,0,0,0
SJR,San Juan de Uraba,,CO,8.766666666666667,-76.53333333333333,0,0,0,0,0
SJS,San Jose de Chiquitos,,BO,-17.830277777777777,-60.74333333333333,0,0,0,0,0
SJT,San Angelo,TX,US,31.35777777777778,-100.49638888888889,1,16550,15159,142,148
SJU,San Juan,,PR,18.45,-66.0,1,2881825,3454106,10821,8197
SJV,San Javier,,BO,-16.233333333333334,-62.416666666666664,0,0,0,0,0
SJW,Shijiazhuang,,CN,38.28055555555555,114.69722222222222,1,247744,323556,1099,1150
SJX,Sarteneja,,BZ,18.3,-88.33333333333333,0,0,0,0,0
SJY,Seinajoki,,FI,62.69361111111111,22.831944444444446,0,0,0,0,0
SJZ,Sao Jorge Island,,PT,38.66555555555556,-28.175833333333333,1,9710,13715,86,86
SKB,St Kitts,,KN,17.311111111111114,-62.718611111111116,1,56455,74940,236,206
SKC,Suki,,PG,-8.15,141.71666666666667,0,0,0,0,0
SKD,Samarkand,,UZ,39.70055555555556,66.98472222222222,1,328600,763458,166,146
SKE,Skien,,NO,59.184999999999995,9.566944444444443,0,0,0,0,0
SKG,Thessaloniki,,GR,40.51972222222222,22.97083333333333,1,1706276,1448173,3339,3427
SKH,Surkhet,,NP,28.58611111111111,81.63583333333334,1,186,245,1,1
SKI,Skikda,,DZ,36.86944444444445,6.95,0,0,0,0,0
SKK,Shaktoolik,AK,US,64.3611111111111,-161.2025,1,10,5,8,8
SKL,Skye,,GB,57.333333333333336,-6.25,0,0,0,0,0
SKM,Skeldon,,GY,5.877777777777778,-57.175,0,0,0,0,0
SKN,Stokmarknes,,NO,68.58111111111111,15.021111111111113,1,4577,4931,189,186
SKO,Sokoto,,NG,12.91638888888889,5.207222222222223,1,0,0,7,9
SKP,Skopje,,MK,41.961666666666666,21.62138888888889,1,445968,478992,1322,1305
SKQ,Sekake,,LS,-29.966666666666665,28.45,0,0,0,0,0
SKR,Shakiso,,ET,5.6925,38.97666666666667,0,0,0,0,0
SKS,Vojens,,DK,55.233333333333334,9.266666666666667,1,1,0,0,0
SKT,Sialkot,,PK,32.53527777777778,74.36388888888888,1,467250,663561,544,496
SKU,Skyros,,GR,38.968333333333334,24.488055555555558,1,1907,3254,22,21
SKV,St Catherine,,EG,28.683333333333334,34.06666666666667,0,0,0,0,0
SKW,Skwentna,AK,US,61.96472222222223,-151.18805555555556,1,0,0,0,0
SKX,Saransk,,RU,54.12583333333333,45.21333333333334,1,0,0,7,5
SKY,Sandusky,OH,US,41.43333333333333,-82.7,0,0,0,0,0
SKZ,Sukkur,,PK,27.72138888888889,68.79305555555555,1,2578,3094,11,10
SLA,Salta,SA,AR,-24.859722222222224,-65.48694444444445,1,150426,279870,601,646
SLB,Storm Lake,IA,US,42.6,-95.23333333333333,0,0,0,0,0
SLC,Salt Lake City,UT,US,40.788333333333334,-111.97777777777777,1,3178162,2551382,42298,32778
SLD,Sliac,,SK,48.63777777777778,19.134166666666665,0,0,0,0,0
SLE,Salem,OR,US,44.909444444444446,-123.0025,1,22,10,9,9
SLF,Sulayel,,SA,20.466666666666665,45.61666666666667,0,0,0,0,0
SLG,Siloam Springs,AR,US,36.18333333333333,-94.53333333333333,0,0,0,0,0
SLH,Sola,,VU,-13.851944444444444,167.53722222222223,1,25,62,6,8
SLI,Solwezi,,ZM,-12.173888888888888,26.366666666666667,1,864,1207,49,53
SLJ,Solomon,WA,AU,-22.255555555555556,117.76277777777777,0,0,0,0,0
SLK,Saranac Lake,NY,US,44.38527777777778,-74.20611111111111,1,6443,7319,33,34
SLL,Salalah,,OM,17.038611111111113,54.09138888888889,1,216374,205802,524,495
SLM,Salamanca,,ES,40.952222222222225,-5.501944444444445,1,72,38,7,8
SLN,Salina,KS,US,38.79083333333333,-97.65222222222222,1,10420,9066,38,35
SLO,Salem,IL,US,38.61666666666667,-88.93333333333334,0,0,0,0,0
SLP,San Luis Potosi,,MX,22.254166666666666,-100.93083333333334,1,177144,159289,1528,1048
SLQ,Sleetmute,AK,US,61.7,-157.16583333333335,1,0,0,0,0
SLR,Sulphur Springs,TX,US,33.13333333333333,-95.6,0,0,0,0,0
SLS,Silistra,,BG,44.055277777777775,27.17888888888889,0,0,0,0,0
SLT,Salida,CO,US,38.538333333333334,-106.04888888888888,1,0,0,0,0
SLU,St Lucia,,LC,14.016666666666667,-61.0,1,98286,239940,441,418
SLV,Shimla,HP,IN,31.081666666666667,77.06805555555555,1,28,35,2,2
SLW,Saltillo,,MX,25.54388888888889,-100.92833333333334,0,0,0,0,0
SLX,Salt Cay,,TC,21.335833333333333,-71.20055555555555,1,1,6,2,2
SLY,Salekhard,,RU,66.59083333333332,66.6111111111111,1,0,0,84,61
SLZ,Sao Luiz,MA,BR,-2.585277777777778,-44.23416666666667,1,425872,353147,1594,1465
SMA,Santa Maria Island,,PT,36.973888888888894,-25.171111111111113,1,8492,17917,125,112
SMB,Cerro Sombrero,,CL,-52.666666666666664,-69.26666666666667,0,0,0,0,0
SMC,Santa Maria,,CO,8.166666666666666,-77.05,0,0,0,0,0
SME,Somerset,KY,US,37.05444444444444,-84.615,0,0,0,0,0
SMG,Santa Maria,,PE,-12.391388888888889,-76.75583333333333,0,0,0,0,0
SMH,Sapmanga,,PG,-6.083333333333333,146.75,0,0,0,0,0
SMI,Samos,,GR,37.69,26.911666666666665,1,35365,48392,310,241
SMJ,Sim,,PG,-7.666666666666667,146.83333333333334,0,0,0,0,0
SMK,St Michael,AK,US,63.48111111111111,-162.03083333333333,1,32,13,8,5
SML,Stella Maris,,BS,23.583055555555557,-75.26861111111111,1,0,8,6,4
SMM,Semporna,,MY,4.45,118.6,0,0,0,0,0
SMN,Salmon,ID,US,45.18333333333333,-113.91666666666667,0,0,0,0,0
SMO,Santa Monica,CA,US,34.015,-118.45166666666667,0,0,0,0,0
SMP,Stockholm,,PG,-4.566666666666666,151.96666666666667,0,0,0,0,0
SMQ,Sampit,,ID,-2.4991666666666665,112.97500000000001,1,0,0,29,22
SMR,Santa Marta,,CO,11.119722222222222,-74.23055555555555,1,447900,621592,2661,2927
SMS,Ste Marie,,MG,-17.093888888888888,49.81583333333333,1,15,19,61,54
SMT,Sorriso,MT,BR,-12.479444444444445,-55.672777777777775,1,794,797,15,18
SMU,Sheep Mountain,AK,US,61.8,-147.66666666666666,0,0,0,0,0
SMV,St Moritz,,CH,46.534166666666664,9.884166666666665,0,0,0,0,0
SMW,Smara,,MA,26.733333333333334,-11.683333333333334,0,0,0,0,0
SMX,Santa Maria,CA,US,34.89888888888889,-120.4575,1,215,113,19,19
SMY,Simenti,,SN,13.166666666666666,-13.166666666666666,0,0,0,0,0
SMZ,Stoelmanseiland,,SR,4.35,-54.416666666666664,0,0,0,0,1
SNA,Santa Ana,CA,US,33.675555555555555,-117.86833333333333,1,1374306,1132676,9469,8743
SNB,Milikapiti,NT,AU,-11.333333333333334,130.75,0,0,0,0,0
SNC,Salinas,,EC,-2.2025,-80.99055555555556,0,0,0,0,0
SNE,Sao Nicolau Island,,CV,16.58861111111111,-24.284166666666668,1,0,1,2,2
SNF,San Felipe,,VE,10.280277777777778,-68.7538888888889,0,0,0,0,0
SNG,San Ignacio de Velasco,,BO,-16.384166666666665,-60.963055555555556,0,0,0,0,0
SNH,Stanthorpe,QL,AU,-28.633333333333333,151.96666666666667,0,0,0,0,0
SNI,Greenville,,LR,5.033333333333333,-9.064444444444446,0,0,0,0,0
SNJ,San Julian,,CU,22.085277777777776,-84.15027777777779,0,0,0,0,0
SNK,Snyder,TX,US,32.7,-100.95,0,0,0,0,0
SNL,Shawnee,OK,US,35.31666666666667,-96.91666666666667,0,0,0,0,0
SNM,San Ignacio de Moxos,,BO,-14.866666666666667,-65.58333333333333,0,0,0,0,0
SNN,Shannon,,IE,52.70194444444445,-8.924722222222222,1,211826,210253,400,431
SNO,Sakon Nakhon,,TH,17.19527777777778,104.11861111111111,1,0,0,13,13
SNP,St Paul Island,AK,US,57.16722222222222,-170.22055555555556,1,99,134,13,13
SNQ,San Quintin,,MX,30.5,-116.0,0,0,0,0,0
SNR,St-Nazaire,,FR,47.31055555555555,-2.1566666666666667,1,2,15,6,12
SNS,Salinas,CA,US,36.66555555555556,-121.60777777777777,0,1,2,0,0
SNT,Sabana de Torres,,CO,7.666666666666667,-73.00833333333334,0,0,0,0,0
SNU,Santa Clara,,CU,22.492222222222225,-79.94361111111111,1,4761,15822,287,188
SNV,Santa Elena de Uairen,,VE,4.554444444444444,-61.14361111111111,0,0,0,0,0
SNW,Thandwe,,MM,18.460833333333333,94.3,1,1920,2985,25,28
SNX,Semnan,,IR,35.590833333333336,53.49444444444445,0,0,0,0,0
SNY,Sidney,NE,US,41.1,-102.98333333333333,0,0,0,0,0
SOA,Soc Trang,,VN,9.0,106.83333333333333,0,0,0,0,0
SOB,Balaton,,HU,46.686388888888885,17.159166666666664,0,0,0,0,0
SOC,Surakarta (Solo),,ID,-7.516111111111111,110.75694444444444,1,155529,203069,228,227
SOD,Sorocaba,SP,BR,-23.483333333333334,-47.45,0,0,0,0,0
SOE,Souanke,,CG,2.0833333333333335,14.05,0,0,0,0,0
SOF,Sofia,,BG,42.695277777777775,23.40611111111111,1,2132090,2119252,2959,3022
SOG,Sogndal,,NO,61.156666666666666,7.139444444444445,1,5027,6103,235,213
SOH,Solita,,CO,0.8763888888888889,-75.61944444444444,0,0,0,0,0
SOJ,Sorkjosen,,NO,69.78694444444444,20.959444444444443,1,1416,2096,93,92
SOK,Semongkong,,LS,-29.733333333333334,28.766666666666666,0,0,0,0,0
SOL,Solomon,AK,US,64.58333333333333,-164.3,0,0,0,0,0
SOM,San Tome,,VE,8.945277777777777,-64.15111111111112,0,0,0,0,0
SON,Espiritu Santo,,VU,-15.505,167.21972222222223,1,15109,17143,74,78
SOO,Soderhamn,,SE,61.266666666666666,17.1,1,25,45,0,0
SOP,Pine Hurst/Southern Pines,NC,US,35.23583333333333,-79.3913888888889,0,0,0,0,0
SOQ,Sorong,,ID,-0.9263888888888888,131.1211111111111,1,148969,153666,212,232
SOR,Al Thaurah,,SY,34.4,40.166666666666664,0,0,0,0,0
SOT,Sodankyla,,FI,67.38333333333334,26.616666666666667,0,0,0,0,0
SOU,Southampton,,GB,50.95027777777778,-1.3566666666666667,1,231612,130413,1547,1520
SOV,Seldovia,AK,US,59.443888888888885,-151.70527777777778,1,0,0,14,14
SOW,Show Low,AZ,US,34.266666666666666,-110.0,1,3950,6333,35,35
SOX,Sogamoso,,CO,5.683333333333334,-72.95,0,0,0,0,0
SOY,Stronsay,,GB,59.155277777777776,-2.6419444444444444,0,0,0,0,0
SOZ,Solenzara,,FR,41.92638888888889,9.405277777777778,0,0,0,0,0
SPC,Santa Cruz de la Palma,,ES,28.62638888888889,-17.755555555555556,1,120608,202371,961,893
SPD,Saidpur,,BD,25.759166666666665,88.9088888888889,1,34396,36023,36,36
SPE,Sepulot,,MY,4.716666666666667,116.46666666666667,0,0,0,0,0
SPF,Spearfish,SD,US,44.483333333333334,-103.85,0,0,0,0,0
SPH,Sopu,,PG,-9.0,147.76666666666668,0,0,0,0,0
SPI,Springfield,IL,US,39.844166666666666,-89.67777777777778,1,24303,19063,211,214
SPJ,Sparta,,GR,36.973888888888894,22.52638888888889,0,0,0,0,0
SPK,Sapporo,,JP,43.05,141.35833333333332,1,3618597,5576129,3433,3467
SPM,Spangdahlem,,DE,49.97277777777778,6.6925,0,0,0,0,0
SPN,Saipan,,MP,15.11888888888889,145.72944444444445,1,288694,501209,18,20
SPP,Menongue,,AO,-14.658611111111112,17.72138888888889,1,28,50,2,2
SPQ,San Pedro,CA,US,33.75,-118.36666666666666,0,0,0,0,0
SPR,San Pedro,,BZ,17.916666666666668,-87.96666666666667,1,7837,10472,11017,12332
SPS,Wichita Falls,TX,US,33.983333333333334,-98.51666666666667,1,12575,15691,120,203
SPT,Sipitang,,MY,5.083333333333333,115.55,0,0,0,0,0
SPU,Split,,HR,43.538888888888884,16.298055555555557,1,373759,443884,4803,5060
SPV,Sepik Plains,,PG,-3.9,143.68333333333334,0,0,0,0,0
SPW,Spencer,IA,US,43.166666666666664,-95.18333333333334,0,0,0,0,0
SPX,Giza,,EG,30.104722222222225,30.896944444444443,1,37645,69623,335,333
SPY,San Pedro,,CI,4.746666666666667,-6.6608333333333345,1,223,1319,12,9
SQA,Santa Ynez,CA,US,34.60722222222223,-120.07722222222222,0,0,0,0,0
SQB,Piedras,,CO,4.7666666666666675,-75.95,0,0,0,0,0
SQC,Southern Cross,WA,AU,-31.25,119.36666666666666,0,0,0,0,0
SQD,Shangrao,,CN,28.379722222222224,117.96416666666667,1,4506,3834,49,48
SQE,San Luis de Palenque,,CO,5.4,-71.7,0,0,0,0,0
SQF,Solano,,CO,0.7166666666666667,-75.26666666666667,0,0,0,0,0
SQG,Sintang,,ID,0.06361111111111112,111.47333333333333,1,0,0,1,1
SQH,Son-La,,VN,21.21944444444444,104.025,0,0,0,0,0
SQI,Sterling/Rock Falls,IL,US,41.74027777777778,-89.68111111111112,1,0,0,0,0
SQJ,Sanming,,CN,26.426111111111112,117.83333333333333,1,979,984,38,32
SQK,Sidi Barrani,,EG,31.6,25.933333333333334,0,0,0,0,0
SQL,San Carlos,CA,US,37.51277777777778,-122.25055555555555,1,0,0,1,0
SQM,Sao Miguel do Araguaia,GO,BR,-13.280555555555557,-50.169444444444444,0,0,0,0,0
SQN,Sanana,,ID,-2.1008333333333336,125.96583333333334,1,0,0,2,2
SQO,Storuman,,SE,64.96083333333334,17.696666666666665,0,0,0,0,0
SQQ,Siauliai,,LT,55.90083333333333,23.3875,0,0,0,0,0
SQR,Soroako,,ID,-2.5666666666666664,120.75,0,0,0,0,0
SQS,San Ignacio,,BZ,17.18611111111111,-89.01,0,0,1,0,0
SQT,Samarai Island,,PG,-10.55,150.68333333333334,0,0,0,0,0
SQU,Saposoa,,PE,-6.95,-76.75,0,0,0,0,0
SQV,Sequim,WA,US,48.083333333333336,-123.1,0,0,0,0,0
SQW,Skive,,DK,56.56666666666667,9.033333333333333,1,1,0,0,0
SQX,Sao Miguel do Oeste,SC,BR,-26.780555555555555,-53.50277777777778,0,0,0,0,0
SQY,Sao Lourenco do Sul,RS,BR,-31.38277777777778,-52.032222222222224,0,0,0,0,0
SQZ,Scampton,,GB,53.3,-0.6333333333333333,0,0,0,0,0
SRA,Santa Rosa,RS,BR,-27.906666666666666,-54.52055555555555,1,110,199,4,4
SRB,Santa Rosa,,BO,-14.166666666666666,-66.88333333333334,0,0,0,0,0
SRC,Searcy,AR,US,35.25,-91.73333333333333,0,0,0,0,0
SRD,San Ramon,,BO,-13.283333333333333,-64.7,0,0,0,0,0
SRE,Sucre,,BO,-19.245833333333334,-65.14777777777779,1,20081,24231,34,30
SRF,San Rafael,CA,US,37.983333333333334,-122.51666666666667,1,0,0,0,0
SRG,Semarang,,ID,-6.971388888888889,110.37416666666665,1,316562,446398,474,433
SRH,Sarh,,TD,9.14611111111111,18.375833333333333,0,0,0,0,0
SRI,Samarinda,,ID,-0.48444444444444446,117.15722222222223,1,1060,1342,0,0
SRJ,San Borja,,BO,-14.859166666666667,-66.7375,0,0,0,0,0
SRK,Siorapaluk,,GL,77.7863888888889,-70.63833333333334,1,0,0,0,0
SRL,Santa Rosalia,,MX,27.333333333333332,-112.26666666666667,0,0,0,0,0
SRM,Sandringham Station,QL,AU,-24.05,139.06666666666666,0,0,0,0,0
SRN,Strahan,TS,AU,-42.1575,145.28972222222222,0,0,0,0,0
SRO,Santana Ramos,,CO,2.216666666666667,-75.25,0,0,0,0,0
SRP,Stord,,NO,59.79194444444444,5.340833333333333,1,605,779,27,28
SRQ,Sarasota/Bradenton,FL,US,27.395555555555553,-82.55444444444444,1,387300,419839,5303,3778
SRR,Stradbroke Island,QL,AU,-27.516666666666666,152.43333333333334,0,0,0,0,0
SRS,San Marcos,,CO,8.683333333333334,-75.16666666666667,0,0,0,0,0
SRT,Soroti,,UG,1.7166666666666668,33.61666666666667,1,0,0,0,0
SRU,Surbung,,MM,22.939166666666665,93.61555555555555,0,0,0,0,0
SRV,Stony River,AK,US,61.78916666666667,-156.58916666666667,1,0,0,0,0
SRW,Salisbury,NC,US,35.63333333333333,-80.51666666666667,0,0,0,0,0
SRX,Sirte,,LY,31.063333333333333,16.595,0,0,0,0,0
SRY,Sari,,IR,36.63583333333333,53.19361111111111,1,0,0,35,37
SRZ,Santa Cruz,,BO,-17.8,-63.166666666666664,1,295220,550737,524,509
SSA,Salvador,BA,BR,-12.911111111111111,-38.33111111111111,1,1853638,1974336,5875,6559
SSC,Sumter,SC,US,33.9,-80.11666666666666,1,23,12,0,0
SSD,San Felipe,,CO,1.9166666666666665,-67.1,0,0,0,0,0
SSE,Solapur,MH,IN,17.633333333333333,75.93333333333334,0,0,0,0,0
SSG,Malabo,,GQ,3.7552777777777777,8.70861111111111,1,30391,40853,357,252
SSH,Sharm el-Sheikh,,EG,27.97722222222222,34.394999999999996,1,993637,1680639,3555,3569
SSI,Brunswick,GA,US,31.15,-81.38333333333334,1,3489,6491,226,156
SSJ,Sandnessjoen,,NO,65.95694444444445,12.46888888888889,1,3419,3770,128,112
SSK,Sturt Creek,WA,AU,-19.333333333333332,128.13333333333333,0,0,0,0,0
SSL,Santa Rosalia,,CO,1.4666666666666668,-72.23333333333333,0,0,0,0,0
SSM,Sault Ste Marie,MI,US,46.496944444444445,-84.34555555555555,1,6489,6870,22,21
SSO,Sao Lourenco,MG,BR,-22.1,-45.03333333333333,0,0,0,0,0
SSP,Silver Plains,QL,AU,-13.983333333333333,143.55,0,0,0,0,0
SSQ,La Sarre,QC,CA,48.916666666666664,-79.16666666666667,0,0,0,0,0
SSR,Sara,,VU,-15.470833333333333,168.1525,1,79,75,5,5
SSS,Siassi,,PG,-5.9,147.95,0,0,0,0,0
SST,Santa Teresita,BA,AR,-36.54222222222222,-59.72138888888889,0,0,0,0,0
SSV,Siasi,,PH,5.55,120.81666666666666,0,0,0,0,0
SSW,Stuart Island,WA,US,48.7,-123.2,0,0,0,0,0
SSX,Singita Safari Lodge,,ZA,-24.8175,31.54416666666667,0,0,0,0,0
SSY,M'banza Congo,,AO,-6.269722222222222,14.247222222222222,0,0,0,0,0
SSZ,Santos,SP,BR,-23.916666666666668,-46.13333333333333,0,0,0,0,0
STA,Stauning,,DK,55.99,8.35388888888889,0,0,0,0,0
STB,Santa Barbara Zulia,,VE,8.983333333333333,-71.94166666666668,1,0,0,3,3
STC,St Cloud,MN,US,45.54666666666667,-94.06,1,12,19,38,34
STD,Santo Domingo,,VE,7.5649999999999995,-72.035,1,0,2,21,19
STE,Stevens Point,WI,US,44.55,-89.53333333333333,0,0,2,0,0
STF,Stephens Island,QL,AU,-9.5,143.56666666666666,0,0,0,0,0
STG,St George Island,AK,US,56.57777777777778,-169.66416666666666,1,0,1,0,0
STH,Strathmore,QL,AU,-17.833333333333332,142.53333333333333,0,0,0,0,0
STI,Santiago,,DO,19.40611111111111,-70.60472222222222,1,287483,437744,682,718
STJ,St Joseph,MO,US,39.766666666666666,-94.91666666666667,0,0,0,0,0
STK,Sterling,CO,US,40.61666666666667,-103.26666666666667,0,0,0,0,0
STL,St Louis,MO,US,38.61666666666667,-90.18333333333334,1,1551542,1158080,15100,12323
STM,Santarem,PA,BR,-2.4225,-54.79277777777778,1,99222,97396,161,219
STO,Stockholm,,SE,59.35,17.95,1,8411857,7652894,32487,32309
STQ,St Marys,PA,US,41.43333333333333,-78.56666666666666,0,0,0,0,0
STR,Stuttgart,,DE,48.68333333333333,9.2,1,3679357,2223711,9355,9358
STS,Santa Rosa,CA,US,38.510555555555555,-122.81027777777777,1,115367,116030,962,677
STT,St Thomas Island,,VI,18.333333333333332,-64.96666666666667,1,229871,408115,1417,1036
STV,Surat,GJ,IN,21.11416666666667,72.74166666666667,1,72039,94075,137,131
STW,Stavropol,,RU,45.10916666666667,42.11277777777778,1,0,0,31,27
STX,St Croix Island,,VI,17.716666666666665,-64.78333333333333,1,83587,118036,356,351
STY,Salto,,UY,-31.433333333333334,-57.983333333333334,0,0,0,0,0
STZ,Santa Terezinha,MT,BR,-10.464444444444444,-50.05277777777778,0,0,0,0,0
SUA,Stuart,FL,US,27.185,-80.22,0,0,0,0,0
SUB,Surabaya,,ID,-7.379722222222222,112.78694444444444,1,2468932,2773681,2321,2143
SUD,Stroud,OK,US,35.733333333333334,-96.65,0,0,0,0,0
SUE,Sturgeon Bay,WI,US,44.833333333333336,-87.41666666666667,0,0,0,0,0
SUF,Lamezia Terme,,IT,38.90833333333333,16.241666666666667,1,509464,448010,1542,1772
SUG,Surigao,,PH,9.760833333333334,125.48111111111112,1,0,1,16,14
SUH,Sur,,OM,22.55,59.5,0,0,0,0,0
SUI,Sokhumi,,GE,42.858333333333334,41.128055555555555,0,0,0,0,0
SUJ,Satu Mare,,RO,47.70333333333333,22.885833333333334,1,2365,3614,20,20
SUK,Sakkyryr,,RU,67.79222222222222,130.39249999999998,1,0,0,4,4
SUL,Sui,,PK,28.633333333333333,69.2,0,0,0,0,0
SUN,Hailey/Sun Valley,ID,US,43.5,-114.31666666666666,1,27348,28328,461,267
SUO,Sunriver,OR,US,43.87638888888889,-121.45305555555557,0,0,0,0,0
SUP,Sumenep,,ID,-7.023055555555556,113.88861111111112,0,0,0,0,0
SUQ,Sucua,,EC,-2.466666666666667,-78.18333333333334,0,0,0,0,0
SUR,Summer Beaver,ON,CA,52.70861111111111,-88.54222222222222,1,0,0,5,4
SUT,Sumbawanga,,TZ,-7.948333333333333,31.611666666666668,0,0,0,0,0
SUU,Fairfield,CA,US,38.26083333333333,-121.93083333333334,0,0,0,0,0
SUV,Suva,,FJ,-18.044722222222223,178.56305555555556,1,48279,88403,1506,1548
SUW,Superior,WI,US,46.68333333333333,-92.095,0,0,0,0,0
SUX,Sioux City,IA,US,42.402499999999996,-96.38444444444445,1,21590,21152,16,15
SUY,Suntar,,RU,62.184999999999995,117.635,1,0,0,4,5
SUZ,Suria,,PG,-7.166666666666667,143.91666666666666,0,0,0,0,0
SVA,Savoonga,AK,US,63.686388888888885,-170.49249999999998,1,3,8,5,4
SVB,Sambava,,MG,-14.278611111111111,50.17472222222222,1,1,0,58,61
SVC,Silver City,NM,US,32.6325,-108.1563888888889,1,674,769,22,23
SVD,St Vincent,,VC,13.144444444444444,-61.21083333333333,1,57169,82847,187,192
SVE,Susanville,CA,US,40.4,-120.65,0,0,0,0,0
SVF,Save,,BJ,8.033333333333333,2.4833333333333334,0,0,0,0,0
SVG,Stavanger,,NO,58.876666666666665,5.637777777777777,1,670028,459040,5175,4977
SVH,Statesville,NC,US,35.764722222222225,-80.95305555555557,0,0,0,0,0
SVI,San Vicente del Caguan,,CO,2.152222222222222,-74.76638888888888,1,0,0,2,2
SVJ,Svolvaer,,NO,68.24388888888889,14.669444444444444,1,12080,20517,195,215
SVK,Silver Creek,,BZ,16.72861111111111,-88.36916666666666,0,0,0,0,0
SVL,Savonlinna,,FI,61.94305555555555,28.945,1,367,439,10,10
SVM,St Pauls,QL,AU,-10.2,142.3,0,0,0,0,0
SVP,Kuito,,AO,-12.404444444444445,16.948333333333334,0,0,2,0,0
SVQ,Sevilla,,ES,37.388888888888886,-5.984444444444445,1,2197483,2306769,5729,5236
SVR,Savissivik,,GL,76.01888888888888,-65.09805555555555,1,0,0,0,0
SVS,Stevens Village,AK,US,66.01611111111112,-149.06111111111113,1,0,0,0,0
SVT,Savuti,,BW,-18.633333333333333,24.083333333333332,0,0,0,0,0
SVU,Savusavu,,FJ,-16.799166666666668,179.3388888888889,1,7334,11404,330,319
SVV,San Salvador de Paul,,VE,7.0,-62.0,0,0,0,0,0
SVW,Sparrevohn,AK,US,61.083333333333336,-155.56666666666666,0,0,0,0,0
SVX,Yekaterinburg,,RU,56.74305555555556,60.80277777777778,1,856855,451020,944,833
SVY,Savo Island,,SB,-9.166666666666666,159.83333333333334,0,0,0,0,0
SVZ,San Antonio Tachira,,VE,7.840833333333333,-72.43972222222223,1,1,1,8,8
SWA,Shantou,,CN,23.427500000000002,116.7625,1,279363,301222,1316,1331
SWB,Shaw River,WA,AU,-21.516666666666666,119.36666666666666,0,0,0,0,0
SWC,Stawell,VI,AU,-37.06666666666667,142.76666666666668,0,0,0,0,0
SWD,Seward,AK,US,60.13333333333333,-149.41666666666666,0,0,0,0,0
SWE,Siwea,,PG,-6.283333333333333,147.55,0,0,0,0,0
SWG,Satwag,,PG,-5.883333333333333,147.95,0,0,0,0,0
SWH,Swan Hill,VI,AU,-35.38333333333333,143.55,0,0,0,0,0
SWJ,South West Bay,,VU,-16.48638888888889,167.44722222222222,1,5,16,3,3
SWL,San Vicente,,PH,10.524722222222223,119.27333333333333,1,0,0,0,0
SWM,Alto Boa Vista,MT,BR,-11.666666666666666,-51.420833333333334,0,0,0,0,0
SWN,Sahiwal,,PK,30.666666666666668,73.1,0,0,0,0,0
SWO,Stillwater,OK,US,36.15861111111111,-97.08694444444444,1,14098,13336,55,68
SWP,Swakopmund,,NA,-22.666666666666668,14.566666666666666,1,1,22,0,0
SWQ,Sumbawa,,ID,-8.488055555555555,117.4113888888889,1,0,0,1,1
SWR,Silur,,PG,-4.533333333333333,153.05,0,0,0,0,0
SWS,Swansea,,GB,51.60527777777778,-4.067777777777778,1,2883,3104,0,0
SWT,Strzhewoi,,RU,60.71,77.66055555555556,1,0,0,15,15
SWU,Suwon,,KR,37.23388888888889,127.00138888888888,0,0,0,0,0
SWV,Evensk,,RU,61.921388888888885,159.22972222222222,1,0,0,1,1
SWW,Sweetwater,TX,US,32.46666666666667,-100.46666666666667,0,0,0,0,0
SWX,Shakawe,,BW,-18.383333333333333,21.833333333333332,0,0,0,0,0
SWY,Sitiawan,,MY,4.216666666666667,100.7,0,0,0,0,0
SXA,Sialum,,PG,-6.1,147.6,0,0,0,0,0
SXB,Strasbourg,,FR,48.54194444444444,7.634444444444444,1,350567,633593,619,631
SXE,Sale,VI,AU,-38.083333333333336,146.96666666666667,0,0,0,0,0
SXG,Senanga,,ZM,-16.1,23.266666666666666,0,0,0,0,0
SXH,Sehulea,,PG,-10.216666666666667,150.35,0,0,0,0,0
SXI,Sirri Island,,IR,25.90833333333333,54.541666666666664,0,0,0,0,0
SXJ,Shanshan,,CN,42.81666666666667,90.23333333333333,0,0,0,0,0
SXK,Saumlaki,,ID,-7.9880555555555555,131.305,1,0,0,1,4
SXL,Sligo,,IE,54.280277777777776,-8.599166666666667,0,0,0,0,0
SXM,St Maarten,,SX,18.040833333333335,-63.10888888888889,1,227588,362389,1397,1173
SXN,Sua Pan,,BW,-20.55,26.116666666666667,0,0,0,0,0
SXO,Sao Felix do Araguaia,MT,BR,-11.6325,-50.68888888888888,0,0,0,0,0
SXP,Nunam Iqua,AK,US,62.52166666666667,-164.84666666666666,1,0,0,0,0
SXQ,Soldotna,AK,US,60.483333333333334,-151.06666666666666,0,0,0,0,0
SXR,Srinagar,JK,IN,33.98722222222222,74.77416666666666,1,1283381,1326024,552,543
SXS,Sahabat,,MY,5.089722222222222,119.09166666666667,0,0,0,0,0
SXT,Taman Negara,,MY,4.330555555555556,102.39666666666668,0,0,0,0,0
SXU,Sodo,,ET,6.833333333333333,37.75,0,0,0,0,0
SXV,Salem,TN,IN,11.781111111111112,78.06361111111111,1,0,0,15,13
SXW,Sauren,,PG,-5.969444444444445,148.95277777777775,0,0,0,0,0
SXX,Sao Felix do Xingu,PA,BR,-6.634444444444444,-51.98444444444444,0,0,0,0,0
SXY,Sidney,NY,US,42.31666666666667,-75.4,0,0,0,0,0
SXZ,Siirt,,TR,37.978611111111114,41.839444444444446,1,1904,4954,5,5
SYA,Shemya,AK,US,52.71277777777778,174.11305555555555,0,0,0,0,0
SYB,Seal Bay,AK,US,58.36694444444444,-152.2072222222222,1,0,0,2,2
SYC,Shiringayoc,,PE,-12.9,-69.16666666666667,0,0,0,0,0
SYD,Sydney,NS,AU,-33.93333333333333,151.16666666666666,1,21972558,19320718,29155,28111
SYE,Sa Dah,,YE,16.966666666666665,43.733333333333334,0,0,0,0,0
SYF,Silva Bay,BC,CA,49.15,-123.69722222222222,1,0,0,0,0
SYH,Syangboche,,NP,27.75,86.73333333333333,0,0,0,0,0
SYI,Shelbyville,TN,US,35.56666666666667,-86.45,0,0,0,0,0
SYJ,Sirjan,,IR,29.553333333333335,55.669444444444444,1,0,0,7,7
SYK,Stykkisholmur,,IS,65.05805555555555,-22.79416666666667,0,0,0,0,0
SYL,San Miguel,CA,US,35.75,-120.7,0,0,0,0,0
SYM,Simao,,CN,22.794722222222223,100.95916666666668,1,572,858,67,70
SYN,Stanton,MN,US,44.46805555555556,-93.0,0,0,0,0,0
SYO,Shonai,,JP,38.81222222222222,139.78722222222223,1,10917,10182,105,88
SYP,Santiago,,PA,8.1,-80.98333333333333,0,0,0,0,0
SYR,Syracuse,NY,US,43.111111111111114,-76.10638888888889,1,720913,480266,5676,4138
SYS,Sashylakh,,RU,71.92777777777778,114.08,1,0,0,4,4
SYT,St-Yan,,FR,46.406388888888884,4.021111111111111,0,0,0,0,0
SYU,Warraber Island,QL,AU,-10.20722222222222,142.82361111111112,1,11,13,164,126
SYV,Sylvester,GA,US,31.516666666666666,-83.83333333333333,0,0,0,0,0
SYW,Sehwen Sharif,,PK,26.416666666666668,67.85,0,0,0,0,0
SYX,Sanya,,CN,18.302777777777777,109.41222222222223,1,269831,563959,2874,2919
SYY,Stornoway,,GB,58.21555555555556,-6.3311111111111105,1,6360,11074,399,371
SYZ,Shiraz,,IR,29.540277777777778,52.58861111111111,1,41116,130392,288,226
SZA,Soyo,,AO,-6.141111111111112,12.3725,1,229,437,2,2
SZC,Sarfannguaq,,GL,66.89722222222223,-52.870555555555555,1,0,0,0,0
SZE,Semera,,ET,11.786388888888888,40.99305555555556,1,9159,10247,5,4
SZF,Samsun,,TR,41.254444444444445,36.56722222222223,1,95524,121559,658,566
SZG,Salzburg,,AT,47.79361111111111,13.004444444444445,1,530107,530323,1281,1258
SZH,Shuozhou,,CN,39.2725,112.69055555555556,1,0,0,13,14
SZI,Zaysan,,KZ,47.487500000000004,84.8863888888889,0,0,0,0,0
SZJ,Siguanea,,CU,21.633333333333333,-82.95,0,0,0,0,0
SZK,Skukuza,,ZA,-24.964444444444442,31.590555555555554,1,5124,8613,489,408
SZL,Knob Noster,MO,US,38.766666666666666,-93.73333333333333,0,0,0,0,0
SZM,Sesriem,,NA,-24.583333333333332,15.833333333333334,0,0,0,0,0
SZN,Santa Cruz Island,CA,US,36.96666666666667,-122.01666666666667,0,0,0,0,0
SZP,Santa Paula,CA,US,34.346944444444446,-119.06166666666667,0,0,0,0,0
SZR,Stara Zagora,,BG,42.376666666666665,25.655277777777776,0,0,0,0,0
SZS,Stewart Island,,NZ,-46.89972222222222,168.1011111111111,1,0,0,0,0
SZU,Segou,,ML,13.433333333333334,-6.283333333333333,0,0,0,0,0
SZV,Suzhou,,CN,31.263333333333332,120.40111111111112,1,5,12,0,0
SZW,Schwerin,,DE,53.42722222222222,11.783055555555556,0,0,0,0,0
SZX,Shenzhen,,CN,22.639166666666664,113.81055555555555,1,5410742,5194935,9544,9698
SZY,Szczytno,,PL,53.480555555555554,20.93722222222222,1,4876,7274,13,11
SZZ,Szczecin,,PL,53.584722222222226,14.902222222222223,1,111362,109931,163,149
TAA,Tarapaina,,SB,-9.366666666666667,161.2,0,0,0,0,0
TAB,Tobago,,TT,11.149722222222222,-60.83222222222223,1,20361,34423,193,189
TAC,Tacloban,,PH,11.227500000000001,125.02777777777777,1,384664,599905,153,162
TAD,Trinidad,CO,US,37.266666666666666,-104.33333333333333,0,0,0,0,0
TAE,Daegu,,KR,35.89416666666666,128.6588888888889,1,1678029,1395320,92,82
TAG,Panglao,,PH,9.660277777777779,123.85416666666666,1,494783,787260,150,149
TAH,Tanna,,VU,-19.455,169.2238888888889,1,18626,18950,19,16
TAI,Taizz,,YE,13.685833333333333,44.13916666666667,1,0,0,0,0
TAK,Takamatsu,,JP,34.21416666666667,134.01555555555555,1,258209,246458,436,445
TAL,Tanana,AK,US,65.17472222222223,-152.10666666666665,1,0,0,10,9
TAM,Tampico,,MX,22.29638888888889,-97.86583333333333,1,111368,119993,773,596
TAN,Tangalooma,QL,AU,-27.141666666666666,153.4,0,0,0,0,0
TAO,Qingdao,,CN,36.36222222222222,120.08749999999999,1,3892046,3979938,3530,3621
TAP,Tapachula,,MX,14.794444444444444,-92.36999999999999,1,86414,79063,672,339
TAQ,Tarcoola,SA,AU,-30.704166666666666,134.58305555555555,0,0,0,0,0
TAR,Taranto,,IT,40.51277777777778,17.404722222222222,0,0,0,0,0
TAS,Tashkent,,UZ,41.257777777777775,69.28111111111112,1,3597203,5329788,1171,1187
TAT,Poprad,,SK,49.07361111111111,20.241111111111113,1,0,1,9,10
TAU,Tauramena,,CO,5.0,-72.73333333333333,0,0,0,0,0
TAV,Tau,,AS,-14.25,-169.5,0,0,0,0,0
TAW,Tacuarembo,,UY,-31.75,-55.916666666666664,0,0,0,0,0
TAX,Taliabu,,ID,-1.6433333333333333,124.5611111111111,0,0,0,0,0
TAY,Tartu,,EE,58.3075,26.690555555555555,0,0,0,35,32
TAZ,Dashoguz,,TM,41.76166666666666,59.8425,1,0,0,19,19
TBA,Tabibuga,,PG,-5.583333333333333,144.65,0,0,0,0,0
TBB,Tuyhoa,,VN,13.049444444444445,109.33361111111111,1,5651,9076,117,114
TBC,Tuba City,AZ,US,36.13333333333333,-111.23333333333333,0,0,0,0,0
TBD,Timbiqui,,CO,2.7666666666666666,-77.65,0,0,0,0,0
TBE,Timbunke,,PG,-4.2,143.51666666666668,0,0,0,0,0
TBF,Tabiteuea North,,KI,-1.2247222222222223,174.7763888888889,1,0,0,14,14
TBG,Tabubil,,PG,-5.278611111111111,141.2263888888889,1,119,195,3,4
TBH,Tablas,,PH,12.311388888888889,122.08,1,0,0,1,1
TBI,The Bight,,BS,24.315555555555555,-75.45361111111112,1,0,3,3,3
TBJ,Tabarka,,TN,36.980000000000004,8.876944444444446,1,0,0,0,0
TBK,Timber Creek,NT,AU,-15.616666666666667,130.43333333333334,0,0,0,0,0
TBL,Tablelands,WA,AU,-17.3,126.83333333333333,0,0,0,0,0
TBM,Tumbang Samba,,ID,-3.25,112.58333333333333,0,0,0,0,0
TBN,Fort Leonard Wood,MO,US,37.74166666666667,-92.14083333333333,1,7934,7984,6,6
TBO,Tabora,,TZ,-5.076666666666666,32.83111111111111,1,312,306,3,6
TBP,Tumbes,,PE,-3.5524999999999998,-80.38138888888888,1,47265,53148,481,240
TBQ,Tarabo,,PG,-6.466666666666667,145.53333333333333,0,0,0,0,0
TBR,Statesboro,GA,US,32.483333333333334,-81.75,0,0,0,0,0
TBS,Tbilisi,,GE,41.66916666666666,44.95472222222222,1,2936579,3718755,1496,1358
TBT,Tabatinga,AM,BR,-4.255833333333333,-69.93611111111112,1,3071,2928,30,30
TBU,Nuku'Alofa,,TO,-21.244444444444447,-175.1436111111111,1,42996,72195,258,260
TBV,Tabal Island,,MH,10.033333333333333,169.98333333333332,0,0,0,0,0
TBW,Tambov,,RU,52.70055555555556,41.37444444444444,1,0,0,4,3
TBX,Tambelan,,ID,0.9833333333333332,107.56694444444445,0,0,0,0,0
TBY,Tshabong,,BW,-26.066666666666666,22.466666666666665,0,0,0,0,0
TBZ,Tabriz,,IR,38.13388888888889,46.235,1,31225,26757,263,258
TCA,Tennant Creek,NT,AU,-19.634444444444444,134.17694444444444,1,375,376,3,3
TCB,Treasure Cay,,BS,26.74527777777778,-77.3913888888889,1,12,33,0,0
TCC,Tucumcari,NM,US,35.18333333333333,-103.6,0,0,0,0,0
TCD,Tarapaca,,CO,-2.8958333333333335,-69.75,0,0,0,0,0
TCE,Tulcea,,RO,45.064166666666665,28.714166666666667,0,0,0,0,0
TCF,Tocoa,,HN,15.7,-86.01666666666667,0,0,0,0,0
TCG,Tacheng,,CN,46.672777777777775,83.3411111111111,1,153,222,52,49
TCH,Tchibanga,,GA,-2.8049999999999997,10.955277777777777,0,0,0,0,0
TCI,Tenerife,,ES,28.316666666666666,-16.566666666666666,1,1775594,3591237,14329,14681
TCJ,Torembi,,PG,-4.016666666666667,143.13333333333333,0,0,0,0,0
TCK,Tinboli,,PG,-4.083333333333333,143.38333333333333,0,0,0,0,0
TCL,Tuscaloosa,AL,US,33.219166666666666,-87.61,0,0,1,0,0
TCN,Tehuacan,,MX,18.483333333333334,-97.41666666666667,0,0,0,0,0
TCO,Tumaco,,CO,1.8144444444444445,-78.74916666666667,1,1318,1483,42,40
TCP,Taba,,EG,29.588055555555556,34.77638888888889,0,0,0,0,0
TCQ,Tacna,,PE,-18.053333333333335,-70.27583333333334,1,39127,36388,668,628
TCR,Tuticorin,TN,IN,8.723333333333333,78.02638888888889,1,0,0,13,12
TCS,Truth Or Consequences,NM,US,33.11666666666667,-107.25,0,0,0,0,0
TCT,Takotna,AK,US,62.99277777777778,-156.07027777777776,1,0,0,3,3
TCU,Thaba Nchu,,ZA,-29.283333333333335,26.866666666666667,0,0,0,0,0
TCV,Hog Cay,,BS,23.397222222222222,-75.49694444444445,0,0,0,0,0
TCW,Tocumwal,NS,AU,-35.81666666666667,145.56666666666666,0,0,0,0,0
TCX,Tabas,,IR,33.66722222222222,56.89333333333333,1,0,0,2,2
TCY,Terrace Bay,,NA,-19.983333333333334,13.0,0,0,0,0,0
TCZ,Tengchong,,CN,24.93777777777778,98.48555555555555,1,4266,7357,307,305
TDA,Trinidad,,CO,5.266666666666667,-71.63333333333334,0,0,0,0,0
TDB,Tetabedi,,PG,-9.2,148.08333333333334,0,0,0,0,0
TDD,Trinidad,,BO,-14.821666666666667,-64.915,1,8839,9834,47,59
TDG,Tandag,,PH,9.072222222222223,126.1713888888889,0,0,0,0,0
TDJ,Tadjoura,,DJ,11.8,42.9,0,0,0,0,0
TDK,Taldykorgan,,KZ,45.12277777777778,78.44277777777778,1,0,0,4,4
TDL,Tandil,BA,AR,-37.233333333333334,-59.2,0,0,0,0,0
TDN,Theda Station,WA,AU,-14.75,126.51666666666667,0,0,0,0,0
TDO,Toledo,WA,US,46.43333333333333,-122.85,0,0,0,0,0
TDP,Trompeteros,,PE,-3.8074999999999997,-75.04777777777778,0,0,0,0,0
TDR,Theodore,QL,AU,-24.983333333333334,150.08333333333334,0,0,0,0,0
TDS,Sasereme,,PG,-7.623055555555556,142.86916666666667,0,0,0,0,0
TDT,Timbavati,,ZA,-24.533333333333335,31.3,0,0,0,0,0
TDV,Tanandava,,MG,-21.7,43.733333333333334,0,0,0,0,0
TDX,Trat,,TH,12.274444444444445,102.31888888888888,1,14599,29856,192,277
TEA,Tela,,HN,15.766666666666667,-87.45,0,0,0,0,0
TEB,Teterboro,NJ,US,40.85,-74.06083333333333,1,93,6,402,425
TEC,Telemaco Borba,PR,BR,-24.316666666666666,-50.65277777777778,1,48,33,4,4
TED,Thisted,,DK,57.06888888888889,8.705277777777777,0,0,0,0,0
TEE,Tebessa,,DZ,35.431666666666665,8.120833333333334,1,728,1185,6,6
TEF,Telfer,WA,AU,-21.71611111111111,122.23111111111112,1,0,0,0,0
TEG,Tenkodogo,,BF,11.783333333333333,-0.36666666666666664,0,0,0,0,0
TEH,Tetlin,AK,US,63.13333333333333,-142.51666666666668,0,0,0,0,0
TEI,Tezu,AR,IN,27.95,96.13333333333334,1,0,0,4,4
TEK,Tatitlek,AK,US,60.87138888888889,-146.68972222222223,1,0,0,3,3
TEL,Telupid,,MY,5.629722222222223,117.125,0,0,0,0,0
TEM,Temora,NS,AU,-34.416666666666664,147.5,0,0,0,0,0
TEN,Tongren,,CN,27.883333333333333,109.30833333333334,1,1565,2603,101,96
TEO,Terapo,,PG,-8.083333333333334,146.06666666666666,0,0,0,0,0
TEP,Teptep,,PG,-5.95,146.55,0,0,0,0,0
TEQ,Tekirdag,,TR,41.138888888888886,27.919444444444444,1,2289,2185,63,63
TER,Terceira,,PT,38.761944444444445,-27.090833333333332,1,126556,153375,1036,1075
TES,Teseney,,ER,15.116666666666667,36.68333333333333,0,0,0,0,0
TET,Tete,,MZ,-16.104722222222225,33.640277777777776,1,4229,4614,48,47
TEU,Te Anau,,NZ,-45.532777777777774,167.65055555555557,0,0,0,0,0
TEV,Teruel,,ES,40.407777777777774,-1.2180555555555557,0,0,0,0,0
TEX,Telluride,CO,US,37.95277777777778,-107.9025,1,5592,9036,22,22
TEY,Thingeyri,,IS,65.87027777777777,-23.560000000000002,0,0,0,0,0
TEZ,Tezpur,AS,IN,26.706666666666667,92.77833333333334,1,1891,2667,10,11
TFB,Tifalmin,,PG,-5.1,141.45,0,0,0,0,0
TFF,Tefe,AM,BR,-3.3833333333333333,-64.72416666666666,1,1388,1301,18,15
TFI,Tufi,,PG,-9.07638888888889,149.32,0,0,0,0,0
TFL,Teofilo Otoni,MG,BR,-17.85,-41.5,1,237,259,6,6
TFM,Telefomin,,PG,-5.133333333333334,141.65,0,0,0,0,0
TFR,Ramadan City,,EG,30.049444444444447,31.83972222222222,0,0,0,0,0
TFT,Taftan,,PK,28.966666666666665,61.6,0,0,0,0,0
TFU,Chengdu,,CN,30.31638888888889,104.44277777777778,1,68419,87994,9324,9515
TFY,Krui,,ID,-5.211111111111111,103.9363888888889,0,0,0,0,0
TGA,Singapore,,SG,1.3833333333333333,103.71666666666667,0,1,5,0,0
TGB,Tagbita,,PH,8.716666666666667,117.35,0,0,0,0,0
TGC,Tanjung Manis,,MY,2.1777777777777776,111.20194444444445,1,212,233,4,4
TGD,Podgorica,,ME,42.35944444444445,19.251944444444444,1,512589,564278,1033,1057
TGE,Tuskegee,AL,US,32.46666666666667,-85.68333333333334,0,0,0,0,0
TGG,Kuala Terengganu,,MY,5.381388888888888,103.10472222222222,1,300964,372907,223,271
TGH,Tongoa,,VU,-16.891666666666666,168.55277777777778,1,0,0,0,0
TGI,Tingo Maria,,PE,-9.29,-76.00527777777778,1,0,0,1,1
TGJ,Tiga,,NC,-21.09611111111111,167.8038888888889,1,0,0,4,4
TGK,Taganrog,,RU,47.198055555555555,38.85138888888889,0,0,0,0,0
TGL,Tagula,,PG,-11.5,153.5,0,0,0,0,0
TGM,Tirgu Mures,,RO,46.467777777777776,24.412499999999998,1,30,10,31,31
TGN,Traralgon,VI,AU,-38.2,146.53333333333333,0,0,0,0,0
TGO,Tongliao,,CN,43.5575,122.2,1,3448,4246,177,178
TGP,Bor,,RU,61.59305555555556,90.0025,1,0,0,13,10
TGQ,Tangara da Serra,MT,BR,-14.658888888888889,-57.44444444444444,0,0,0,0,0
TGR,Touggourt,,DZ,33.06777777777778,6.088611111111111,1,323,493,7,7
TGS,Chokwe,,MZ,-24.616666666666667,32.416666666666664,0,0,0,0,0
TGT,Tanga,,TZ,-5.092499999999999,39.07166666666667,1,414,534,51,37
TGU,Tegucigalpa,,HN,14.060833333333335,-87.21722222222222,1,128027,314917,1768,1332
TGV,Targovishte,,BG,43.306666666666665,26.700833333333332,0,0,0,0,0
TGZ,Tuxtla Gutierrez,,MX,16.561944444444446,-93.0261111111111,1,231819,222589,1125,773
THA,Tullahoma,TN,US,35.36666666666667,-86.18333333333334,0,0,0,0,0
THB,Thaba-Tseka,,LS,-29.866666666666667,28.166666666666668,0,0,0,0,0
THC,Tchien,,LR,6.066666666666666,-8.133333333333333,0,0,0,0,0
THD,Thanh Hoe,,VN,19.9025,105.46916666666667,1,15606,16956,731,718
THE,Teresina,PI,BR,-5.06,-42.82361111111111,1,318020,259662,1075,722
THG,Thangool,QL,AU,-24.49527777777778,150.57888888888888,0,0,0,0,0
THH,Taharoa,,NZ,-37.35,174.81666666666666,0,0,0,0,0
THI,Tichit,,MR,18.45,-9.5,0,0,0,0,0
THK,Thakhek,,LA,17.4,104.81666666666666,0,0,0,0,0
THL,Tachilek,,MM,20.482777777777777,99.93333333333334,1,4,1,29,30
THM,Thompson Falls,MT,US,47.57361111111111,-115.28055555555555,0,0,0,0,0
THN,Trollhattan/Vanersborg,,SE,58.31805555555556,12.345,1,812,698,46,45
THO,Thorshofn,,IS,66.21833333333333,-15.334722222222222,1,0,0,2,2
THP,Thermopolis,WY,US,43.65,-108.2,0,0,0,0,0
THQ,Tianshui,,CN,34.55972222222222,105.86,1,0,0,4,4
THR,Tehran,,IR,35.666666666666664,51.43333333333333,1,1196806,2320386,3361,3233
THS,Sukhothai,,TH,17.23777777777778,99.81833333333333,1,9128,18294,245,372
THT,Tamchaket,,MR,17.233333333333334,-10.816666666666666,0,0,0,0,0
THU,Pituffik,,GL,76.53333333333333,-68.75,1,0,0,0,0
THV,York,PA,US,39.95,-76.73333333333333,0,0,0,0,0
THW,Trincomalee,,LK,8.539722222222222,81.18194444444445,0,0,0,0,0
THX,Turukhansk,,RU,65.79777777777778,87.93555555555555,1,0,0,39,39
THY,Thohoyandou,,ZA,-23.076944444444443,30.38361111111111,0,0,0,0,0
THZ,Tahoua,,NE,14.875833333333334,5.265833333333333,0,0,0,0,0
TIA,Tirana,,AL,41.415,19.72083333333333,1,1613913,1958140,3008,2914
TIB,Tibu,,CO,8.633333333333333,-72.73333333333333,0,0,0,0,0
TIC,Tinak Island,,MH,7.05,171.78333333333333,0,0,0,0,0
TID,Tiaret,,DZ,35.34166666666667,1.4669444444444446,1,254,311,4,4
TIE,Tippi,,ET,7.116666666666666,35.38333333333333,0,0,0,0,0
TIF,Taif,,SA,21.483333333333334,40.544444444444444,1,123383,129369,438,385
TIG,Tingwon,,PG,-2.6,149.78333333333333,0,0,0,0,0
TIH,Tikehau,,PF,-15.119722222222222,-148.23083333333332,1,266,512,61,54
TII,Tarin Kot,,AF,32.60722222222223,65.86333333333333,0,0,0,0,0
TIJ,Tijuana,,MX,32.54111111111111,-116.97027777777778,1,1281036,950510,2769,2350
TIL,Cheadle,AB,CA,51.05,-113.63333333333334,0,0,0,0,0
TIM,Tembagapura/Timika,,ID,-4.528333333333333,136.8875,1,16374,38043,127,125
TIN,Tindouf,,DZ,27.700277777777778,-8.167222222222222,1,1741,3525,27,21
TIO,Tilin,,MM,21.7,94.06666666666666,0,0,0,0,0
TIP,Tripoli,,LY,32.66361111111111,13.158888888888889,1,20330,26394,23,23
TIQ,Tinian,,MP,14.999166666666666,145.61944444444444,1,0,0,0,0
TIR,Tirupati,AP,IN,13.6325,79.54333333333334,1,246869,374874,66,101
TIU,Timaru,,NZ,-44.3,171.22472222222223,1,3047,3401,29,25
TIV,Tivat,,ME,42.40472222222222,18.723333333333333,1,180522,219944,1080,1053
TIW,Tacoma,WA,US,47.266666666666666,-122.56666666666666,1,0,15,0,0
TIX,Titusville,FL,US,28.516666666666666,-80.8,0,0,0,0,0
TIY,Tidjikja,,MR,18.55,-11.433333333333334,0,0,0,0,0
TIZ,Tari,,PG,-5.845,142.9475,1,520,617,6,5
TJA,Tarija,,BO,-21.551111111111112,-64.70833333333334,1,10896,11672,19,20
TJB,Tanjung Balai,,ID,2.966666666666667,99.8,1,0,0,0,0
TJC,Ticantiqui,,PA,9.408333333333333,-78.4888888888889,0,0,0,0,0
TJG,Tanjung,,ID,-2.216666666666667,115.4363888888889,0,0,0,0,0
TJH,Toyooka,,JP,35.513333333333335,134.78722222222223,1,2125,2713,8,5
TJI,Trujillo,,HN,15.966666666666667,-85.86666666666666,0,0,0,0,0
TJK,Tokat,,TR,40.30722222222222,36.36666666666667,1,7030,9693,41,38
TJL,Tres Lagoas,MS,BR,-20.754444444444445,-51.68388888888889,1,1943,1505,9,10
TJM,Tyumen,,RU,57.18944444444444,65.32416666666666,1,60859,38460,259,300
TJN,Takume,,PF,-15.855555555555556,-142.26833333333335,1,0,0,24,24
TJQ,Tanjung Pandan,,ID,-2.7458333333333336,107.755,1,15178,9950,41,32
TJS,Tanjung Selor,,ID,2.836388888888889,117.3736111111111,1,0,0,5,4
TJU,Kulob,,TJ,37.98833333333334,69.80527777777777,1,0,0,39,33
TJV,Thanjavur,TN,IN,10.8,79.15,0,0,0,0,0
TKA,Talkeetna,AK,US,62.3,-150.11666666666667,0,0,0,0,0
TKB,Tekadu,,PG,-7.666666666666667,146.55,0,0,0,0,0
TKC,Tiko,,CM,4.116666666666666,9.333333333333334,0,0,0,0,0
TKD,Takoradi,,GH,4.895555555555555,-1.774722222222222,1,1198,1731,22,19
TKE,Tenakee,AK,US,57.779444444444444,-135.21722222222223,1,16,16,48,85
TKF,Truckee,CA,US,39.318333333333335,-120.13833333333334,1,0,0,0,1
TKG,Bandar Lampung,,ID,-5.242222222222222,105.17888888888889,1,104617,87545,231,246
TKH,Takhli,,TH,15.25,100.35,0,0,0,0,0
TKI,Tokeen,AK,US,55.9375,-133.325,0,0,0,0,0
TKJ,Tok,AK,US,63.32972222222222,-142.95444444444442,1,0,0,6,5
TKK,Chuuk,,FM,7.461944444444445,151.84305555555557,1,2164,3188,33,39
TKL,Taku Harbor,AK,US,58.06666666666667,-134.01666666666668,0,0,0,0,0
TKN,Tokunoshima,,JP,27.836388888888887,128.8813888888889,1,5347,6867,89,130
TKO,Tlokoeng,,LS,-29.233333333333334,28.883333333333333,0,0,0,0,0
TKP,Takapoto,,PF,-14.709444444444443,-145.2458333333333,1,2,10,21,12
TKQ,Kigoma,,TZ,-4.888055555555555,29.671666666666667,1,2136,2396,9,9
TKR,Thakurgaon,,BD,26.016666666666666,88.46666666666667,0,0,0,0,0
TKS,Tokushima,,JP,34.132777777777775,134.60666666666665,1,38045,33948,326,284
TKT,Tak,,TH,16.883333333333333,99.16666666666667,0,0,0,0,0
TKU,Turku,,FI,60.51416666666667,22.262777777777778,1,82243,88786,197,202
TKV,Tatakoto,,PF,-17.355555555555558,-138.44861111111112,1,0,0,40,20
TKW,Tekin,,PG,-5.25,142.15,0,0,0,0,0
TKX,Takaroa,,PF,-14.455833333333333,-145.02444444444447,1,3,3,12,21
TKY,Turkey Creek,WA,AU,-17.05,128.2,0,0,0,0,0
TKZ,Tokoroa,,NZ,-38.233333333333334,175.86666666666667,0,0,0,0,0
TLA,Teller,AK,US,65.24027777777778,-166.33777777777777,1,14,13,9,6
TLB,Tarbela,,PK,34.13333333333333,72.81666666666666,0,0,0,0,0
TLD,Tuli Lodge,,BW,-22.166666666666668,29.1,0,0,0,0,0
TLE,Toliara,,MG,-23.383333333333333,43.72833333333333,1,457,619,105,111
TLF,Telida,AK,US,63.38333333333333,-153.26666666666668,0,0,0,0,0
TLG,Tulaghi,,SB,-9.1,160.15,0,0,0,0,0
TLH,Tallahassee,FL,US,30.391666666666666,-84.34972222222221,1,192579,172685,2645,2000
TLI,Tolitoli,,ID,1.1236111111111111,120.79333333333334,1,0,0,2,2
TLJ,Tatalina,AK,US,62.89555555555555,-155.9777777777778,0,0,0,0,0
TLK,Talakan,,RU,59.88166666666667,111.04555555555555,1,877,466,67,65
TLL,Tallinn,,EE,59.413333333333334,24.8325,1,1424888,1277205,2090,1927
TLM,Tlemcen,,DZ,35.013333333333335,-1.4577777777777778,1,25379,41483,57,59
TLN,Toulon/Hyeres,,FR,43.09722222222222,6.146111111111112,1,1779,1300,209,204
TLO,Tol,,PG,-4.9833333333333325,152.03333333333333,0,0,0,0,0
TLP,Tumolbil,,PG,-4.783333333333333,141.01666666666668,0,0,0,0,0
TLQ,Turpan,,CN,43.030277777777776,89.09722222222221,1,0,0,38,36
TLR,Tulare,CA,US,36.333333333333336,-119.3,0,0,0,0,0
TLS,Toulouse,,FR,43.635,1.3677777777777778,1,2085140,1471299,13122,12874
TLT,Tuluksak,AK,US,61.09777777777778,-160.96805555555557,1,20,2,2,2
TLU,Tolu,,CO,9.511944444444444,-75.58666666666666,1,1,0,4,4
TLV,Tel Aviv-Yafo,,IL,31.983333333333334,34.88333333333333,1,9021282,8235787,10184,10408
TLW,Talasea,,PG,-5.276111111111111,150.01166666666666,0,0,0,0,0
TLX,Talca,,CL,-35.43333333333333,-71.66666666666667,0,0,0,0,0
TLY,Plastun,,RU,44.81472222222222,136.29166666666666,1,0,0,1,1
TLZ,Catalao,GO,BR,-18.166666666666668,-47.95,0,0,0,0,0
TMA,Tifton,GA,US,31.433333333333334,-83.48333333333333,0,0,0,0,0
TMC,Tambolaka,,ID,-9.409722222222223,119.24444444444444,1,0,0,47,21
TMD,Timbedra,,MR,16.233333333333334,-8.166666666666666,0,0,0,0,0
TME,Tame,,CO,6.4511111111111115,-71.76027777777777,1,0,0,2,2
TMF,Thimarafushi,,MV,2.2105555555555556,73.1525,1,0,0,2,2
TMG,Tomanggong,,MY,5.4,118.65,0,0,0,0,0
TMH,Tanahmerah,,ID,-6.0975,140.30305555555557,1,0,0,3,3
TMI,Tumlingtar,,NP,27.316666666666666,87.19333333333334,1,103,163,1,1
TMJ,Termez,,UZ,37.28666666666666,67.31,1,21337,104697,14,13
TMK,Tamky,,VN,15.566666666666666,108.48333333333333,0,0,0,0,0
TML,Tamale,,GH,9.557222222222222,-0.8633333333333333,1,1532,3071,21,21
TMM,Toamasina,,MG,-18.109444444444446,49.3925,1,1341,2098,79,78
TMN,Tamana,,KI,-2.486111111111111,175.97027777777777,1,0,0,4,4
TMO,Tumeremo,,VE,7.3,-61.5,0,0,0,0,0
TMP,Tampere,,FI,61.41416666666667,23.604444444444447,1,64060,64261,68,68
TMQ,Tambao,,BF,14.783333333333333,0.3333333333333333,0,0,0,0,0
TMR,Tamanrasset,,DZ,22.81138888888889,5.4511111111111115,1,2591,3337,87,96
TMS,Sao Tome,,ST,0.37805555555555553,6.7122222222222225,1,31847,52208,66,65
TMT,Trombetas,PA,BR,-1.488611111111111,-56.39222222222222,1,124,84,21,23
TMU,Tambor,,CR,9.739722222222222,-85.01694444444445,0,549,793,0,1
TMW,Tamworth,NS,AU,-31.083888888888886,150.84666666666666,1,68653,73485,90,77
TMX,Timimoun,,DZ,29.236944444444447,0.27694444444444444,1,1161,1585,18,18
TMY,Tiom,,ID,-3.95,138.41666666666666,0,0,0,0,0
TMZ,Thames,,NZ,-37.13333333333333,175.55,0,0,0,0,0
TNA,Jinan,,CN,36.85722222222223,117.21611111111112,1,1072799,1214778,2436,2390
TNB,Tanah Grogot,,ID,-1.9166666666666665,116.2,0,0,0,0,0
TNC,Tin City,AK,US,65.56611111111111,-167.92305555555555,1,1,0,1,2
TND,Trinidad,,CU,21.8,-80.0,0,0,0,0,0
TNE,Tanegashima,,JP,30.54527777777778,130.95166666666665,1,3834,4569,71,80
TNF,Toussus-Le-Noble,,FR,48.749722222222225,2.111111111111111,0,0,0,0,0
TNG,Tangier,,MA,35.72694444444445,-5.916944444444445,1,542953,705327,1021,952
TNH,Tonghua,,CN,42.253055555555555,125.70444444444445,1,1316,2233,38,39
TNI,Satna,MP,IN,24.55,80.83333333333333,0,0,0,0,0
TNJ,Tanjung Pinang,,ID,0.9238888888888888,104.53305555555555,1,56682,62336,41,50
TNK,Tununak,AK,US,60.57555555555556,-165.2711111111111,1,0,0,2,2
TNL,Ternopil,,UA,49.56666666666667,25.6,0,0,0,0,0
TNM,King George Island,,AQ,-62.18333333333333,-58.983333333333334,0,0,0,0,0
TNN,Tainan,,TW,22.950277777777778,120.20583333333333,1,36596,25148,35,37
TNO,Tamarindo,,CR,10.315833333333334,-85.81277777777777,1,514,817,28,27
TNP,Twentynine Palms,CA,US,34.13333333333333,-116.05,0,0,0,0,0
TNQ,Teraina,,KI,4.7,-160.33333333333334,0,0,0,0,0
TNR,Antananarivo,,MG,-18.796944444444446,47.47888888888889,1,241237,358647,1159,1112
TNS,Tungsten,NT,CA,61.95,-128.26666666666668,0,0,0,0,0
TNU,Newton,IA,US,41.7,-93.05,0,0,0,0,0
TNV,Tabuaeran,,KI,3.8333333333333335,-159.35,0,0,0,0,0
TNW,Tena,,EC,-1.0605555555555557,-77.57972222222222,0,0,0,0,0
TNX,Stung Treng,,KH,13.531944444444445,106.01444444444445,0,0,0,0,0
TNZ,Tosontsengel,,MN,48.73833333333334,98.2961111111111,0,0,0,0,0
TOA,Torrance,CA,US,33.78333333333333,-118.25,0,0,0,0,0
TOB,Tobruk,,LY,31.855,23.89638888888889,1,0,2,2,2
TOC,Toccoa,GA,US,34.592222222222226,-83.29777777777778,0,0,0,0,0
TOD,Tioman Island,,MY,2.8191666666666664,104.16000000000001,0,0,0,0,0
TOE,Tozeur,,TN,33.939722222222215,8.110555555555555,1,79,198,14,14
TOF,Tomsk,,RU,56.38583333333333,85.21333333333334,1,20913,16178,120,122
TOG,Togiak,AK,US,59.052499999999995,-160.39916666666667,1,0,0,0,0
TOH,Torres,,VU,-13.327777777777778,166.63861111111112,1,2,6,2,2
TOI,Troy,AL,US,31.8,-85.96666666666667,0,0,0,0,0
TOK,Torokina,,PG,-6.216666666666667,155.05,0,0,0,0,0
TOL,Toledo,OH,US,41.583333333333336,-83.8,1,2302,948,126,125
TOM,Tombouctou,,ML,16.733888888888888,-3.9986111111111113,1,0,0,1,1
TON,Tonu,,PG,-6.65,155.43333333333334,0,0,0,0,0
TOO,San Vito,,CR,8.833333333333334,-82.96666666666667,0,0,0,0,0
TOP,Topeka,KS,US,39.06666666666667,-95.61666666666666,1,9,9,0,0
TOQ,Tocopilla,,CL,-22.15,-70.1,0,0,0,0,0
TOR,Torrington,WY,US,42.05,-104.16666666666667,0,0,0,0,0
TOS,Tromso,,NO,69.68333333333334,18.91888888888889,1,833318,1125134,3602,3772
TOT,Totness,,SR,5.865833333333333,-56.3275,0,0,0,0,0
TOU,Touho,,NC,-20.790000000000003,165.25944444444445,0,0,0,0,0
TOV,Tortola,,VG,18.45,-64.58333333333333,1,16709,62836,332,335
TOW,Toledo,PR,BR,-24.6875,-53.6975,0,1413,819,0,0
TOX,Tobolsk,,RU,58.13333333333333,68.23333333333333,1,0,0,19,19
TOY,Toyama,,JP,36.64833333333333,137.1875,1,61944,68850,130,124
TOZ,Touba,,CI,8.283333333333333,-7.683333333333334,0,0,0,0,0
TPA,Tampa,FL,US,27.966666666666665,-82.53333333333333,1,4492750,4305108,26599,22222
TPC,Tarapoa,,EC,-0.13333333333333333,-76.33333333333333,0,0,0,0,0
TPE,Taipei,,TW,25.05,121.5,1,27642516,22537890,8382,8299
TPG,Taiping,,MY,4.85,100.73333333333333,0,0,0,0,0
TPH,Tonopah,NV,US,38.06666666666667,-117.23333333333333,1,0,0,0,0
TPI,Tapini,,PG,-8.366666666666667,146.98333333333332,0,0,0,0,0
TPJ,Taplejung,,NP,27.3,87.7,1,0,0,0,0
TPK,Tapaktuan,,ID,3.2666666666666666,97.18333333333334,0,0,0,0,0
TPL,Temple,TX,US,31.15,-97.4,0,0,0,0,0
TPN,Tiputini,,EC,-0.7666666666666667,-75.53333333333333,0,0,0,0,0
TPP,Tarapoto,,PE,-6.508611111111111,-76.37333333333332,1,56622,95036,869,703
TPQ,Tepic,,MX,21.419444444444444,-104.8425,1,23287,37399,66,52
TPR,Tom Price,WA,AU,-22.65,117.66666666666667,0,0,0,0,0
TPS,Trapani,,IT,37.9075,12.494166666666667,1,927,504,176,156
TPT,Tapeta,,LR,6.5,-8.866666666666667,0,0,0,0,0
TPU,Tikapur,,NP,28.55,81.18333333333334,0,0,0,0,0
TPX,Tupai,,PF,-16.233333333333334,-151.83333333333334,0,0,0,0,0
TQA,Tasiussaq Heliport,,GL,73.37305555555555,-56.06027777777778,1,0,0,0,0
TQD,Al Fallujah,,IQ,33.338055555555556,43.596944444444446,0,0,0,0,0
TQI,Tiniteqilaaq Heliport,,GL,65.89194444444445,-37.78333333333333,1,0,0,0,0
TQL,Tarko-Sale,,RU,64.93,77.81083333333333,0,0,0,0,0
TQN,Taloqan,,AF,36.766666666666666,69.53333333333333,0,0,0,0,0
TQP,Trepell,QL,AU,-21.834999999999997,140.88805555555555,1,0,0,0,0
TQQ,Tomia,,ID,-5.766944444444444,123.91888888888889,1,0,0,2,2
TQR,San Domino Island,,IT,42.11944444444445,15.5025,1,0,0,0,0
TQS,Tres Esquinas,,CO,0.7333333333333333,-75.23333333333333,0,0,0,0,0
TRA,Tarama,,JP,24.653888888888886,124.67555555555556,0,0,0,0,0
TRB,Turbo,,CO,8.1,-76.73333333333333,0,0,0,0,0
TRC,Torreon,,MX,25.56833333333333,-103.41055555555556,1,146727,120763,764,695
TRD,Trondheim,,NO,63.6,10.383333333333333,1,705104,588743,5633,5921
TRE,Tiree,,GB,56.49916666666667,-6.8691666666666675,1,395,1366,92,91
TRG,Tauranga,,NZ,-37.67333333333333,176.19861111111112,1,31467,28138,623,826
TRH,Trona,CA,US,35.8125,-117.32638888888889,0,0,0,0,0
TRI,Bristol/Johnson/Kingsport,TN,US,36.47527777777778,-82.4075,1,71694,55494,1767,928
TRJ,Tarakbits,,PG,-5.616666666666667,141.05,0,0,0,0,0
TRK,Tarakan,,ID,3.326666666666666,117.56666666666666,1,23266,42351,19,14
TRL,Terrell,TX,US,32.71083333333333,-96.26722222222222,0,0,0,0,0
TRM,Thermal,CA,US,33.62083333333334,-116.15861111111111,0,0,0,0,0
TRN,Turin,,IT,45.06666666666667,7.666666666666667,1,1461668,1199163,2171,2202
TRO,Taree,NS,AU,-31.88861111111111,152.51388888888889,0,0,0,0,0
TRQ,Tarauaca,AC,BR,-8.15,-70.76666666666667,0,0,0,0,0
TRR,Trincomalee,,LK,8.539722222222222,81.18194444444445,1,0,0,1,2
TRS,Trieste,,IT,45.8275,13.472222222222223,1,322903,282971,542,552
TRT,Mengkendek,,ID,-3.185833333333333,119.91805555555555,1,0,0,3,3
TRU,Trujillo,,PE,-8.084722222222222,-79.10944444444443,1,87713,120479,2339,1408
TRV,Thiruvananthapuram,KL,IN,8.482222222222223,76.92,1,1758767,2234309,574,588
TRW,Tarawa,,KI,1.3800000000000001,173.14666666666665,1,7269,12150,97,97
TRX,Trenton,MO,US,40.06666666666667,-93.6,0,0,0,0,0
TRY,Tororo,,UG,0.7,34.18333333333333,0,0,0,0,0
TRZ,Tiruchchirappalli,TN,IN,10.765277777777778,78.70972222222223,1,560171,651291,273,255
TSB,Tsumeb,,NA,-19.266666666666666,17.733333333333334,0,0,0,0,0
TSC,Taisha,,EC,-2.4166666666666665,-77.46666666666667,0,0,0,0,0
TSD,Tshipise,,ZA,-22.633333333333333,30.183333333333334,0,0,0,0,0
TSG,Tanacross,AK,US,63.38333333333333,-143.35,0,0,0,0,0
TSH,Tshikapa,,CD,-6.441666666666667,20.79638888888889,1,0,0,0,0
TSI,Tsili Tsili,,PG,-6.85,146.35,0,0,0,0,0
TSJ,Tsushima,,JP,34.285,129.33055555555555,1,5988,7003,68,67
TSK,Taskul,,PG,-2.5972222222222223,150.41666666666666,0,0,0,0,0
TSL,Tamuin,,MX,21.983333333333334,-98.75,0,0,0,0,0
TSM,Taos,NM,US,36.46666666666667,-105.66666666666667,1,69,103,43,43
TSN,Tianjin,,CN,39.12444444444444,117.3461111111111,1,1919856,2035456,3874,3838
TSP,Tehachapi,CA,US,35.135555555555555,-118.44,0,0,0,0,0
TSQ,Torres,RS,BR,-29.3325,-49.74611111111111,0,0,0,0,0
TSR,Timisoara,,RO,45.809999999999995,21.337777777777777,1,238977,258364,444,463
TST,Trang,,TH,7.508611111111111,99.61583333333333,1,263318,278294,21,19
TSU,Tabiteuea South,,KI,-1.4747222222222223,175.06472222222223,1,0,0,2,2
TSV,Townsville,QL,AU,-19.2525,146.76527777777778,1,281291,305010,1339,1415
TSW,Tsewi,,PG,-6.966666666666667,146.03333333333333,0,0,0,0,0
TSX,Tanjung Santan,,ID,-0.08333333333333333,117.43333333333334,0,0,0,0,0
TSY,Tasikmalaya,,ID,-7.347222222222222,108.24638888888889,1,0,0,0,0
TSZ,Tsetserleg,,MN,47.733333333333334,101.76666666666667,0,0,0,0,0
TTA,Tan Tan,,MA,28.448333333333334,-11.161388888888888,1,615,907,6,12
TTB,Tortoli,,IT,39.91916666666666,9.6825,0,0,0,0,0
TTC,Taltal,,CL,-25.566666666666666,-70.38333333333334,0,0,0,0,0
TTD,Portland,OR,US,45.53333333333333,-122.38333333333334,0,0,0,0,0
TTE,Ternate,,ID,0.8313888888888888,127.38138888888888,1,74408,68830,182,147
TTG,Tartagal,SA,AR,-22.516666666666666,-63.78333333333333,0,0,0,0,0
TTH,Thumrait,,OM,17.666666666666668,54.018055555555556,0,0,0,0,0
TTI,Tetiaroa,,PF,-17.083333333333332,-149.53333333333333,0,0,0,0,0
TTJ,Tottori,,JP,35.53,134.16666666666666,1,18724,20913,56,54
TTL,Nanuya Levu,,FJ,-16.958333333333332,177.37222222222223,0,0,0,0,0
TTM,Tablon de Tamara,,CO,5.716666666666667,-72.1,0,0,0,0,0
TTO,Britton,SD,US,45.8,-97.75,0,0,0,0,0
TTQ,Tortuguero,,CR,10.351388888888888,-83.62972222222221,1,0,53,3,4
TTR,Tana Toraja,,ID,-3.0458333333333334,119.8236111111111,0,0,0,0,0
TTS,Tsaratanana,,MG,-16.733333333333334,47.61666666666667,0,0,0,0,0
TTT,Taitung,,TW,22.793055555555558,121.18194444444445,1,29333,30754,24,22
TTU,Tetouan,,MA,35.59,-5.328055555555555,1,14717,24794,146,134
TTW,Tissamaharama,,LK,6.285,81.28333333333333,0,0,0,0,0
TTX,Truscott-Mungalalu,WA,AU,-14.08888888888889,126.38166666666666,0,0,0,0,0
TUA,Tulcan,,EC,0.8094444444444445,-77.70805555555556,0,0,0,0,0
TUB,Tubuai,,PF,-23.36527777777778,-149.52416666666667,1,71,184,72,62
TUC,Tucuman,TU,AR,-26.840833333333332,-65.10472222222222,1,97510,74922,509,492
TUD,Tambacounda,,SN,13.736944444444443,-13.653055555555556,0,0,0,0,0
TUF,Tours,,FR,47.38611111111111,0.7,1,9933,6830,35,36
TUG,Tuguegarao,,PH,17.641666666666666,121.73361111111112,1,20941,28499,16,18
TUI,Turaif,,SA,31.692777777777778,38.73111111111111,1,6086,7988,25,26
TUJ,Tum,,ET,6.25,35.46666666666667,0,0,0,0,0
TUK,Turbat,,PK,25.98638888888889,63.030277777777776,1,1355,1663,2,2
TUL,Tulsa,OK,US,36.2,-95.88333333333334,1,377727,271194,3553,3458
TUM,Tumut,NS,AU,-35.3,148.21666666666667,0,0,0,0,0
TUN,Tunis,,TN,36.85111111111111,10.227222222222222,1,1793837,2386989,2390,2400
TUO,Taupo,,NZ,-38.740833333333335,176.085,1,6051,7886,140,134
TUP,Tupelo,MS,US,34.268055555555556,-88.77,1,8932,7188,4,4
TUQ,Tougan,,BF,13.059166666666668,-3.0769444444444445,0,0,0,0,0
TUR,Tucurui,PA,BR,-3.786111111111111,-49.72027777777778,1,125,82,4,4
TUS,Tucson,AZ,US,32.11666666666667,-110.95,1,495814,432854,5544,5133
TUT,Tauta,,PG,-5.8,145.91666666666666,0,0,0,0,0
TUU,Tabuk,,SA,28.365555555555556,36.61888888888889,1,214897,164466,629,605
TUV,Tucupita,,VE,9.089166666666667,-62.094722222222224,0,0,0,0,0
TUW,Tubuala,,PA,8.733333333333333,-77.68333333333334,0,0,0,0,0
TUX,Tumbler Ridge,BC,CA,55.2,-121.55,0,0,0,0,0
TUY,Tulum,,MX,20.216666666666665,-87.46666666666667,1,6150,15391,234,213
TUZ,Tucuma,PA,BR,-6.7491666666666665,-51.15361111111111,0,0,0,0,0
TVA,Morafenobe,,MG,-17.85,44.916666666666664,0,0,0,0,0
TVC,Traverse City,MI,US,44.74138888888889,-85.58222222222221,1,89744,78416,2139,1449
TVF,Thief River Falls,MN,US,48.06666666666667,-96.18333333333334,1,2616,2590,12,12
TVI,Thomasville,GA,US,30.902777777777775,-83.88055555555555,0,0,0,0,0
TVL,South Lake Tahoe,CA,US,38.89472222222222,-119.99527777777777,0,0,0,0,0
TVS,Tangshan,,CN,39.71944444444445,117.99333333333334,1,4288,4529,71,71
TVU,Taveuni Island,,FJ,-16.690833333333334,-179.8775,1,11982,21588,284,275
TVY,Dawei,,MM,14.098333333333334,98.20527777777778,1,1971,2779,84,84
TWA,Twin Hills,AK,US,59.073888888888895,-160.27555555555557,1,0,0,0,0
TWB,Toowoomba,QL,AU,-27.56638888888889,151.9597222222222,1,8205,10987,48,46
TWC,Tumushuke,,CN,39.880833333333335,78.99,1,44,69,61,59
TWD,Port Townsend,WA,US,48.11666666666667,-122.76666666666667,0,0,0,0,0
TWE,Taylor,AK,US,66.16666666666667,-165.16666666666666,0,0,0,0,0
TWF,Twin Falls,ID,US,42.48166666666667,-114.48777777777778,1,9757,9350,98,124
TWN,Tewantin,QL,AU,-26.4,153.08333333333334,0,0,0,0,0
TWP,Torwood,QL,AU,-17.366666666666667,143.75,0,0,0,0,0
TWT,Tawitawi,,PH,5.045,119.7425,1,18160,20663,23,22
TWU,Tawau,,MY,4.3133333333333335,118.12194444444444,1,889359,952114,298,273
TWY,Tawa,,PG,-7.45,146.11666666666667,0,0,0,0,0
TXC,Orsha,,BY,54.440555555555555,30.296944444444446,0,0,0,0,0
TXE,Takengon,,ID,4.721388888888889,96.84916666666666,0,0,0,0,0
TXF,Teixeira de Freitas,BA,BR,-17.524444444444445,-39.66916666666666,1,2257,2810,49,49
TXK,Texarkana,AR,US,33.453611111111115,-93.99111111111111,1,17720,16440,39,54
TXM,Teminabuan,,ID,-1.45,132.01666666666668,0,0,0,0,0
TXN,Huangshan,,CN,29.732777777777777,118.25722222222223,1,10073,13458,99,133
TXR,Tanbar,QL,AU,-25.916666666666668,141.91666666666666,0,0,0,0,0
TXU,Tabou,,CI,4.433333333333334,-7.366666666666666,0,0,0,0,0
TYA,Tula,,RU,54.2,37.61666666666667,0,0,0,0,0
TYB,Tibooburra,NS,AU,-29.456944444444442,142.06222222222223,0,0,0,0,0
TYC,Taiyuan,,CN,37.50416666666667,112.42416666666666,0,0,0,0,0
TYD,Tynda,,RU,55.28472222222222,124.77805555555555,1,0,0,4,4
TYE,Tyonek,AK,US,61.03333333333333,-151.28333333333333,0,0,0,0,0
TYF,Torsby,,SE,60.1575,12.991388888888888,1,95,107,40,40
TYG,Thylungra,QL,AU,-26.083333333333332,143.41666666666666,0,0,0,0,0
TYL,Talara,,PE,-4.576666666666666,-81.25416666666666,1,16237,30694,416,416
TYM,Staniel Cay,,BS,24.1525,-76.43388888888889,0,0,0,0,0
TYN,Taiyuan,,CN,37.746944444444445,112.62833333333333,1,487320,500892,1808,1905
TYO,Tokyo,,JP,35.7,139.76666666666668,1,32935766,40292243,23138,22985
TYP,Tobermorey,NT,AU,-22.283333333333335,137.96666666666667,0,0,0,0,0
TYR,Tyler,TX,US,32.35416666666667,-95.4025,1,22998,20489,100,115
TYS,Knoxville,TN,US,35.81111111111111,-83.99416666666667,1,454704,389586,4833,4228
TYT,Treinta y Tres,,UY,-33.2,-54.35,0,0,0,0,0
TYZ,Taylor,AZ,US,34.46666666666667,-110.08333333333333,0,0,0,0,0
TZC,Caro,MI,US,43.45861111111111,-83.44527777777778,0,0,0,0,0
TZL,Tuzla,,BA,44.45861111111111,18.725555555555555,1,34,39,24,24
TZM,Tizimin,,MX,21.166666666666668,-88.16666666666667,0,0,0,0,0
TZN,South Andros,,BS,24.697222222222223,-77.7961111111111,1,0,0,2,2
TZO,Ankisatra,,MG,-18.34861111111111,45.01138888888889,0,0,0,0,0
TZX,Trabzon,,TR,40.995,39.78972222222222,1,229111,280360,1571,1428
UAB,Adana,,TR,37.00222222222222,35.42638888888889,0,5,1,0,0
UAC,San Luis Rio Colorado,,MX,32.45,-114.8,0,0,0,0,0
UAE,Mount Aue,,PG,-6.233333333333333,144.65,0,0,0,0,0
UAH,Ua Huka,,PF,-8.936111111111112,-139.555,1,6,8,46,44
UAI,Suai,,TL,-9.3,125.28333333333333,1,0,0,0,0
UAK,Narsarsuaq,,GL,61.160555555555554,-45.42611111111111,1,0,0,397,388
UAL,Luau,,AO,-10.714722222222221,22.230555555555554,0,0,0,0,0
UAP,Ua Pou,,PF,-9.3475,-140.07972222222222,1,8,9,50,56
UAQ,San Juan,SJ,AR,-31.57138888888889,-68.41833333333334,1,22638,21008,176,211
UAR,Bouarfa,,MA,32.51416666666667,-1.981666666666667,1,0,0,0,0
UAS,Samburu,,KE,0.5333333333333333,37.53333333333333,1,12,41,66,49
UAX,Uaxactun,,GT,17.383333333333333,-89.66666666666667,0,0,0,0,0
UBA,Uberaba,MG,BR,-19.765,-47.96472222222223,1,14473,10955,36,36
UBB,Mabuiag Island,QL,AU,-9.950555555555555,142.19555555555556,1,2,0,40,34
UBI,Buin,,PG,-6.7333333333333325,155.68333333333334,0,0,0,0,0
UBJ,Ube,,JP,33.93,131.27861111111113,1,37137,28909,204,199
UBN,Ulaanbaatar,,MN,47.64694444444444,106.81972222222223,1,127736,111041,558,566
UBP,Ubon Ratchathani,,TH,15.251388888888888,104.87027777777777,1,462952,516493,84,84
UBR,Ubrub,,ID,-3.6666666666666665,140.85,0,0,0,0,0
UBS,Columbus,MS,US,33.5,-88.41666666666667,1,6334,10131,245,224
UBT,Ubatuba,SP,BR,-23.433333333333334,-45.06666666666667,0,0,0,0,0
UBU,Kalumburu,WA,AU,-14.416666666666666,126.66666666666667,0,0,0,0,0
UCB,Ulanqab,,CN,41.13,113.10944444444443,1,279,233,32,32
UCC,Mercury,NV,US,37.0,-116.05,0,0,0,0,0
UCE,Eunice,LA,US,30.5,-92.41666666666667,0,0,0,0,0
UCK,Lutsk,,UA,50.75,25.333333333333332,0,0,0,0,0
UCN,Buchanan,,LR,5.9,-10.083333333333334,0,0,0,0,0
UCT,Ukhta,,RU,63.56666666666667,53.80444444444444,1,0,0,15,14
UCY,Union City,TN,US,36.416666666666664,-89.05,0,0,0,0,0
UDA,Undara,QL,AU,-18.183333333333334,144.6,0,0,0,0,0
UDE,Uden,,NL,51.66083333333333,5.7091666666666665,0,0,0,0,0
UDI,Uberlandia,MG,BR,-18.88277777777778,-48.22555555555556,1,337929,181058,1490,1278
UDJ,Uzhhorod,,UA,48.634166666666665,22.263333333333332,0,0,0,0,0
UDN,Udine,,IT,46.03194444444444,13.186666666666667,0,0,0,0,0
UDR,Udaipur,RJ,IN,24.61777777777778,73.89611111111111,1,639957,682584,186,192
UEE,Queenstown,TS,AU,-42.0,145.50833333333333,0,0,0,0,0
UEL,Quelimane,,MZ,-17.855555555555558,36.869166666666665,1,1356,1759,16,14
UEN,Urengoy,,RU,65.96666666666667,78.36666666666666,0,0,0,0,0
UEO,Kume Jima,,JP,26.36527777777778,126.71638888888889,1,2517,3481,23,25
UES,Waukesha,WI,US,43.04222222222222,-88.23777777777778,0,0,0,0,0
UET,Quetta,,PK,30.25138888888889,66.93777777777778,1,45751,43348,74,72
UFA,Ufa,,RU,54.5575,55.88388888888889,1,354681,220440,332,286
UGA,Bulgan,,MN,48.8,103.55,0,0,0,0,0
UGC,Urgench,,UZ,41.58416666666667,60.641666666666666,1,313793,530969,134,112
UGI,Uganik,AK,US,57.84027777777778,-153.33027777777778,1,0,0,2,2
UGL,Antarctica,,AQ,-79.77555555555556,-83.30277777777778,0,0,0,0,0
UGN,Waukegan,IL,US,42.35,-87.83333333333333,0,0,0,0,0
UGO,Uige,,AO,-7.601388888888889,15.028055555555556,0,0,0,0,0
UGS,Ugashik,AK,US,57.53333333333333,-157.4,1,0,0,0,0
UGT,Bulagtai,,MN,43.75055555555556,104.12027777777777,0,0,0,0,0
UGU,Bilogai,,ID,-3.7333333333333334,137.03333333333333,0,0,0,0,0
UHE,Uherske Hradiste,,CZ,49.029444444444444,17.439722222222223,0,0,0,0,0
UHS,Aleksandrovsk-Sakhalinskiy,,RU,50.87722222222222,142.17583333333332,1,0,0,5,5
UIB,Quibdo,,CO,5.690833333333334,-76.64111111111112,1,1518,2944,77,71
UIH,Quinhon,,VN,13.953888888888889,109.04333333333334,1,85608,82079,823,832
UII,Utila,,HN,16.112222222222222,-86.88305555555554,1,77,181,2,6
UIK,Ust-Ilimsk,,RU,58.13333333333333,102.55,1,0,0,0,0
UIL,Forks,WA,US,47.95,-124.56666666666666,0,0,0,0,0
UIN,Quincy,IL,US,39.94083333333333,-91.19444444444444,1,7267,6989,60,49
UIO,Quito,,EC,-0.1238888888888889,-78.3561111111111,1,2356324,2659793,6032,5870
UIP,Quimper,,FR,47.975,-4.167777777777778,0,4952,5284,0,0
UIQ,Quine Hill,,VU,-17.55,168.41666666666666,0,0,0,0,0
UIR,Quirindi,NS,AU,-31.5,150.51666666666668,0,0,0,0,0
UIT,Jaluit Island,,MH,5.909166666666667,169.63722222222222,1,0,0,2,2
UJE,Ujae Island,,MH,8.92861111111111,165.76305555555555,1,0,0,1,1
UJN,Uljin,,KR,36.776944444444446,129.46166666666664,0,0,0,0,0
UJU,Uiju,,KP,40.151666666666664,124.49833333333333,0,0,0,0,0
UKA,Ukunda,,KE,-4.296666666666667,39.57138888888889,1,3968,5797,56,60
UKE,Utkela,OR,IN,20.096944444444443,83.18305555555555,1,0,0,1,1
UKG,Ust-Kuyga,,RU,70.01055555555556,135.64249999999998,1,0,0,7,7
UKH,Mukhaizna,,OM,19.387777777777778,56.4,1,0,0,0,0
UKI,Ukiah,CA,US,39.126666666666665,-123.2,0,0,0,0,0
UKK,Ust-Kamenogorsk,,KZ,50.03666666666666,82.49361111111111,1,79501,70740,43,51
UKN,Waukon,IA,US,43.266666666666666,-91.48333333333333,0,0,0,0,0
UKR,Mukeiras,,YE,13.933333333333334,45.68333333333333,0,0,0,0,0
UKS,Sevastopol,,UA,44.69166666666666,33.575833333333335,0,0,0,0,0
UKT,Quakertown,PA,US,40.43333333333333,-75.33333333333333,0,0,0,0,0
UKU,Nuku,,PG,-3.6833333333333336,142.46666666666667,0,0,0,0,0
UKX,Ust-Kut,,RU,56.85722222222223,105.73166666666667,1,0,0,27,28
UKY,Kyoto,,JP,35.03333333333333,135.75,0,0,0,0,0
ULA,San Julian,SC,AR,-49.306666666666665,-67.80277777777778,0,0,0,0,0
ULB,Ulei,,VU,-16.329722222222223,168.3011111111111,1,10,14,4,4
ULD,Ulundi,,ZA,-28.320555555555554,31.416666666666668,0,0,0,0,0
ULE,Sule,,PG,-4.966666666666667,151.31666666666666,0,0,0,0,0
ULG,Olgii,,MN,48.99333333333333,89.92194444444445,1,0,0,3,3
ULH,Al Ula,,SA,26.489722222222223,38.10527777777778,1,38137,49950,108,119
ULI,Ulithi,,FM,9.966666666666667,139.66666666666666,0,0,0,0,0
ULK,Lensk,,RU,60.72277777777778,114.82194444444444,1,0,0,38,42
ULL,Mull,,GB,56.416666666666664,-6.333333333333333,0,0,0,0,0
ULM,New Ulm,MN,US,44.31666666666667,-94.5,0,0,0,0,0
ULN,Ulaanbaatar,,MN,47.84305555555556,106.76666666666667,1,235863,323749,0,0
ULO,Ulaangom,,MN,49.970555555555556,92.08111111111111,1,0,0,3,4
ULP,Quilpie,QL,AU,-26.609444444444446,144.25805555555556,1,108,159,4,4
ULQ,Tulua,,CO,4.1,-76.23333333333333,0,0,0,0,0
ULS,Mulatos,,CO,8.65,-76.75,0,0,0,0,0
ULU,Gulu,,UG,2.805833333333333,32.27194444444444,0,0,0,0,0
ULV,Ulyanovsk,,RU,54.26888888888889,48.223888888888894,1,9,7,27,27
ULX,Ulusaba,,ZA,-24.783055555555556,31.354444444444447,0,0,0,0,0
ULY,Ulyanovsk,,RU,54.401111111111106,48.80277777777778,0,1831,1760,0,0
ULZ,Uliastai,,MN,47.71027777777778,96.52555555555556,1,0,0,2,2
UMA,Punta de Maisi,,CU,20.25,-74.15,0,0,0,0,0
UMB,Kalumbila,,ZM,-12.250833333333333,25.438055555555557,1,41,19,2,1
UMC,Umba,,PG,-7.016666666666667,145.96666666666667,0,0,0,0,0
UMD,Uummannaq,,GL,70.68055555555556,-52.111666666666665,1,0,0,0,0
UME,Umea,,SE,63.79194444444444,20.282777777777778,1,124556,130314,1595,1577
UMI,Quince Mil,,PE,-13.266666666666667,-70.63333333333334,0,0,0,0,0
UMM,Summit,AK,US,63.333333333333336,-149.13333333333333,0,0,0,0,0
UMR,Woomera,SA,AU,-31.166666666666668,136.83333333333334,0,0,0,0,0
UMS,Ust-Maya,,RU,60.35611111111111,134.43472222222223,0,0,0,0,0
UMT,Umiat,AK,US,69.36666666666666,-152.13333333333333,0,0,0,0,0
UMU,Umuarama,PR,BR,-23.798611111111114,-53.31388888888888,1,45,81,4,4
UMY,Sumy,,UA,50.93333333333333,34.78333333333333,0,0,0,0,0
UMZ,Mena,AR,US,34.54527777777778,-94.2025,0,0,0,0,0
UNA,Ilha Comandatuba/Una,BA,BR,-15.355277777777777,-38.99888888888889,1,63,23,45,45
UNC,Unguia,,CO,8.033333333333333,-77.08333333333333,0,0,0,0,0
UND,Kunduz,,AF,36.665277777777774,68.91055555555556,0,0,0,0,0
UNE,Qacha's Nek,,LS,-30.1,28.7,0,0,0,0,0
UNG,Kiunga,,PG,-6.125,141.28555555555556,1,446,607,15,15
UNI,Union Island,,VC,12.616666666666667,-61.43333333333333,1,0,2,19,13
UNK,Unalakleet,AK,US,63.888333333333335,-160.79888888888888,1,138,161,61,59
UNN,Ranong,,TH,9.777500000000002,98.58555555555554,1,0,0,3,3
UNR,Ondorkhaan,,MN,47.30472222222222,110.60888888888888,0,0,0,0,0
UNT,Unst,,GB,60.75,-0.85,0,0,0,0,0
UNU,Juneau,WI,US,43.4,-88.7,0,0,0,0,0
UOA,Moruroa Atoll,,PF,-21.809722222222224,-138.81222222222223,0,0,0,0,0
UOL,Buol,,ID,1.1047222222222224,121.41527777777779,0,0,0,0,0
UOS,Sewanee,TN,US,35.06666666666667,-85.91666666666667,0,0,0,0,0
UOX,University,MS,US,34.38333333333333,-89.53333333333333,0,0,0,0,0
UPB,Havana,,CU,23.032777777777778,-82.57944444444443,0,0,0,0,0
UPF,Pforzheim,,DE,48.9,8.7,0,0,0,0,0
UPG,Makassar,,ID,-5.0616666666666665,119.55416666666666,1,557020,600647,1548,1558
UPK,Upernavik Kujalleq Heliport,,GL,72.15277777777779,-55.53111111111111,1,0,0,0,0
UPL,Upala,,CR,10.783333333333333,-85.03333333333333,0,0,0,0,0
UPN,Uruapan,,MX,19.396666666666665,-102.03916666666666,1,5530,7317,23,23
UPP,Hawi,HI,US,20.266666666666666,-155.85,1,0,0,0,0
UPR,Upiara,,PG,-8.533333333333333,142.63333333333333,0,0,0,0,0
UPV,Upavon,,GB,51.3,-1.8166666666666667,0,0,0,0,0
URA,Uralsk,,KZ,51.151111111111106,51.541666666666664,1,88688,90668,84,85
URB,Castilho,SP,BR,-20.8,-51.56666666666667,0,0,0,0,0
URC,Urumqi,,CN,43.907222222222224,87.47416666666666,1,420672,533792,3867,3667
URD,Burg Feuerstein,,DE,49.8,11.133333333333333,0,0,0,0,0
URE,Kuressaare,,EE,58.230000000000004,22.509444444444444,1,87,188,7,7
URG,Uruguaiana,RS,BR,-29.78222222222222,-57.0375,1,7396,6683,127,127
URI,Uribe,,CO,3.216666666666667,-74.4,0,0,0,0,0
URJ,Uray,,RU,60.11611111111111,64.83,1,0,0,7,7
URM,Uriman,,VE,5.341666666666667,-62.75833333333333,0,0,0,0,0
URN,Urgun,,AF,32.95,69.18333333333334,0,0,0,0,0
URO,Rouen,,FR,49.39083333333333,1.183888888888889,1,0,0,0,0
URR,Urrao,,CO,6.333333333333333,-76.18333333333334,0,0,0,0,0
URS,Kursk,,RU,51.75055555555556,36.29555555555555,1,0,0,6,5
URT,Surat Thani,,TH,9.136111111111111,99.13916666666667,1,447345,511007,83,85
URU,Uroubi,,PG,-9.5,148.56666666666666,0,0,0,0,0
URY,Gurayat,,SA,31.411944444444444,37.279444444444444,1,13214,12739,131,132
URZ,Uruzgan,,AF,32.9,66.61666666666666,0,0,0,0,0
USA,Concord,NC,US,35.38777777777778,-80.70916666666668,1,90,85,204,195
USC,Union,SC,US,34.7,-81.61666666666666,0,0,0,0,0
USH,Ushuaia,TF,AR,-54.843333333333334,-68.29555555555555,1,170721,411302,849,813
USI,Mabaruma,,GY,8.202777777777778,-59.80833333333333,0,0,0,0,0
USJ,Usharal,,KZ,46.19083333333333,80.83,1,356,595,1,1
USK,Usinsk,,RU,66.00444444444445,57.367222222222225,1,0,0,7,7
USL,Useless Loop,WA,AU,-25.966666666666665,113.11666666666666,0,0,0,0,0
USM,Ko Samui,,TH,9.550277777777778,100.0625,1,617615,1591867,2245,2349
USN,Ulsan,,KR,35.593611111111116,129.35166666666666,1,54237,49174,18,17
USO,Usino,,PG,-5.5,145.43333333333334,0,0,0,0,0
USQ,Usak,,TR,38.68138888888889,29.471666666666664,0,0,0,0,0
USR,Ust Nera,,RU,64.54944444444445,143.11083333333332,1,0,0,8,8
USS,Sancti Spiritus,,CU,21.97222222222222,-79.44694444444445,0,0,0,0,0
UST,St Augustine,FL,US,29.961388888888887,-81.3411111111111,0,0,0,0,0
USU,Busuanga,,PH,12.12138888888889,120.1,1,323170,420205,70,85
UTA,Mutare,,ZW,-18.966666666666665,32.45,0,0,0,0,0
UTB,Muttaburra,QL,AU,-22.75,144.58333333333334,0,0,0,0,0
UTC,Utrecht,,NL,52.12833333333333,5.276944444444444,1,5,19,0,0
UTD,Nutwood Downs,NT,AU,-15.833333333333334,134.16666666666666,0,0,0,0,0
UTG,Quthing,,LS,-30.5,27.6,0,0,0,0,0
UTH,Udon Thani,,TH,17.386388888888888,102.78833333333333,1,706996,924092,116,117
UTI,Utti,,FI,60.896388888888886,26.938055555555557,0,0,0,0,0
UTK,Utirik Island,,MH,11.222222222222223,169.85083333333333,1,0,0,1,1
UTM,Tunica,MS,US,34.68083333333333,-90.34638888888888,0,0,0,0,0
UTN,Upington,,ZA,-28.399166666666666,21.260277777777777,1,6406,8027,33,32
UTO,Utopia Creek,AK,US,65.99277777777777,-153.70444444444442,0,0,0,0,0
UTP,U-Tapao,,TH,12.679722222222221,101.005,1,118951,281799,169,176
UTS,Ust-Tsilma,,RU,65.43333333333334,52.20166666666667,1,2,0,1,1
UTT,Umtata,,ZA,-31.547777777777778,28.674166666666668,1,8815,10382,46,40
UTU,Ustupo,,PA,9.416666666666666,-78.6,0,0,0,0,0
UTW,Queenstown,,ZA,-31.916666666666668,26.883333333333333,0,0,0,0,0
UUA,Bugulma,,RU,54.63527777777778,52.799166666666665,1,0,0,12,12
UUD,Ulan-Ude,,RU,51.80777777777777,107.43777777777778,1,15694,9103,60,58
UUK,Kuparuk,AK,US,70.33083333333333,-149.59805555555556,1,0,0,18,18
UUN,Baruun-Urt,,MN,46.66027777777778,113.28527777777778,0,0,0,0,0
UUS,Yuzhno-Sakhalinsk,,RU,46.88861111111111,142.7175,1,41688,21337,167,136
UUU,Manumu,,PG,-8.083333333333334,147.55,0,0,0,0,0
UVA,Uvalde,TX,US,29.2,-99.73333333333333,0,0,0,0,0
UVE,Ouvea,,NC,-20.640555555555554,166.5727777777778,1,296,423,27,23
UVI,Uniao da Vitoria,PR,BR,-26.233611111111113,-51.06666666666667,1,1,2,4,4
UVL,Kharga,,EG,25.476666666666667,30.59,0,0,0,0,0
UVO,Uvol,,PG,-6.016666666666667,150.95,0,0,0,0,0
UWA,Ware,MA,US,42.25,-72.23333333333333,0,0,0,0,0
UYL,Nyala,,SD,12.053611111111111,24.95611111111111,1,0,0,1,1
UYN,Yulin,,CN,38.269999999999996,109.73055555555555,1,8640,6447,410,396
UYU,Uyuni,,BO,-20.45,-66.8425,1,15873,19269,7,17
UZC,Uzice,,RS,43.9,19.702777777777776,0,0,0,0,0
UZM,Hope Bay,NU,CA,68.16388888888889,-106.61416666666666,0,0,0,0,0
UZR,Urdzhar,,KZ,47.08972222222222,81.65916666666668,0,0,0,0,0
UZU,Curuzu Cuatia,CR,AR,-29.783333333333335,-58.016666666666666,0,0,0,0,0
VAA,Vaasa,,FI,63.050555555555555,21.76222222222222,1,42401,63474,433,530
VAB,Yavarate,,CO,1.1166666666666667,-70.75,0,0,0,0,0
VAC,Varrelbusch,,DE,52.916666666666664,8.05,0,0,0,0,0
VAF,Valence,,FR,44.93333333333333,4.892222222222221,1,93,78,0,0
VAG,Varginha,MG,BR,-21.59,-45.473888888888894,1,520,433,7,7
VAH,Vallegrande,,BO,-18.483333333333334,-64.1,0,0,0,0,0
VAI,Vanimo,,PG,-2.6925000000000003,141.3025,1,482,938,7,8
VAK,Chevak,AK,US,61.54,-165.60194444444443,1,0,0,2,2
VAL,Valenca,BA,BR,-13.366666666666667,-39.06666666666667,0,0,0,0,0
VAM,Maamigili Island,,MV,3.4708333333333337,72.83666666666666,1,0,0,4,4
VAN,Van,,TR,38.468333333333334,43.33222222222223,1,41525,57852,426,373
VAO,Suavanao,,SB,-7.585277777777778,158.73083333333332,1,53,65,11,13
VAP,Valparaiso,,CL,-33.05,-71.41666666666667,0,0,0,0,0
VAQ,Vanavara,,RU,60.35305555555556,102.30583333333333,1,0,0,30,26
VAR,Varna,,BG,43.231944444444444,27.825,1,232404,218400,412,431
VAS,Sivas,,TR,39.81388888888888,36.90361111111111,1,27738,54335,208,151
VAT,Vatomandry,,MG,-19.383333333333333,48.95,0,0,0,0,0
VAU,Vatukoula,,FJ,-17.5,177.84166666666667,0,0,0,0,0
VAV,Vava'u,,TO,-18.585555555555555,-173.96388888888887,1,8043,10038,50,50
VAW,Vardo,,NO,70.35527777777777,31.045,1,792,972,113,107
VBA,Ann,,MM,19.77,94.0261111111111,1,0,0,8,4
VBC,Mandalay,,MM,21.940277777777776,96.08944444444444,0,0,0,0,0
VBP,Bokpyin,,MM,11.149166666666666,98.73611111111111,1,0,0,12,12
VBV,Vanuabalavu Island,,FJ,-17.228055555555553,-178.9511111111111,1,399,322,9,9
VBY,Visby,,SE,57.66277777777778,18.34611111111111,1,50686,33919,570,601
VCA,Cantho,,VN,10.051388888888889,105.76333333333334,1,105698,120901,190,180
VCC,Vacaria,RS,BR,-28.432222222222222,-51.025,0,0,0,0,0
VCD,Victoria River Downs,NT,AU,-16.40361111111111,131.0025,0,0,0,0,0
VCE,Venice,,IT,45.43861111111111,12.316666666666666,1,4399938,3726569,13315,13201
VCF,Valcheta,RN,AR,-40.7,-66.15,0,0,0,0,0
VCH,Vichadero,,UY,-31.758333333333333,-54.61388888888889,0,0,0,0,0
VCL,Tamky,,VN,15.4075,108.70722222222223,1,22618,18711,260,240
VCR,Carora,,VE,10.183333333333334,-70.08333333333333,0,0,0,0,0
VCS,Con Dao,,VN,8.732222222222223,106.6325,1,17732,23032,416,422
VCT,Victoria,TX,US,28.852500000000003,-96.91861111111112,1,8941,7141,24,32
VCV,Victorville,CA,US,34.59055555555556,-117.37833333333333,1,0,0,0,0
VDA,Ovda,,IL,29.940277777777776,34.93583333333333,0,1,0,0,0
VDB,Fagernes,,NO,61.01555555555556,9.288055555555555,0,0,0,0,0
VDC,Vitoria da Conquista,BA,BR,-14.907222222222222,-40.91638888888889,1,150602,101379,557,419
VDE,Valverde,,ES,27.814722222222223,-17.886944444444445,1,15810,22792,188,184
VDH,Dong Hoi,,VN,17.51527777777778,106.59083333333332,1,38439,55822,333,347
VDI,Vidalia,GA,US,32.21666666666667,-82.4,0,0,0,0,0
VDM,Viedma,RN,AR,-40.87027777777778,-62.99666666666667,1,6137,8243,41,59
VDO,Quang Ninh,,VN,21.11388888888889,107.41972222222223,1,15288,18256,43,43
VDP,Valle de La Pascua,,VE,9.216666666666667,-66.01666666666667,0,0,0,0,0
VDR,Villa Dolores,CD,AR,-31.95,-65.15,0,0,0,0,0
VDS,Vadso,,NO,70.06444444444445,29.8375,1,3047,3353,398,377
VDY,Vidyanagar,KA,IN,15.174722222222222,76.63472222222222,1,0,0,1,1
VDZ,Valdez,AK,US,61.13388888888889,-146.2483333333333,1,1310,613,74,75
VEE,Venetie,AK,US,67.00638888888889,-146.37833333333333,1,0,0,9,8
VEG,Maikwak,,GY,5.55,-59.28333333333333,0,0,0,0,0
VEL,Vernal,UT,US,40.44333333333333,-109.51083333333334,1,4633,4740,10,8
VEO,Severo-Yeniseyskiy,,RU,60.373333333333335,93.01194444444444,1,0,0,71,74
VER,Veracruz,,MX,19.145833333333332,-96.18722222222223,1,269689,318108,1248,1035
VEV,Barakoma,,SB,-7.916666666666667,156.7,0,0,0,0,0
VEX,Tioga,ND,US,48.38333333333333,-102.9,0,0,0,0,0
VEY,Vestmannaeyjar,,IS,63.425,-20.279166666666665,0,0,0,0,0
VFA,Victoria Falls,,ZW,-18.09583333333333,25.83888888888889,1,85701,90287,908,837
VGA,Vijayawada,AP,IN,16.530555555555555,80.79694444444445,1,393269,417223,79,77
VGD,Vologda,,RU,59.28194444444444,39.94499999999999,1,0,0,6,6
VGO,Vigo,,ES,42.23166666666667,-8.626666666666667,1,506368,493868,4015,3705
VGS,General Villegas,BA,AR,-35.03333333333333,-63.016666666666666,0,0,0,0,0
VGZ,Mocoa,,CO,0.9822222222222222,-76.60416666666666,1,0,0,4,4
VHC,Saurimo,,AO,-9.689166666666667,20.43166666666667,1,197,214,1,1
VHM,Vilhelmina,,SE,64.57916666666667,16.83361111111111,1,448,704,116,116
VHN,Van Horn,TX,US,31.060000000000002,-104.785,0,0,0,0,0
VHV,Verkhnevilyuysk,,RU,63.45888888888889,120.26861111111111,1,0,0,0,0
VHY,Vichy,,FR,46.17166666666667,3.404166666666667,0,0,0,0,0
VHZ,Vahitahi,,PF,-18.779722222222222,-138.85333333333332,1,0,1,30,30
VIA,Videira,SC,BR,-27.008333333333333,-51.13611111111111,0,0,0,0,0
VIB,Villa Constitucion,,MX,25.058333333333334,-111.7,0,0,0,0,0
VIE,Vienna,,AT,48.11027777777778,16.578055555555554,1,8952313,8612153,19407,19540
VIF,Vieste,,IT,41.88527777777778,16.176111111111112,0,0,0,0,0
VIG,El Vigia,,VE,8.624166666666667,-71.67277777777778,1,1,2,8,8
VIH,Rolla/Vichy,MO,US,38.13055555555555,-91.76944444444445,0,0,0,0,0
VII,Vinh City,,VN,18.7375,105.67083333333333,1,88879,101050,1104,1063
VIJ,Virgin Gorda,,VG,18.44611111111111,-64.42805555555556,1,3454,6758,48,48
VIL,Dakhla,,MA,23.71833333333333,-15.931944444444444,1,32928,46461,55,53
VIN,Vinnytsia,,UA,49.245,28.610277777777778,0,0,0,0,0
VIP,Payerne,,CH,46.84777777777778,6.9222222222222225,0,0,0,0,0
VIQ,Viqueque,,TL,-8.883333333333333,126.36666666666666,0,0,0,0,0
VIS,Visalia,CA,US,36.321111111111115,-119.39583333333334,0,0,0,0,0
VIT,Vitoria,,ES,42.882777777777775,-2.7244444444444444,1,19985,8515,48,40
VIU,Viru Harbour,,SB,-8.5,157.68333333333334,0,0,0,0,0
VIV,Vivigani,,PG,-9.3,150.31666666666666,0,0,0,0,0
VIX,Vitoria,ES,BR,-20.258055555555554,-40.28638888888889,1,899629,743812,3326,2702
VIY,Paris Villacoublay-Velizy,,FR,48.774166666666666,2.1916666666666664,0,0,0,0,0
VJB,Xai-Xai,,MZ,-25.033333333333335,33.61666666666667,1,132,139,4,5
VJI,Abingdon,VA,US,36.68611111111111,-82.03527777777778,0,0,0,0,0
VJQ,Gurue,,MZ,-15.5,37.016666666666666,0,0,0,0,0
VKG,Rachgia,,VN,9.958333333333332,105.13333333333334,1,1934,2169,4,4
VKS,Vicksburg,MS,US,32.233333333333334,-90.93333333333334,0,0,0,0,0
VKT,Vorkuta,,RU,67.48916666666666,63.995555555555555,1,0,0,4,4
VKV,Vaskovo,,RU,64.44194444444445,40.42166666666667,0,0,0,0,0
VLA,Vandalia,IL,US,38.95,-89.08333333333333,0,0,0,0,0
VLC,Valencia,,ES,39.469722222222224,-0.37611111111111106,1,3563399,3141504,7242,7403
VLD,Valdosta,GA,US,30.783333333333335,-83.28333333333333,1,18086,15560,830,318
VLE,Grand Canyon,AZ,US,35.65,-112.2,0,5,2,0,0
VLG,Villa Gesell,BA,AR,-37.23527777777778,-57.02972222222222,0,0,0,0,0
VLI,Port Vila,,VU,-17.699444444444445,168.31972222222223,1,116395,166964,390,411
VLK,Volgodonsk,,RU,47.68333333333333,42.083333333333336,0,0,0,0,0
VLL,Valladolid,,ES,41.65222222222222,-4.724444444444445,1,16471,15346,96,137
VLM,Villamontes,,BO,-21.25,-63.5,0,0,0,0,0
VLN,Valencia,,VE,10.149722222222222,-67.92833333333334,1,27993,39311,147,145
VLP,Vila Rica,MT,BR,-9.980833333333333,-51.140277777777776,0,0,0,0,0
VLR,Vallenar,,CL,-28.6,-70.76666666666667,0,0,0,0,0
VLS,Valesdir,,VU,-16.795833333333334,168.17694444444444,1,0,0,2,1
VLU,Velikiye Luki,,RU,56.38333333333333,30.616666666666667,0,0,0,0,0
VLV,Valera,,VE,9.340833333333334,-70.58416666666666,1,0,0,2,2
VLY,Anglesey,,GB,53.248333333333335,-4.535277777777778,1,0,0,0,0
VME,Villa Mercedes,SL,AR,-33.72527777777778,-65.37805555555555,0,0,0,0,0
VMI,Puerto Valle Mi,,PY,-22.25,-58.0,0,0,0,0,0
VMU,Baimuru,,PG,-7.5,144.8,0,0,0,0,0
VNA,Salavan,,LA,15.7,106.43333333333334,0,0,0,0,0
VNC,Venice,FL,US,27.066666666666666,-82.43333333333334,0,0,0,0,0
VND,Vangaindrano,,MG,-23.35,47.56666666666667,0,0,0,0,0
VNE,Vannes,,FR,47.719166666666666,-2.7233333333333336,0,0,0,0,0
VNO,Vilnius,,LT,54.634166666666665,25.285833333333336,1,1785607,1357932,1793,1810
VNR,Vanrook Station,QL,AU,-16.866666666666667,141.91666666666666,0,0,0,0,0
VNS,Varanasi,UP,IN,25.452222222222222,82.85944444444443,1,986791,1377544,296,442
VNT,Ventspils,,LV,57.35777777777778,21.54416666666667,0,0,0,0,0
VNX,Vilankulos,,MZ,-22.01833333333333,35.31333333333333,1,5907,9858,111,113
VOG,Volgograd,,RU,48.7825,44.345555555555556,1,88039,62399,103,105
VOH,Vohimarina,,MG,-13.366666666666667,50.0,0,0,0,0,0
VOI,Voinjama,,LR,8.416666666666666,-9.75,0,0,0,0,0
VOK,Camp Douglas,WI,US,43.939166666666665,-90.2625,0,0,0,0,0
VOL,Volos,,GR,39.219722222222224,22.794444444444448,1,2,3,12,12
VOT,Votuporanga,SP,BR,-20.4,-49.983333333333334,0,0,0,0,0
VOZ,Voronezh,,RU,51.814166666666665,39.22972222222222,1,0,0,7,8
VPE,Ondjiva,,AO,-17.04388888888889,15.684722222222222,1,253,225,2,2
VPG,Vipingo,,KE,-3.842777777777778,39.805,1,133,181,24,14
VPN,Vopnafjordur,,IS,65.72055555555556,-14.850555555555555,1,0,0,2,2
VPS,Destin/Ft Walton Beach,FL,US,30.466666666666665,-86.51666666666667,1,146902,143042,3278,2886
VPY,Chimoio,,MZ,-19.15138888888889,33.428888888888885,1,836,1250,17,17
VPZ,Valparaiso,IN,US,41.45,-86.98333333333333,0,0,0,0,0
VQS,Vieques,,PR,18.134722222222223,-65.49361111111111,1,5129,10448,120,116
VRA,Varadero,,CU,23.166666666666668,-81.26666666666667,1,44867,94195,706,464
VRB,Vero Beach,FL,US,27.655555555555555,-80.41805555555555,1,103,147,75,64
VRC,Virac,,PH,13.577222222222222,124.20555555555556,1,11,37,3,4
VRE,Vredendal,,ZA,-31.683333333333334,18.583333333333332,0,0,0,0,0
VRI,Varandey,,RU,68.84805555555555,58.20027777777778,0,0,0,0,0
VRK,Varkaus,,FI,62.17111111111111,27.86861111111111,0,0,0,0,0
VRL,Vila Real,,PT,41.27611111111111,-7.7205555555555545,1,0,0,4,5
VRN,Verona,,IT,45.43333333333333,11.0,1,551192,509306,1577,1575
VRS,Versailles,MO,US,38.43472222222222,-92.81666666666666,0,0,0,0,0
VRU,Vryburg,,ZA,-26.983333333333334,24.733333333333334,0,0,0,0,0
VRY,Vaeroy,,NO,67.69055555555556,12.68,1,0,0,0,0
VRZ,Lavras,MG,BR,-21.240277777777777,-44.96416666666667,0,0,0,0,0
VSA,Villahermosa,,MX,17.996944444444445,-92.8175,1,186317,179304,1199,876
VSE,Viseu,,PT,40.733333333333334,-7.883611111111111,1,0,0,6,6
VSF,Springfield,VT,US,43.34111111111111,-72.51944444444445,0,0,0,0,0
VSG,Luhansk,,UA,48.418055555555554,39.37916666666667,0,0,0,0,0
VSO,Phuoc Long,,VN,9.433333333333334,105.46666666666667,0,0,0,0,0
VTB,Vitebsk,,BY,55.12638888888889,30.35027777777778,0,0,0,0,0
VTE,Vientiane,,LA,17.988333333333333,102.56333333333333,1,1707189,1933407,267,255
VTF,Vatulele Island,,FJ,-18.55,177.61666666666667,0,0,0,0,0
VTG,Vung Tau,,VN,10.374444444444444,107.0911111111111,0,0,0,0,0
VTL,Vittel,,FR,48.223888888888894,5.935277777777778,0,0,0,0,0
VTM,Nevatim,,IL,31.208333333333332,35.01222222222222,0,0,0,0,0
VTN,Valentine,NE,US,42.85,-100.55,0,0,0,0,0
VTU,Las Tunas,,CU,20.98777777777778,-76.93583333333333,0,0,0,0,0
VTZ,Vishakhapatnam,AP,IN,17.72111111111111,83.22444444444444,1,808130,829075,220,223
VUP,Valledupar,,CO,10.435,-73.24944444444445,1,43322,50685,109,105
VUS,Veliky Ustyug,,RU,60.78472222222222,46.256388888888885,1,0,0,2,2
VUU,Liwonde,,MW,-14.838611111111112,35.301944444444445,1,0,0,1,1
VVB,Mahanoro,,MG,-19.833333333333332,48.8,0,0,0,0,0
VVC,Villavicencio,,CO,4.167777777777778,-73.61388888888888,1,26336,22722,60,71
VVK,Vastervik,,SE,57.78333333333333,16.533333333333335,0,0,0,0,0
VVN,Malvinas,,PE,-11.854722222222222,-72.93972222222223,0,0,0,0,0
VVO,Vladivostok,,RU,43.39888888888889,132.14805555555554,1,193651,99217,347,338
VVZ,Illizi,,DZ,26.723611111111108,8.622777777777777,1,245,256,18,17
VXC,Lichinga,,MZ,-13.273888888888889,35.26638888888889,1,420,583,14,14
VXE,Sao Vicente Island,,CV,16.83361111111111,-25.054722222222225,1,29959,73644,231,136
VXO,Vaxjo,,SE,56.92916666666667,14.728055555555555,1,2383,2264,137,133
VYD,Vryheid,,ZA,-27.783333333333335,30.8,0,0,0,0,0
VYI,Vilyuysk,,RU,63.757222222222225,121.69166666666668,1,0,0,0,0
VYS,Peru,IL,US,41.3525,-89.14972222222222,0,0,0,0,0
WAA,Wales,AK,US,65.62333333333332,-168.095,1,18,58,8,7
WAB,Wabag,,PG,-5.483333333333333,143.66666666666666,0,0,0,0,0
WAC,Waca,,ET,7.166666666666667,37.166666666666664,0,0,0,0,0
WAD,Andriamena,,MG,-17.45,47.516666666666666,0,0,0,0,0
WAE,Wadi al Dawaser,,SA,20.504166666666666,45.19944444444444,1,6216,5701,56,55
WAF,Wana,,PK,32.28333333333333,69.56666666666666,0,0,0,0,0
WAG,Wanganui,,NZ,-39.962500000000006,175.02305555555557,1,1881,1914,95,99
WAH,Wahpeton,ND,US,46.266666666666666,-96.6,0,0,0,0,0
WAI,Antsohihy,,MG,-14.898888888888889,47.99388888888889,0,0,0,0,0
WAJ,Wawoi Falls,,PG,-6.95,142.65,0,0,0,0,0
WAK,Ankazoabo,,MG,-22.3,44.53333333333333,0,0,0,0,0
WAL,Wallops Island,VA,US,37.93333333333333,-75.38333333333334,0,0,0,0,0
WAM,Ambatondrazaka,,MG,-17.8,48.43333333333333,0,0,0,0,0
WAO,Wabo,,PG,-6.989444444444445,145.07527777777779,0,0,0,0,0
WAP,Alto Palena,,CL,-43.63333333333333,-71.81666666666666,0,0,0,0,0
WAQ,Antsalova,,MG,-18.7,44.61666666666667,0,0,0,0,0
WAR,Waris,,ID,-3.2333333333333334,140.98333333333332,0,0,0,0,0
WAS,Washington,DC,US,38.88333333333333,-77.03333333333333,1,10397811,9622161,44792,45942
WAT,Waterford,,IE,52.18722222222222,-7.086944444444444,0,2,6,0,0
WAU,Wauchope,NT,AU,-20.641111111111112,134.21722222222223,0,0,0,0,0
WAV,Wave Hill,NT,AU,-17.65,130.88333333333333,0,0,0,0,0
WAW,Warsaw,,PL,52.22944444444445,21.01222222222222,1,8268483,6561945,13302,13309
WAX,Zuara,,LY,32.9525,12.015555555555556,0,0,0,0,0
WAY,Waynesburg,PA,US,39.9,-80.18333333333334,0,0,0,0,0
WAZ,Warwick,QL,AU,-28.15,151.95,0,0,0,0,0
WBA,Seram Island,,ID,-2.8166666666666664,129.48333333333332,0,0,0,0,0
WBB,Stebbins,AK,US,63.514722222222225,-162.28416666666666,1,6,13,4,8
WBC,Wapolu,,PG,-9.316666666666666,150.35,0,0,0,0,0
WBD,Befandriana,,MG,-15.2,48.483333333333334,0,0,0,0,0
WBE,Bealanana,,MG,-14.533333333333333,48.7,0,0,0,0,0
WBG,Schleswig,,DE,54.45944444444445,9.516388888888889,0,0,0,0,0
WBK,West Branch,MI,US,44.24472222222222,-84.17972222222222,0,0,0,0,0
WBM,Wapenamanda,,PG,-5.635,143.89166666666665,1,22,68,4,5
WBO,Beroroha,,MG,-21.6,45.13333333333333,0,0,0,0,0
WBQ,Beaver,AK,US,66.36194444444443,-147.40944444444446,1,0,0,0,0
WBR,Big Rapids,MI,US,43.71666666666667,-85.5,0,0,0,0,0
WBU,Boulder,CO,US,40.03333333333333,-105.23333333333333,1,6,20,0,0
WCA,Castro,,CL,-42.5,-73.75,0,908,1724,0,0
WCD,Carosue Dam,WA,AU,-30.183333333333334,122.4,0,0,0,0,0
WCH,Chaiten,,CL,-42.78194444444444,-72.835,0,0,0,0,0
WCR,Chandalar Lake,AK,US,67.5,-148.5,0,0,0,0,0
WDA,Wadi Ain,,YE,14.866666666666667,45.55,0,0,0,0,0
WDB,Weda,,ID,0.4680555555555555,127.95333333333333,1,0,0,3,6
WDG,Enid,OK,US,36.38333333333333,-97.78333333333333,1,27,15,0,0
WDH,Windhoek,,NA,-22.566666666666666,17.1,1,222701,310521,647,639
WDI,Wondai,QL,AU,-26.316666666666666,151.86666666666667,0,0,0,0,0
WDN,Waldron Island,WA,US,48.71666666666667,-123.03333333333333,0,0,0,0,0
WDR,Winder,GA,US,33.983333333333334,-83.66666666666667,0,0,0,0,0
WDS,Shiyan,,CN,32.593333333333334,110.90611111111112,1,6865,10211,108,117
WEA,Weatherford,TX,US,32.75,-97.78333333333333,0,0,0,0,0
WED,Wedau,,PG,-10.1,150.08333333333334,0,0,0,0,0
WEF,Weifang,,CN,36.64694444444444,119.11861111111111,1,25,60,23,23
WEH,Weihai,,CN,37.18722222222222,122.22888888888889,1,386481,484864,349,353
WEI,Weipa,QL,AU,-12.67861111111111,141.92527777777778,1,3465,3687,23,23
WEL,Welkom,,ZA,-28.0,26.666666666666668,0,0,0,0,0
WEP,Weam,,PG,-8.666666666666666,141.1361111111111,0,0,0,0,0
WES,Weasua,,LR,7.283333333333333,-10.483333333333333,0,0,0,0,0
WET,Waghete,,ID,-4.05,136.26666666666668,0,0,0,0,0
WEW,Wee Waa,NS,AU,-30.233333333333334,149.43333333333334,0,0,0,0,0
WFD,Woodford,,GB,53.33777777777778,-2.148888888888889,0,0,0,0,0
WFI,Fianarantsoa,,MG,-21.441666666666666,47.111666666666665,0,0,0,0,0
WFK,Frenchville,ME,US,47.35,-68.38333333333334,0,0,0,0,0
WGA,Wagga Wagga,NS,AU,-35.165277777777774,147.46638888888887,1,21932,25010,121,109
WGC,Warangal,TG,IN,17.916666666666668,79.6,0,0,0,0,0
WGE,Walgett,NS,AU,-30.033333333333335,148.13333333333333,1,0,0,6,5
WGN,Shaoyang,,CN,26.80611111111111,110.64111111111112,1,387,332,39,39
WGO,Winchester,VA,US,39.14333333333333,-78.14416666666668,0,0,0,0,0
WGP,Waingapu,,ID,-9.669166666666666,120.30194444444444,1,0,0,20,7
WGT,Wangaratta,VI,AU,-36.41583333333333,146.30833333333334,0,0,0,0,0
WGU,Wagau,,PG,-6.8,146.8,0,0,0,0,0
WGY,Wagny,,GA,-0.6,12.25,0,0,0,0,0
WHA,Wuhu,,CN,31.104444444444447,118.66694444444445,1,151,295,207,227
WHB,Eliwana,WA,AU,-22.429166666666667,116.88722222222223,0,0,0,0,0
WHD,Hyder,AK,US,55.916666666666664,-130.01666666666668,0,1,0,0,0
WHF,Wadi Halfa,,SD,21.802777777777777,31.521944444444443,0,0,0,0,0
WHK,Whakatane,,NZ,-37.92222222222222,176.9163888888889,1,1460,1162,88,87
WHL,Welshpool,VI,AU,-38.68888888888888,146.45,0,0,0,0,0
WHN,Wuhan,,CN,30.25027777777778,114.05916666666667,0,0,0,0,0
WHO,Franz Josef,,NZ,-43.3,170.01666666666668,0,0,0,0,0
WHS,Whalsay,,GB,60.36666666666667,-0.9833333333333332,0,0,0,0,0
WHT,Wharton,TX,US,29.254444444444445,-96.15444444444445,0,0,0,0,0
WHU,Wuhu,,CN,31.366666666666667,118.36666666666666,0,4846,6469,0,0
WIB,Wilbarger,TX,US,34.22555555555556,-99.28361111111111,0,0,0,0,0
WIC,Wick,,GB,58.45888888888889,-3.093055555555556,1,707,846,8,8
WIE,Wiesbaden,,DE,50.04972222222222,8.325277777777778,0,0,0,0,0
WIK,Surfdale,,NZ,-36.833333333333336,175.08333333333334,0,0,0,0,0
WIN,Winton,QL,AU,-22.363611111111112,143.08555555555557,1,81,62,2,2
WIO,Wilcannia,NS,AU,-31.566666666666666,143.38333333333333,0,0,0,0,0
WIR,Wairoa,,NZ,-39.03333333333333,177.41666666666666,1,0,0,0,0
WIT,Wittenoom Gorge,WA,AU,-22.266666666666666,118.33333333333333,0,0,0,0,0
WIU,Witu,,PG,-3.8166666666666664,142.03333333333333,0,0,0,0,0
WJA,Woja Island,,MH,7.4511111111111115,168.55027777777778,0,0,0,1,1
WJF,Lancaster,CA,US,34.74111111111111,-118.21861111111112,0,12,10,0,0
WJR,Wajir,,KE,1.7847222222222219,39.93277777777777,1,9,37,11,11
WJU,Won-ju,,KR,37.43805555555555,127.96027777777778,1,0,0,2,2
WKA,Wanaka,,NZ,-44.721944444444446,169.24638888888887,1,6,10,24,23
WKB,Warracknabeal,VI,AU,-36.31666666666667,142.41666666666666,0,0,0,0,0
WKF,Pretoria,,ZA,-25.83,28.222499999999997,0,0,0,0,0
WKI,Hwange,,ZW,-18.366666666666667,26.483333333333334,0,0,0,0,0
WKJ,Wakkanai,,JP,45.40416666666667,141.80083333333334,1,16815,18174,19,20
WKK,Aleknagik,AK,US,59.28194444444444,-158.61777777777777,0,0,0,0,0
WKL,Waikoloa,HI,US,19.916666666666668,-155.86666666666667,0,0,0,0,0
WKN,Wakunai,,PG,-5.866666666666667,155.23333333333332,0,0,0,0,0
WKR,Walkers Cay,,BS,27.266666666666666,-78.4,0,0,0,0,0
WLA,Wallal Downs,WA,AU,-19.766666666666666,120.65,0,0,0,0,0
WLC,Walcha,NS,AU,-30.983333333333334,151.6,0,0,0,0,0
WLD,Winfield/Arkansas City,KS,US,37.166666666666664,-97.05,0,0,0,0,0
WLE,Miles,QL,AU,-26.810000000000002,150.16194444444446,1,391,513,14,11
WLG,Wellington,,NZ,-41.32694444444445,174.80694444444447,1,723962,791008,4778,4802
WLH,Walaha,,VU,-15.412777777777778,167.69166666666666,1,2,5,3,3
WLK,Selawik,AK,US,66.60027777777778,-159.98444444444442,1,0,16,2,2
WLL,Wollogorang,NT,AU,-17.216666666666665,137.91666666666666,0,0,0,0,0
WLO,Waterloo,NT,AU,-16.633333333333333,129.31666666666666,0,0,0,0,0
WLP,West Angelas,WA,AU,-23.136944444444445,118.70694444444445,1,0,0,0,0
WLR,Loring,AK,US,55.6,-131.56666666666666,0,0,0,0,0
WLS,Wallis Island,,WF,-13.238333333333333,-176.1988888888889,1,1420,1669,29,29
WLW,Willows,CA,US,39.516666666666666,-122.21666666666667,0,0,0,0,0
WMA,Mandritsara,,MG,-15.833333333333334,48.833333333333336,0,0,0,0,0
WMB,Warrnambool,VI,AU,-38.294444444444444,142.44694444444445,0,0,0,0,0
WMC,Winnemucca,NV,US,40.96666666666667,-117.73333333333333,0,0,0,0,0
WMD,Mandabe,,MG,-21.033333333333335,44.95,0,0,0,0,0
WME,Mount Keith,WA,AU,-27.286944444444448,120.55388888888889,1,0,0,0,0
WMH,Mountain Home,AR,US,36.36666666666667,-92.46666666666667,0,0,0,0,0
WMI,Nowy Dwor Mazowiecki,,PL,52.45111111111111,20.651666666666664,1,108,78,386,403
WMK,Meyers Chuck,AK,US,55.74,-132.25805555555556,0,0,0,0,0
WML,Malaimbandy,,MG,-20.35,45.55,0,0,0,0,0
WMN,Maroantsetra,,MG,-15.436666666666667,49.68833333333333,1,0,0,31,26
WMO,White Mountain,AK,US,64.6863888888889,-163.41111111111113,1,6,6,5,4
WMP,Mampikony,,MG,-16.075,47.64722222222222,0,0,0,0,0
WMR,Mananara Avaratra,,MG,-16.16333333333333,49.769999999999996,0,0,0,0,0
WMT,Zunyi,,CN,27.81638888888889,106.33277777777778,1,66,524,242,233
WMV,Madirovalo,,MG,-16.45,46.56666666666667,0,0,0,0,0
WMX,Wamena,,ID,-4.1,138.9536111111111,1,0,0,15,13
WNA,Napakiak,AK,US,60.69333333333333,-161.97916666666666,1,0,3,2,2
WND,Windarra,WA,AU,-28.266666666666666,121.83333333333333,0,0,0,0,0
WNE,Wora na Yeno,,GA,-1.35,9.333333333333334,0,0,0,0,0
WNH,Wenshan,,CN,23.558055555555555,104.32555555555555,1,533,1602,49,49
WNI,Wangiwangi Island,,ID,-5.290555555555556,123.635,1,0,0,2,1
WNN,Wunnummin Lake,ON,CA,52.89472222222222,-89.29083333333332,1,0,0,13,14
WNP,Naga,,PH,13.585,123.27027777777778,1,64,210,17,14
WNR,Windorah,QL,AU,-25.410555555555554,142.66916666666665,1,16,9,4,4
WNS,Nawabshah,,PK,26.219166666666666,68.39,0,0,0,0,0
WNU,Wanuma,,PG,-4.9,145.31666666666666,0,0,0,0,0
WNZ,Wenzhou,,CN,27.913055555555555,120.85222222222221,1,709491,829741,1755,1785
WOA,Wonenara,,PG,-6.8,145.88333333333333,0,0,0,0,0
WOE,Bergen op Zoom,,NL,51.44916666666666,4.341944444444444,0,0,0,0,0
WOG,Woodgreen,NT,AU,-22.5,134.25,0,0,0,0,0
WOK,Uonquen,,VE,5.25,-61.733333333333334,0,0,0,0,0
WOL,Wollongong,NS,AU,-34.55722222222222,150.78666666666666,1,1571,1566,40,39
WON,Wondoola,QL,AU,-18.666666666666668,140.91666666666666,0,0,0,0,0
WOR,Ankorefo,,MG,-14.883333333333333,47.28333333333333,0,0,0,0,0
WOS,Wonson,,KP,39.151111111111106,127.48472222222222,0,0,0,0,0
WOT,Wang'an,,TW,23.416666666666668,119.5,1,0,0,0,0
WOW,Willow,AK,US,61.75,-150.05,0,0,0,0,0
WPA,Puerto Aisen,,CL,-45.416666666666664,-72.7,0,0,0,0,0
WPB,Port Berge Vaovao,,MG,-15.583333333333334,47.61666666666667,0,0,0,0,0
WPC,Pincher Creek,AB,CA,49.483333333333334,-113.95,0,0,0,0,0
WPK,Wrotham Park,QL,AU,-16.633333333333333,144.0,0,0,0,0,0
WPL,Powell Lake,BC,CA,50.18333333333333,-124.4,1,0,0,29,29
WPM,Wipim,,PG,-8.75,142.85,0,0,0,0,0
WPO,Paonia,CO,US,38.86666666666667,-107.6,0,0,0,0,0
WPR,Porvenir,,CL,-53.25361111111111,-70.32111111111111,1,0,0,2,2
WPU,Puerto Williams,,CL,-54.93111111111111,-67.62666666666667,1,627,1054,2,2
WRA,Warder,,ET,6.966666666666667,45.333333333333336,0,0,0,0,0
WRB,Warner Robins,GA,US,32.63333333333333,-83.91666666666667,0,0,0,0,0
WRE,Whangarei,,NZ,-35.76888888888889,174.36388888888888,1,6745,6766,119,81
WRG,Wrangell,AK,US,56.48444444444444,-132.36972222222224,1,778,829,165,166
WRH,Wuerhe,,CN,46.01722222222222,85.65805555555556,0,0,0,0,0
WRI,Wrightstown,NJ,US,40.021388888888886,-74.58944444444444,0,0,0,0,0
WRL,Worland,WY,US,43.964444444444446,-107.95305555555557,0,0,0,0,0
WRN,Windarling,WA,AU,-30.0325,119.3863888888889,0,0,0,0,0
WRO,Wroclaw,,PL,51.10277777777778,16.885833333333334,1,895044,691365,1597,1480
WRT,Warton,,GB,53.745,-2.8833333333333333,0,0,0,0,0
WRW,Warrawagine Station,WA,AU,-20.966666666666665,120.7,0,0,0,0,0
WRY,Westray,,GB,59.35027777777778,-2.95,0,0,0,0,0
WRZ,Weerawila,,LK,6.254444444444444,81.23527777777778,1,0,0,1,1
WSA,Wasua,,PG,-8.283333333333333,142.86666666666667,0,0,0,0,0
WSB,Steamboat Bay,AK,US,55.55,-133.63333333333333,0,0,0,0,0
WSD,White Sands,NM,US,32.36666666666667,-106.38333333333334,0,0,0,0,0
WSF,Cape Sarichef,AK,US,54.58444444444444,-164.90583333333333,0,0,0,0,0
WSG,Washington,PA,US,40.13666666666666,-80.28972222222222,0,0,0,0,0
WSH,Shirley,NY,US,40.78333333333333,-72.91666666666667,0,0,0,0,0
WSK,Wushan,,CN,31.06888888888889,109.70916666666668,1,60,495,8,9
WSM,Wiseman,AK,US,67.41666666666667,-150.11666666666667,0,0,0,0,0
WSN,South Naknek,AK,US,58.70333333333333,-157.00666666666666,1,0,1,0,0
WSO,Wasjabo,,SR,5.216666666666667,-57.18333333333333,0,0,0,0,0
WSP,Waspam,,NI,14.741388888888888,-83.96833333333333,0,0,0,0,0
WSQ,Galutu,,CN,38.62083333333334,108.82333333333332,0,0,0,0,0
WSR,Wasior,,ID,-2.7666666666666666,134.5,0,0,0,0,0
WST,Westerly,RI,US,41.35055555555556,-71.80222222222221,1,0,0,6,5
WSU,Wasu,,PG,-5.9833333333333325,147.18333333333334,0,0,0,0,0
WSX,Westsound,WA,US,48.61888888888889,-122.9575,0,0,0,0,0
WSY,Airlie Beach/Shute Hbr,QL,AU,-20.292222222222225,148.7838888888889,0,0,0,0,0
WSZ,Westport,,NZ,-41.73694444444445,171.57916666666665,1,0,0,10,10
WTA,Tambohorano,,MG,-17.483333333333334,43.96666666666667,0,0,0,0,0
WTD,West End,,BS,26.683333333333334,-78.98333333333333,0,0,0,0,0
WTE,Wotje Island,,MH,9.45861111111111,170.2386111111111,1,0,0,1,1
WTK,Noatak,AK,US,67.56611111111111,-162.97472222222223,1,2,2,4,3
WTL,Tuntutuliak,AK,US,60.35055555555556,-162.65555555555557,1,0,0,2,2
WTN,Waddington,,GB,53.166666666666664,-0.5333333333333333,0,0,0,0,0
WTO,Wotho Island,,MH,10.17361111111111,166.00277777777777,1,0,0,1,1
WTP,Woitape,,PG,-8.545833333333333,147.25194444444443,0,0,0,0,0
WTR,Whiteriver,AZ,US,33.81666666666667,-109.98333333333333,0,0,0,0,0
WTS,Tsiroanomandidy,,MG,-18.75,46.05,0,0,0,0,0
WTT,Wantoat,,PG,-6.05,146.4,0,0,0,0,0
WTZ,Whitianga,,NZ,-36.833333333333336,175.7,1,0,0,0,0
WUA,Wuhai,,CN,39.7925,106.79944444444445,1,1543,1540,93,99
WUD,Wudinna,SA,AU,-33.016666666666666,135.61944444444444,0,0,0,0,0
WUG,Wau,,PG,-7.333333333333333,146.71666666666667,0,0,0,0,0
WUH,Wuhan,,CN,30.78388888888889,114.20805555555556,1,2557852,2647999,3596,3730
WUI,Murrin,WA,AU,-28.705277777777777,121.89055555555557,0,0,0,0,0
WUM,Wasum,,PG,-6.05,149.33333333333334,0,0,0,0,0
WUN,Wiluna,WA,AU,-26.629166666666666,120.22055555555556,1,0,0,6,3
WUS,Wuyishan,,CN,27.706944444444442,118.00305555555556,1,2568,2900,76,64
WUT,Xinzhou,,CN,38.59777777777778,112.96944444444445,1,612,793,99,93
WUU,Wau,,SS,7.725833333333333,27.973333333333333,0,0,0,0,0
WUV,Wuvulu Island,,PG,-1.75,142.83333333333334,0,0,0,0,0
WUX,Wuxi,,CN,31.494722222222222,120.42944444444444,1,568261,525258,996,995
WUZ,Wuzhou,,CN,23.403055555555554,111.09916666666666,1,1519,1257,40,32
WVB,Walvis Bay,,NA,-22.979999999999997,14.645277777777777,1,10897,18650,169,170
WVI,Watsonville,CA,US,36.93416666666666,-121.79194444444444,0,0,0,0,0
WVK,Manakara,,MG,-22.119722222222222,48.02166666666667,0,0,0,0,0
WVL,Waterville,ME,US,44.53611111111111,-69.67361111111111,0,0,0,0,0
WVN,Wilhelmshaven,,DE,53.50472222222222,8.053333333333335,0,0,0,0,0
WWA,Wasilla,AK,US,61.583333333333336,-149.43333333333334,0,0,0,0,0
WWD,Wildwood,NJ,US,39.45916666666667,-74.5786111111111,0,0,0,0,0
WWI,Woodie Woodie,WA,AU,-21.64527777777778,121.19083333333333,1,0,0,0,0
WWK,Wewak,,PG,-3.583888888888889,143.66916666666665,1,1337,1657,23,25
WWP,Whale Pass,AK,US,56.11666666666667,-133.125,1,0,0,4,3
WWR,Woodward,OK,US,36.43333333333333,-99.51666666666667,0,0,0,0,0
WWT,Newtok,AK,US,60.94027777777777,-164.64249999999998,1,0,0,2,2
WWY,West Wyalong,NS,AU,-33.93722222222222,147.1913888888889,0,0,0,0,0
WXN,Wanzhou,,CN,30.80388888888889,108.42722222222223,1,4519,6425,195,198
WYA,Whyalla,SA,AU,-33.059444444444445,137.51944444444445,1,3595,3358,48,49
WYB,Yes Bay,AK,US,55.916666666666664,-131.8,0,0,0,0,0
WYE,Yengema,,SL,8.616666666666667,-11.05,0,0,0,0,0
WYN,Wyndham,WA,AU,-15.516666666666667,128.15,0,0,0,0,0
WYS,West Yellowstone,MT,US,44.68833333333333,-111.11777777777777,1,11,28,16,16
WZA,Wa,,GH,10.08361111111111,-2.5077777777777777,1,0,0,1,1
WZQ,Urad Middle Banner,,CN,41.69361111111111,108.37805555555555,0,0,0,0,0
XAI,Xinyang,,CN,32.54055555555556,114.07888888888888,1,1402,1399,41,42
XAL,Alamos,,MX,27.016666666666666,-108.93333333333334,0,0,0,0,0
XAP,Chapeco,SC,BR,-27.134166666666665,-52.656666666666666,1,155320,93637,332,306
XAR,Aribinda,,BF,14.233333333333333,-0.8666666666666667,0,0,0,0,0
XAU,Saul,,GF,3.6166666666666667,-53.2,0,0,0,0,0
XBB,Blubber Bay,BC,CA,49.8,-124.63333333333334,0,0,0,0,0
XBE,Bearskin Lake,ON,CA,53.96472222222223,-91.03111111111112,1,0,0,6,6
XBG,Bogande,,BF,12.983333333333333,-0.13333333333333333,0,0,0,0,0
XBJ,Birjand,,IR,32.89388888888889,59.28861111111111,1,0,0,6,6
XBL,Buno Bedelle,,ET,8.45,36.333333333333336,0,0,0,0,0
XBN,Biniguni,,PG,-9.633333333333333,149.31666666666666,0,0,0,0,0
XBO,Boulsa,,BF,12.65,-0.5666666666666667,0,0,0,0,0
XBR,Brockville,ON,CA,44.63916666666667,-75.75055555555555,0,0,0,0,0
XCH,Christmas Island,,CX,-10.450555555555555,105.69027777777778,1,636,1916,12,11
XCL,Cluff Lake,SK,CA,58.38333333333333,-109.51666666666667,0,0,0,0,0
XCM,Chatham,ON,CA,42.309999999999995,-82.07666666666667,0,0,0,0,0
XCN,Coron,,PH,12.0,120.2,0,0,0,0,0
XCO,Colac,VI,AU,-38.333333333333336,143.58333333333334,0,0,0,0,0
XDE,Diebougou,,BF,10.966666666666667,-3.25,0,0,0,0,0
XDJ,Djibo,,BF,14.1,-1.6333333333333333,0,0,0,0,0
XEN,Xingcheng,,CN,40.733333333333334,118.61666666666666,0,0,0,0,0
XEO,Oqatsut,,GL,69.33333333333333,-51.0,0,0,0,0,0
XEQ,Tasiuasaq,,GL,60.19444444444444,-44.81361111111111,1,0,0,0,0
XES,Lake Geneva,WI,US,42.56666666666667,-88.41666666666667,0,0,0,0,0
XFN,Xiangyang,,CN,32.150555555555556,112.29083333333332,1,11341,14097,201,201
XGA,Gaoua,,BF,10.333333333333334,-3.183333333333333,0,0,0,0,0
XGG,Gorom-Gorom,,BF,14.433333333333334,-0.23333333333333336,0,0,0,0,0
XGN,Xangongo,,AO,-16.75,14.967222222222222,0,0,0,0,0
XGR,Kangiqsualujjuaq,QC,CA,58.71138888888889,-65.99194444444444,1,26,28,28,24
XIC,Xichang,,CN,27.989166666666666,102.18444444444445,1,4522,3481,428,412
XIE,Xienglom,,LA,19.616666666666667,100.825,0,0,0,0,0
XIG,Xinguara,PA,BR,-6.966666666666667,-48.8,0,0,0,0,0
XIJ,Ahmed Al Jaber,,KW,28.934722222222224,47.79194444444444,0,0,0,0,0
XIL,Xilinhot,,CN,43.91555555555556,115.96333333333334,1,2015,2104,258,258
XIN,Xingning,,CN,24.15,115.75,0,0,0,0,0
XIQ,Ilimanaq,,GL,69.08055555555555,-51.11277777777778,1,0,0,0,0
XJD,Al Udeid,,QA,25.115833333333335,51.31527777777777,0,0,0,0,0
XJM,Mangla Off-Line Point,,PK,33.61944444444445,73.10055555555554,0,0,0,0,0
XKA,Kantchari,,BF,12.483333333333333,1.5166666666666666,0,0,0,0,0
XKH,Phonsavan,,LA,19.45,103.15833333333335,1,1119,2986,4,4
XKO,Kemano,BC,CA,53.56666666666667,-127.93333333333334,0,0,0,0,0
XKS,Kasabonika,ON,CA,53.52388888888889,-88.6438888888889,1,0,0,5,7
XKY,Kaya,,BF,13.083333333333334,-1.0833333333333333,0,0,0,0,0
XLB,Lac Brochet,MB,CA,58.61666666666667,-101.46694444444445,0,0,0,0,0
XLO,Long Xuyen,,VN,10.483333333333333,105.45,0,0,0,0,0
XLS,St-Louis,,SN,16.050833333333333,-16.463055555555556,0,0,0,4,4
XLU,Leo,,BF,11.1,-2.1,0,0,0,0,0
XLW,Lemwerder,,DE,53.13527777777778,8.617777777777778,0,0,0,0,0
XMA,Maramag,,PH,7.7666666666666675,125.0,0,1,0,0,0
XMC,Mallacoota,VI,AU,-37.6,149.71666666666667,0,0,0,0,0
XMD,Madison,SD,US,44.0,-97.11666666666666,0,0,0,0,0
XMG,Mahendranagar,,NP,28.966666666666665,80.15,0,0,0,0,0
XMH,Manihi,,PF,-14.436666666666667,-146.07,1,33,49,38,69
XMI,Masasi,,TZ,-10.733333333333333,38.766666666666666,0,0,0,0,0
XML,Minlaton,SA,AU,-34.766666666666666,137.6,0,0,0,0,0
XMN,Xiamen,,CN,24.54416666666667,118.12777777777777,1,3418545,3806877,4397,4379
XMP,Macmillan Pass,YT,CA,62.86666666666667,-135.91666666666666,0,0,0,0,0
XMS,Macas,,EC,-2.2991666666666664,-78.12083333333332,0,0,0,0,0
XMY,Yam Island,QL,AU,-9.899166666666666,142.77416666666667,1,22,61,134,166
XNG,Quang Ngai,,VN,15.116666666666667,108.75,0,0,0,0,0
XNH,Nasiriyah,,IQ,30.9375,46.09138888888889,0,0,0,0,0
XNN,Xining,,CN,36.52861111111111,102.04027777777777,1,52468,80797,811,810
XNT,Xingtai,,CN,36.88333333333333,114.42944444444444,0,0,0,0,0
XNU,Nouna,,BF,12.733333333333333,-3.8666666666666667,0,0,0,0,0
XOZ,Doha Free Zone,,QA,24.833333333333332,50.916666666666664,0,0,0,0,0
XPA,Pama,,BF,11.25,0.7,0,0,0,0,0
XPK,Pukatawagan,MB,CA,55.8,-101.41666666666667,1,0,0,0,0
XPP,Poplar River,MB,CA,53.0,-97.4,0,0,0,0,0
XPR,Pine Ridge,SD,US,43.016666666666666,-102.51666666666667,0,0,0,0,0
XQP,Quepos,,CR,9.443055555555556,-84.12972222222221,1,536,749,40,38
XQU,Qualicum,BC,CA,49.337500000000006,-124.39416666666668,1,0,0,0,0
XRH,Richmond,NS,AU,-33.60416666666667,150.78111111111113,0,0,0,0,0
XRQ,Hulunbuir,,CN,48.57472222222223,116.93861111111111,0,0,0,0,0
XRR,Ross River,YT,CA,61.983333333333334,-132.45,0,0,0,0,0
XRY,Jerez,,ES,36.74472222222222,-6.06,1,210005,231379,1047,1067
XSB,Sir Bani Yas Island,,AE,24.282777777777778,52.58166666666667,0,0,0,0,0
XSC,South Caicos,,TC,21.515833333333333,-71.5286111111111,1,1972,2641,13,12
XSE,Sebba,,BF,13.433333333333334,0.5333333333333333,0,0,0,0,0
XSI,South Indian Lake,MB,CA,56.793055555555554,-98.90722222222223,0,0,0,0,0
XSO,Siocon,,PH,7.7,122.13333333333334,0,0,0,0,0
XTG,Thargomindah,QL,AU,-27.98638888888889,143.81222222222223,1,41,32,2,2
XTL,Tadoule Lake,MB,CA,58.70666666666667,-98.51166666666667,0,0,0,0,0
XTO,Taroom,QL,AU,-25.802222222222223,149.89888888888888,0,0,0,0,0
XTR,Tara,QL,AU,-27.283333333333335,150.46666666666667,0,0,0,0,0
XUZ,Xuzhou,,CN,34.22944444444445,117.24583333333334,1,45483,123831,398,390
XVL,Vinh Long,,VN,10.25,105.95,0,0,0,0,0
XWA,Williston,ND,US,48.26166666666666,-103.75083333333333,1,12220,9341,122,120
XXF,Scenic Flight,,NZ,-36.86944444444445,174.76944444444445,0,0,0,0,0
XXH,Helicopter Scenic,,NZ,-39.86944444444445,176.76944444444445,0,0,0,0,0
XXS,Skiplane Scenic,,NZ,-36.87222222222222,174.77222222222224,0,0,0,0,0
XYA,Yandina,,SB,-9.065555555555557,159.21499999999997,0,0,0,0,0
XYE,Ye,,MM,15.25,97.85,0,0,0,0,0
XYR,Yellow River,,PG,-3.8833333333333333,141.78333333333333,0,0,0,0,0
XZA,Zabre,,BF,11.133333333333333,-1.0,0,0,0,0,0
YAA,Anahim Lake,BC,CA,52.45527777777778,-125.30805555555555,1,80,89,10,20
YAB,Arctic Bay,NU,CA,73.00611111111111,-85.03277777777778,1,100,110,26,21
YAC,Cat Lake,ON,CA,51.72777777777778,-91.8275,1,0,0,3,2
YAD,Moose Lake,MB,CA,53.71666666666667,-100.33333333333333,0,0,0,0,0
YAE,Yartsevo,,RU,60.253055555555555,90.20416666666667,0,0,0,2,2
YAG,Fort Frances,ON,CA,48.65416666666667,-93.43972222222223,1,288,583,18,18
YAH,Lagrande 4,QC,CA,53.75,-73.65,0,0,0,0,0
YAI,Chillan,,CL,-36.56666666666667,-72.03333333333333,0,0,0,0,0
YAJ,Lyall Harbour,BC,CA,48.79805555555556,-123.20138888888889,1,0,0,0,0
YAK,Yakutat,AK,US,59.509166666666665,-139.66,1,567,795,154,154
YAL,Alert Bay,BC,CA,50.583333333333336,-126.93333333333334,0,0,0,0,0
YAM,Sault Ste Marie,ON,CA,46.485,-84.50944444444444,1,72795,84775,87,86
YAN,Yangambi,,CD,0.8,24.45,0,0,0,0,0
YAO,Yaounde,,CM,3.8336111111111113,11.523611111111112,1,156311,268109,309,432
YAP,Yap,,FM,9.498888888888889,138.0825,1,355,729,3,3
YAQ,Maple Bay,BC,CA,48.795833333333334,-123.60027777777778,1,0,0,82,81
YAR,Lagrande,QC,CA,53.55,-76.2,0,0,0,0,0
YAS,Yasawa Island,,FJ,-16.759722222222223,177.54611111111112,0,0,0,0,0
YAT,Attawapiskat,ON,CA,52.92777777777778,-82.43111111111112,1,174,120,47,57
YAU,Kattiniq/Donaldson Lake,QC,CA,61.66277777777778,-73.31694444444445,0,0,0,0,0
YAV,Miner's Bay,BC,CA,48.8525,-123.30166666666666,1,0,0,0,0
YAX,Angling Lake,ON,CA,53.848333333333336,-89.57805555555555,1,0,0,4,4
YAY,St Anthony,NL,CA,51.39194444444444,-56.08305555555556,1,417,599,34,36
YAZ,Tofino,BC,CA,49.083333333333336,-125.76666666666667,1,1590,6554,9,9
YBA,Banff,AB,CA,51.166666666666664,-115.56666666666666,0,0,0,0,0
YBB,Pelly Bay,NU,CA,68.53444444444445,-89.80805555555555,1,73,67,30,30
YBC,Baie Comeau,QC,CA,49.1325,-68.20444444444445,1,818,762,0,0
YBE,Uranium City,SK,CA,59.56166666666666,-108.48,1,0,0,4,4
YBF,Bamfield,BC,CA,48.833333333333336,-125.13333333333334,0,0,0,0,0
YBG,Saguenay-Bagotville,QC,CA,48.33222222222223,-70.9925,1,15388,12256,34,43
YBH,Bull Harbour,BC,CA,50.9,-127.91666666666667,0,0,0,0,0
YBI,Black Tickle,NL,CA,53.469722222222224,-55.78638888888889,0,0,0,0,0
YBJ,Baie Johan Beetz,QC,CA,50.5,-62.916666666666664,0,0,0,0,0
YBK,Baker Lake,NU,CA,64.29888888888888,-96.07777777777777,1,101,232,17,32
YBL,Campbell River,BC,CA,49.95,-125.26666666666667,1,5729,8010,47,46
YBN,Borden,ON,CA,44.28333333333333,-79.91666666666667,0,0,0,0,0
YBO,Bobquinn Lake,BC,CA,56.96666666666667,-130.25,0,0,0,0,0
YBP,Yibin,,CN,28.80027777777778,104.545,1,9125,9916,331,357
YBQ,Telegraph Harbour,BC,CA,48.983333333333334,-123.65,1,0,0,0,0
YBR,Brandon,MB,CA,49.907777777777774,-99.95083333333334,1,10850,12064,105,48
YBS,Opapamiskan Lake,ON,CA,52.60666666666667,-90.37694444444443,0,0,0,0,0
YBT,Brochet,MB,CA,57.88972222222222,-101.67972222222222,0,0,0,0,0
YBV,Berens River,MB,CA,52.35916666666667,-97.02,1,0,0,2,0
YBW,Bedwell Harbor,BC,CA,48.746944444444445,-123.22833333333334,0,0,0,0,0
YBX,Blanc Sablon,QC,CA,51.44361111111111,-57.18527777777778,1,523,446,42,40
YBY,Bonnyville,AB,CA,54.266666666666666,-110.73333333333333,0,0,0,0,0
YCA,Courtenay,BC,CA,49.67916666666667,-124.98111111111112,0,0,0,0,0
YCB,Cambridge Bay,NU,CA,69.10805555555555,-105.13833333333334,1,537,482,35,34
YCC,Cornwall,ON,CA,45.09305555555556,-74.56722222222221,0,0,0,0,0
YCD,Nanaimo,BC,CA,49.166666666666664,-123.93333333333334,1,235583,331716,555,542
YCE,Centralia,ON,CA,43.28333333333333,-81.48333333333333,0,0,0,0,0
YCF,Cortes Bay,BC,CA,50.06666666666667,-124.93333333333334,0,0,0,0,0
YCG,Castlegar,BC,CA,49.296388888888885,-117.6325,1,10848,14085,7,8
YCH,Miramichi,NB,CA,47.00805555555556,-65.44944444444445,0,1,0,0,0
YCK,Colville Lake,NT,CA,67.03972222222222,-126.08111111111111,1,0,0,3,4
YCL,Charlo,NB,CA,47.99138888888889,-66.33138888888888,0,0,0,0,0
YCM,St Catharines,ON,CA,43.2,-79.16666666666667,0,0,0,0,0
YCN,Cochrane,ON,CA,49.06666666666667,-81.01666666666667,0,0,0,0,0
YCO,Kugluktuk Coppermine,NU,CA,67.81666666666666,-115.1438888888889,1,243,213,16,20
YCQ,Chetwynd,BC,CA,55.7,-121.66666666666667,0,0,0,0,0
YCR,Cross Lake,MB,CA,54.611111111111114,-97.76083333333334,0,0,0,0,0
YCS,Chesterfield Inlet,NU,CA,63.34666666666667,-90.72888888888889,1,683,27,28,28
YCT,Coronation,AB,CA,52.07527777777778,-111.44638888888889,0,0,0,0,0
YCU,Yuncheng,,CN,35.11638888888889,111.03361111111111,1,25663,35434,602,611
YCW,Chilliwack,BC,CA,49.166666666666664,-121.95,0,0,0,0,0
YCX,Gagetown,NB,CA,45.83777777777778,-66.43694444444445,0,0,0,0,0
YCY,Clyde River,NU,CA,70.48611111111111,-68.51666666666667,1,89,133,9,9
YCZ,Fairmount Springs,BC,CA,50.331944444444446,-115.8736111111111,0,0,0,0,0
YDA,Dawson City,YT,CA,64.04305555555555,-139.1277777777778,1,1065,1524,204,204
YDB,Burwash Landings,YT,CA,61.35,-139.0,0,0,0,0,0
YDC,Drayton Valley,AB,CA,53.21666666666667,-114.98333333333333,0,0,0,0,0
YDE,Paradise River,NL,CA,53.43333333333333,-57.233333333333334,0,0,0,0,0
YDF,Deer Lake,NL,CA,49.21083333333333,-57.39138888888889,1,38969,36568,268,278
YDG,Digby,NS,CA,44.5,-66.16666666666667,0,0,0,0,0
YDJ,Hatchett Lake,SK,CA,58.66111111111111,-102.53888888888889,0,0,0,0,0
YDL,Dease Lake,BC,CA,58.42305555555555,-130.03055555555557,0,0,0,0,0
YDN,Dauphin,MB,CA,51.100833333333334,-100.0525,0,0,0,0,0
YDO,Dolbeau,QC,CA,48.88333333333333,-72.23333333333333,0,0,0,0,0
YDP,Nain,NL,CA,56.55083333333333,-61.6825,1,104,167,21,21
YDQ,Dawson Creek,BC,CA,55.742222222222225,-120.18305555555555,0,63,44,0,0
YDU,Kasba Lake,NT,CA,60.291666666666664,-102.50277777777778,0,0,0,0,0
YDV,Bloodvein,MB,CA,51.75,-96.73333333333333,1,0,0,0,2
YDW,Obre Lake,NT,CA,60.32222222222222,-103.13333333333334,0,0,0,0,0
YEA,Edmonton,AB,CA,53.55,-113.46666666666667,1,5117719,4619328,12339,12062
YEB,Bar River,ON,CA,46.416666666666664,-84.08333333333333,0,0,0,0,0
YEC,Yecheon,,KR,36.625,128.355,0,0,0,0,0
YEH,Yueyahu,,CN,38.588055555555556,106.53861111111111,0,0,0,0,0
YEI,Bursa,,TR,40.25527777777778,29.5625,1,15047,26644,12,12
YEK,Arviat,NU,CA,61.094166666666666,-94.07083333333333,1,92,91,33,50
YEL,Elliot Lake,ON,CA,46.35,-82.55,0,0,0,0,0
YEM,Manitowaning,ON,CA,45.84166666666667,-81.85833333333333,0,0,0,0,0
YEN,Estevan,SK,CA,49.06666666666667,-103.0,0,0,0,0,0
YEO,Yeovilton,,GB,51.016666666666666,-2.6333333333333333,0,0,0,0,0
YEQ,Yenkis,,PG,-5.1,143.91666666666666,0,0,0,0,0
YER,Fort Severn,ON,CA,56.01861111111111,-87.6763888888889,1,0,0,1,1
YES,Yasouj,,IR,30.696944444444444,51.55,1,0,0,2,2
YET,Edson,AB,CA,53.583333333333336,-116.43333333333334,0,0,0,0,0
YEU,Eureka,NU,CA,79.98333333333333,-85.81666666666666,0,0,0,0,0
YEV,Inuvik,NT,CA,68.30416666666666,-133.48277777777778,1,2602,2303,201,226
YEY,Amos,QC,CA,48.583333333333336,-78.11666666666666,0,0,0,0,0
YFA,Fort Albany,ON,CA,52.203611111111115,-81.69500000000001,1,79,71,66,66
YFB,Iqaluit,NU,CA,63.756388888888885,-68.55583333333333,1,5203,6832,184,188
YFC,Fredericton,NB,CA,45.86888888888889,-66.53,1,262694,203643,167,159
YFE,Forestville,QC,CA,48.733333333333334,-69.1,0,0,0,0,0
YFG,Fontanges,QC,CA,54.55,-71.18333333333334,0,0,0,0,0
YFH,Fort Hope,ON,CA,51.56166666666666,-87.90805555555556,1,0,0,3,2
YFI,Fort Mackay,AB,CA,57.225833333333334,-110.97666666666667,0,0,0,0,0
YFJ,Snare Lake,NT,CA,64.19055555555556,-114.07555555555555,1,0,0,1,1
YFL,Fort Reliance,NT,CA,62.71194444444445,-109.16277777777778,0,0,0,0,0
YFO,Flin Flon,MB,CA,54.67805555555555,-101.68166666666667,1,299,468,51,39
YFR,Fort Resolution,NT,CA,61.18055555555555,-113.6888888888889,0,0,0,0,0
YFS,Fort Simpson,NT,CA,61.76027777777778,-121.2363888888889,1,204,249,29,19
YFX,Fox Harbour,NL,CA,52.37305555555555,-55.67388888888889,0,0,0,0,0
YGA,Chongqing,,CN,29.35666666666667,106.01027777777777,0,0,0,0,0
YGB,Gillies Bay,BC,CA,49.69416666666666,-124.51777777777778,0,0,0,0,0
YGC,Grande Cache,AB,CA,53.88333333333333,-119.13333333333334,0,0,0,0,0
YGE,Gorge Harbor,BC,CA,50.09638888888889,-124.9825,0,0,0,0,0
YGG,Ganges Harbor,BC,CA,48.85166666666667,-123.49777777777778,1,0,0,233,231
YGH,Fort Good Hope,NT,CA,66.24083333333333,-128.65083333333334,1,0,0,8,7
YGJ,Yonago,,JP,35.492222222222225,133.23638888888888,1,34248,50319,100,96
YGK,Kingston,ON,CA,44.22555555555556,-76.59694444444445,1,947,1138,3,3
YGL,La Grande,QC,CA,53.625277777777775,-77.70416666666667,1,60,83,26,26
YGM,Gimli,MB,CA,50.63333333333333,-96.98333333333333,0,0,0,0,0
YGN,Greenway Sound,BC,CA,50.85,-126.85,0,0,0,0,0
YGO,Gods Lake Narrows,MB,CA,54.558055555555555,-94.49027777777778,1,0,0,3,0
YGP,Gaspe,QC,CA,48.766666666666666,-64.48333333333333,1,4240,3609,29,27
YGQ,Geraldton,ON,CA,49.778888888888886,-86.9375,0,0,0,0,0
YGR,Iles de la Madeleine,QC,CA,47.42472222222222,-61.780277777777776,1,4550,8028,73,68
YGT,Igloolik,NU,CA,69.36638888888888,-81.82055555555556,1,74,114,16,13
YGV,Havre St Pierre,QC,CA,50.28194444444444,-63.61138888888889,1,16,12,0,0
YGW,Kuujjuarapik,QC,CA,55.28194444444444,-77.765,1,104,167,52,52
YGX,Gillam,MB,CA,56.35722222222223,-94.71083333333334,1,425,490,139,121
YGZ,Grise Fiord,NU,CA,76.42666666666668,-82.91250000000001,1,28,54,5,5
YHA,Port Hope Simpson,NL,CA,52.52833333333333,-56.28472222222222,0,0,0,0,0
YHB,Hudson Bay,SK,CA,52.81861111111112,-102.3111111111111,0,0,0,0,0
YHC,Hakai Pass,BC,CA,51.733333333333334,-128.11666666666667,0,0,0,0,0
YHD,Dryden,ON,CA,49.83166666666667,-92.74416666666667,1,507,744,23,23
YHE,Hope,BC,CA,49.38333333333333,-121.43333333333334,0,0,0,0,0
YHF,Hearst,ON,CA,49.68333333333333,-83.66666666666667,0,0,0,0,0
YHG,Charlottetown,NL,CA,52.76611111111111,-56.112500000000004,0,0,0,0,0
YHI,Ulukhaktok,NT,CA,70.76277777777777,-117.80611111111111,1,56,57,10,8
YHK,Gjoa Haven,NU,CA,68.63555555555556,-95.84972222222221,1,146,196,28,23
YHN,Hornepayne,ON,CA,49.19277777777778,-84.76,1,0,0,0,0
YHO,Hopedale,NL,CA,55.44833333333333,-60.22972222222222,1,85,74,24,24
YHP,Poplar Hill,ON,CA,52.11333333333334,-94.25555555555556,1,0,0,8,11
YHR,Chevery,QC,CA,50.46888888888889,-59.63666666666666,0,43,55,19,20
YHS,Sechelt,BC,CA,49.46666666666667,-123.75,1,0,1,121,121
YHT,Haines Junction,YT,CA,60.75,-137.5,0,0,0,0,0
YHY,Hay River,NT,CA,60.83972222222222,-115.78277777777778,1,918,919,24,33
YHZ,Halifax,NS,CA,44.88333333333333,-63.516666666666666,1,2086015,1865942,3594,3614
YIA,Yogyakarta,,ID,-7.91,110.07,1,112998,174551,655,725
YIB,Atikokan,ON,CA,48.75,-91.61666666666666,0,0,0,0,0
YIC,Yichun (Jiangxi),,CN,27.803333333333335,114.30777777777777,1,8119,9124,97,97
YIE,Aershan,,CN,47.309999999999995,119.99416666666667,1,0,2,7,6
YIF,Pakuashipi,QC,CA,51.21,-58.6575,1,49,101,11,11
YIG,Big Bay Marina,BC,CA,50.40972222222222,-125.13138888888888,0,0,0,0,0
YIH,Yichang,,CN,30.556944444444444,111.47972222222222,1,40048,43130,570,582
YIK,Ivujivik,QC,CA,62.41722222222222,-77.92527777777778,1,35,40,12,12
YIN,Yining,,CN,43.95527777777778,81.32888888888888,1,4142,5560,268,265
YIO,Pond Inlet,NU,CA,72.69027777777778,-77.96833333333333,1,199,175,22,21
YIV,Island Lake/Garden Hill,MB,CA,53.85722222222223,-94.65416666666667,1,0,0,3,3
YIW,Yiwu,,CN,29.345,120.0325,1,113654,117618,410,386
YJA,Jasper,AB,CA,52.87916666666667,-118.07916666666667,1,0,0,0,0
YJF,Fort Liard,NT,CA,60.25,-123.46666666666667,0,0,0,0,0
YJN,St Jean,QC,CA,45.31666666666667,-73.26666666666667,0,0,0,0,0
YJP,Hinton,AB,CA,53.31944444444445,-117.75277777777778,0,0,0,0,0
YJS,Samjiyon,,KP,41.90222222222222,128.41833333333332,0,0,0,0,0
YJT,Stephenville,NL,CA,48.54416666666666,-58.55,0,0,0,0,0
YKA,Kamloops,BC,CA,50.702222222222225,-120.44444444444444,1,285682,370681,386,282
YKC,Collins Bay,SK,CA,58.233333333333334,-103.66666666666667,0,0,0,0,0
YKD,Kincardine,ON,CA,44.20138888888889,-81.60666666666665,0,0,0,0,0
YKE,Knee Lake,MB,CA,54.91555555555556,-94.79833333333333,0,0,0,0,0
YKG,Kangirsuk,QC,CA,60.02722222222222,-69.99972222222222,1,29,37,38,36
YKH,Yingkou,,CN,40.54194444444444,122.35749999999999,1,496,1219,86,77
YKJ,Key Lake,SK,CA,57.25,-105.6,0,0,0,0,0
YKK,Kitkatla SPB,BC,CA,53.794999999999995,-130.43944444444446,0,0,0,0,0
YKL,Schefferville,QC,CA,54.805277777777775,-66.80527777777777,1,76,107,25,25
YKM,Yakima,WA,US,46.56666666666667,-120.53333333333333,1,23209,21398,147,126
YKN,Yankton,SD,US,42.916666666666664,-97.38333333333334,0,0,0,0,0
YKO,Hakkari,,TR,37.54944444444444,44.23833333333334,1,2773,5786,13,12
YKQ,Waskaganish,QC,CA,51.473055555555554,-78.75861111111111,1,69,85,29,30
YKS,Yakutsk,,RU,62.093333333333334,129.77055555555557,1,36636,15636,322,324
YKT,Klemtu,BC,CA,52.59305555555556,-128.5211111111111,0,0,0,0,0
YKU,Chisasibi,QC,CA,53.80555555555555,-78.91694444444445,1,139,156,45,44
YKX,Kirkland Lake,ON,CA,48.15,-80.03333333333333,0,0,0,0,0
YKY,Kindersley,SK,CA,51.45,-109.16666666666667,0,0,0,0,0
YLB,Lac La Biche,AB,CA,54.75666666666667,-112.0025,0,0,0,0,0
YLC,Kimmirut/Lake Harbour,NU,CA,62.84777777777778,-69.8761111111111,1,38,60,6,4
YLD,Chapleau,ON,CA,47.833333333333336,-83.4,0,0,0,0,0
YLE,Whati,NT,CA,63.132222222222225,-117.2475,1,0,0,2,2
YLG,Yalgoo,WA,AU,-28.35,116.66666666666667,0,0,0,0,0
YLH,Lansdowne House,ON,CA,52.19555555555555,-87.93333333333334,1,0,0,2,3
YLI,Ylivieska,,FI,64.05444444444444,24.728888888888886,0,0,0,0,0
YLJ,Meadow Lake,SK,CA,54.125277777777775,-108.52277777777778,0,0,0,0,0
YLK,Barrie/Orillia,ON,CA,44.48527777777778,-79.55555555555556,0,0,0,0,0
YLL,Lloydminster,AB,CA,53.30916666666666,-110.07249999999999,1,11530,10752,8,11
YLM,Clinton Creek,YT,CA,64.46666666666667,-140.73333333333332,0,0,0,0,0
YLN,Yilan,,CN,46.31666666666667,129.56666666666666,0,0,0,0,0
YLO,Shilo,MB,CA,49.781666666666666,-99.63833333333334,0,0,0,0,0
YLP,Mingan,QC,CA,50.28333333333333,-64.15,0,0,0,0,0
YLQ,La Tuque,QC,CA,47.40888888888889,-72.78916666666666,0,0,0,0,0
YLR,Leaf Rapids,MB,CA,56.45,-100.0,0,0,0,0,0
YLS,Lebel-Sur-Quevillon,QC,CA,49.06666666666667,-77.0,0,0,0,0,0
YLT,Alert,NU,CA,82.51666666666667,-62.28333333333333,0,0,0,0,0
YLV,Yevlakh,,AZ,40.635555555555555,47.13777777777778,0,0,0,0,0
YLW,Kelowna,BC,CA,49.95611111111111,-119.37777777777777,1,1922840,1634636,3706,3592
YLX,Yulin,,CN,22.43277777777778,110.11972222222222,1,600,590,42,56
YLY,Langley,BC,CA,50.24472222222222,-121.56833333333333,0,0,0,0,0
YMA,Mayo,YT,CA,63.61666666666667,-135.86666666666667,0,0,0,0,0
YMB,Merritt,BC,CA,50.11666666666667,-120.78333333333333,0,0,0,0,0
YMD,Mould Bay,NU,CA,76.25,-119.5,0,0,0,0,0
YME,Matane,QC,CA,48.85,-67.55,0,0,0,0,0
YMF,Montagne Harbor,BC,CA,48.81666666666667,-123.2063888888889,1,0,0,0,0
YMG,Manitouwadge,ON,CA,49.13333333333333,-85.73333333333333,0,0,0,0,0
YMH,Mary's Harbour,NL,CA,52.30305555555555,-55.84777777777778,0,0,0,0,0
YMJ,Moose Jaw,SK,CA,50.333333333333336,-105.55,0,0,0,0,0
YMK,Mys-Kamenny,,RU,68.46611111111112,73.59555555555555,0,0,0,0,0
YML,Murray Bay,QC,CA,47.65,-70.16666666666667,0,0,0,0,0
YMM,Fort McMurray,AB,CA,56.65333333333333,-111.22194444444445,1,376061,385097,614,483
YMN,Makkovik,NL,CA,55.0775,-59.18805555555555,1,43,67,24,24
YMO,Moosonee,ON,CA,51.28944444444444,-80.60694444444444,1,500,676,61,60
YMP,Port McNeil,BC,CA,50.57222222222222,-127.02583333333334,0,0,0,0,0
YMQ,Montreal,QC,CA,45.516666666666666,-73.56666666666666,1,8305934,7098092,15858,13955
YMS,Yurimaguas,,PE,-5.9,-76.1,0,0,0,0,0
YMT,Chibougamau,QC,CA,49.77194444444444,-74.52805555555555,1,484,472,22,22
YMU,Mansons Landing,BC,CA,50.07166666666667,-124.98416666666667,0,0,0,0,0
YMV,Mary River,NU,CA,71.49138888888889,-79.36027777777777,0,0,0,0,0
YMW,Maniwaki,QC,CA,46.38333333333333,-75.96666666666667,0,0,0,0,0
YNA,Natashquan,QC,CA,50.19,-61.78916666666667,0,41,44,6,6
YNB,Yanbu al Bahr,,SA,24.144166666666667,38.06333333333333,1,85186,63089,191,207
YNC,Wemindji,QC,CA,53.010555555555555,-78.83111111111111,1,64,38,30,30
YNE,Norway House,MB,CA,53.958333333333336,-97.84444444444443,0,0,0,0,0
YNF,Corner Brook,NL,CA,48.94694444444444,-57.943888888888885,0,0,0,0,0
YNG,Youngstown/Warren,OH,US,41.26305555555555,-80.67888888888889,0,0,0,0,0
YNH,Hudson Hope,BC,CA,56.03333333333333,-121.98333333333333,0,0,0,0,0
YNJ,Yanji,,CN,42.882777777777775,129.45138888888889,1,462263,521620,291,289
YNL,Points North Landing,SK,CA,58.275,-104.08111111111111,1,0,0,6,8
YNM,Matagami,QC,CA,49.766666666666666,-77.8,0,0,0,0,0
YNN,Yandicoogina,WA,AU,-22.766666666666666,119.23333333333333,0,0,0,0,0
YNO,North Spirit Lake,ON,CA,52.49055555555556,-92.97222222222223,1,10,15,11,9
YNP,Natuashish,NL,CA,55.913888888888884,-61.18444444444444,1,56,88,27,27
YNS,Nemiscau,QC,CA,51.69083333333333,-76.13666666666667,1,28,35,18,18
YNT,Yantai,,CN,37.657222222222224,120.98722222222223,1,704070,691633,1088,1107
YNX,Snap Lake,NT,CA,63.593611111111116,-110.90527777777778,0,0,0,0,0
YNY,Yangyang,,KR,38.061388888888885,128.66916666666665,1,0,0,2,1
YNZ,Yancheng,,CN,33.42611111111111,120.20305555555557,1,41755,39584,282,290
YOA,Ekati,NT,CA,64.7,-110.61666666666666,0,0,0,0,0
YOC,Old Crow,YT,CA,67.57055555555556,-139.83916666666667,1,119,147,208,181
YOD,Cold Lake,AB,CA,54.45,-110.16666666666667,0,0,0,0,0
YOE,Donnelly,AB,CA,55.733333333333334,-117.2,0,0,0,0,0
YOG,Ogoki,ON,CA,51.658055555555556,-85.90194444444445,1,0,0,1,2
YOH,Oxford House,MB,CA,54.93388888888889,-95.27805555555555,1,0,0,0,3
YOI,Opinaca,QC,CA,52.221944444444446,-76.6125,0,0,0,0,0
YOJ,High Level,AB,CA,58.62138888888889,-117.16472222222222,1,629,755,19,19
YOK,Yokohama,,JP,35.46666666666667,139.63333333333333,1,0,0,0,0
YOL,Yola,,NG,9.2575,12.430555555555555,1,185,251,16,26
YON,Trashigang,,BT,27.25611111111111,91.51527777777778,1,0,0,38,41
YOO,Oshawa,ON,CA,43.92222222222222,-78.89527777777778,0,0,0,0,0
YOP,Rainbow Lake,AB,CA,58.49138888888889,-119.40833333333335,0,0,0,0,0
YOS,Owen Sound,ON,CA,44.59166666666667,-80.83888888888889,0,0,0,0,0
YOT,Yotvata,,IL,29.9,35.06666666666667,0,0,0,0,0
YOW,Ottawa,ON,CA,45.31666666666667,-75.66666666666667,1,3259499,2801460,4340,4181
YOY,Valcartier,QC,CA,46.903055555555554,-71.5038888888889,0,0,0,0,0
YPA,Prince Albert,SK,CA,53.21805555555556,-105.67333333333333,1,3,0,31,25
YPB,Port Alberni,BC,CA,49.32222222222222,-124.93138888888889,0,0,0,0,0
YPC,Paulatuk,NT,CA,69.35944444444443,-124.0775,1,0,0,0,0
YPD,Parry Sound,ON,CA,45.35,-80.03333333333333,0,0,0,0,0
YPE,Peace River,AB,CA,56.22694444444445,-117.44722222222222,0,0,0,0,0
YPG,Portage la Prairie,MB,CA,49.983333333333334,-98.3,0,0,0,0,0
YPH,Inukjuak,QC,CA,58.471111111111114,-78.07833333333333,1,55,67,20,24
YPI,Port Simpson,BC,CA,54.55,-130.41666666666666,0,0,0,0,0
YPJ,Aupaluk,QC,CA,59.29527777777778,-69.60055555555554,1,15,17,34,34
YPL,Pickle Lake,ON,CA,51.44638888888888,-90.21416666666667,1,0,0,3,2
YPM,Pikangikum,ON,CA,51.819722222222225,-93.97305555555556,1,65,119,18,13
YPN,Port Menier,QC,CA,49.83638888888889,-64.28944444444444,1,77,81,0,0
YPO,Peawanuck,ON,CA,54.98777777777778,-85.44277777777778,1,40,38,10,10
YPQ,Peterborough,ON,CA,44.3,-78.31666666666666,0,0,0,0,0
YPR,Prince Rupert,BC,CA,54.28333333333333,-130.45,1,5832,11886,8,8
YPS,Port Hawkesbury,NS,CA,45.61666666666667,-61.35,0,0,0,0,0
YPT,Pender Harbor,BC,CA,49.62277777777778,-124.02555555555556,1,0,0,0,0
YPW,Powell River,BC,CA,49.83416666666667,-124.5,1,2086,5627,73,72
YPX,Puvirnituq,QC,CA,60.04888888888889,-77.28583333333333,1,150,143,58,53
YPY,Fort Chipewyan,AB,CA,58.76833333333333,-111.11583333333333,1,0,0,6,6
YPZ,Burns Lake,BC,CA,54.376666666666665,-125.95111111111112,0,0,0,0,0
YQA,Muskoka,ON,CA,44.96666666666667,-79.3,0,0,0,0,0
YQB,Quebec,QC,CA,46.75,-71.45,1,843729,705003,1458,1403
YQC,Quaqtaq,QC,CA,61.04666666666667,-69.61805555555554,1,23,29,24,24
YQD,The Pas,MB,CA,53.97138888888889,-101.0911111111111,1,231,419,30,30
YQF,Red Deer,AB,CA,52.18222222222222,-113.89444444444445,0,0,0,0,0
YQG,Windsor,ON,CA,42.27055555555555,-82.96194444444444,1,169916,228170,140,108
YQH,Watson Lake,YT,CA,60.11694444444444,-128.825,0,0,0,0,0
YQI,Yarmouth,NS,CA,43.833333333333336,-66.08333333333333,0,0,0,0,0
YQJ,Quadra Island,BC,CA,50.10305555555556,-125.19972222222222,0,0,0,0,0
YQK,Kenora,ON,CA,49.788333333333334,-94.36305555555555,1,462,942,23,25
YQL,Lethbridge,AB,CA,49.62972222222222,-112.79027777777777,1,80075,109134,40,39
YQM,Moncton,NB,CA,46.11666666666667,-64.68333333333334,1,359811,340974,346,322
YQN,Nakina,ON,CA,50.18277777777777,-86.69638888888889,0,0,0,0,0
YQQ,Comox,BC,CA,49.71083333333333,-124.88666666666667,1,459597,405894,889,786
YQR,Regina,SK,CA,50.42944444444444,-104.65722222222223,1,1199251,922794,2185,2214
YQS,St Thomas,ON,CA,42.78333333333333,-81.2,0,0,0,0,0
YQT,Thunder Bay,ON,CA,48.371944444444445,-89.32388888888889,1,440077,386718,455,429
YQU,Grande Prairie,AB,CA,55.17972222222222,-118.885,1,438738,436492,333,376
YQV,Yorkton,SK,CA,51.266666666666666,-102.46666666666667,0,0,0,0,0
YQW,North Battleford,SK,CA,52.766666666666666,-108.25,0,0,0,0,0
YQX,Gander,NL,CA,48.94777777777777,-54.559999999999995,1,17065,18098,73,81
YQY,Sydney,NS,CA,46.16138888888889,-60.047777777777775,1,86435,58653,27,31
YQZ,Quesnel,BC,CA,53.02611111111111,-122.51027777777777,1,1875,5844,25,20
YRA,Rae Lakes,NT,CA,64.11583333333333,-117.30916666666667,1,0,0,2,2
YRB,Resolute,NU,CA,74.71694444444445,-94.96944444444445,1,117,162,17,23
YRC,Refuge Cove,BC,CA,50.12388888888889,-124.83944444444444,0,0,0,0,0
YRD,Dean River,BC,CA,52.81666666666667,-126.96666666666667,0,0,0,0,0
YRF,Cartwright,NL,CA,53.68277777777777,-57.0425,0,0,0,0,0
YRG,Rigolet,NL,CA,54.17944444444444,-58.4575,1,52,80,18,18
YRI,Riviere du Loup,QC,CA,47.766666666666666,-69.58333333333333,0,0,0,0,0
YRJ,Roberval,QC,CA,48.519999999999996,-72.26555555555555,0,0,0,0,0
YRL,Red Lake,ON,CA,51.066944444444445,-93.79305555555555,1,761,929,64,66
YRM,Rocky Mountain House,AB,CA,52.36666666666667,-114.91666666666667,0,0,0,0,0
YRN,River's Inlet,BC,CA,51.46666666666667,-127.58333333333333,0,0,0,0,0
YRQ,Trois-Rivieres,QC,CA,46.35,-72.68333333333334,0,0,0,0,0
YRR,Stuart Island,BC,CA,50.409444444444446,-125.13111111111111,0,0,0,0,0
YRS,Red Sucker Lake,MB,CA,54.16777777777777,-93.55694444444444,1,0,0,0,3
YRT,Rankin Inlet,NU,CA,62.811388888888885,-92.11583333333333,1,1097,1771,286,264
YRV,Revelstoke,BC,CA,50.983333333333334,-118.2,0,0,0,0,0
YSA,Sable Island,NS,CA,43.916666666666664,-59.833333333333336,0,0,0,0,0
YSB,Sudbury,ON,CA,46.49,-81.01,1,74399,165527,114,87
YSC,Sherbrooke,QC,CA,45.43333333333333,-71.68333333333334,0,0,0,0,0
YSD,Suffield,AB,CA,50.2,-111.16666666666667,0,0,0,0,0
YSE,Squamish,BC,CA,49.7,-123.15,0,0,0,0,0
YSF,Stony Rapids,SK,CA,59.25,-105.83333333333333,1,0,0,30,31
YSG,Lutselke Snowdrift,NT,CA,62.41777777777777,-110.6825,1,0,0,4,4
YSH,Smith Falls,ON,CA,44.94638888888888,-75.93972222222223,0,0,0,0,0
YSI,Frying Pan Island,ON,CA,45.266666666666666,-80.0,0,0,0,0,0
YSJ,St John,NB,CA,45.32055555555556,-65.88222222222221,1,63295,57195,86,66
YSK,Sanikiluaq,NU,CA,56.536944444444444,-79.25,1,64,81,25,24
YSL,St Leonard,NB,CA,47.18333333333333,-67.9,0,0,0,0,0
YSM,Fort Smith,NT,CA,60.02027777777778,-111.96194444444444,1,0,0,15,15
YSN,Salmon Arm,BC,CA,50.68333333333333,-119.23333333333333,0,0,0,0,0
YSO,Postville,NL,CA,54.91,-59.78611111111111,1,55,61,24,24
YSP,Marathon,ON,CA,48.75,-86.35,0,0,0,0,0
YSQ,Songyuan,,CN,44.93833333333333,124.55027777777778,1,0,2,13,13
YST,Ste Therese Point,MB,CA,53.84583333333334,-94.85138888888888,1,0,0,3,0
YSU,Summerside,PE,CA,46.43333333333333,-63.833333333333336,0,0,0,0,0
YSX,Shearwater,BC,CA,52.13333333333333,-128.06666666666666,0,0,0,0,0
YSY,Sachs Harbour,NT,CA,71.99388888888889,-125.2425,1,0,0,0,0
YTA,Pembroke,ON,CA,45.86694444444444,-77.25,0,0,0,0,0
YTB,Hartley Bay,BC,CA,53.416666666666664,-129.25,0,0,0,0,0
YTD,Thicket Portage,MB,CA,55.31888888888889,-97.70722222222223,0,0,0,0,0
YTE,Kinngait,NU,CA,64.23,-76.52666666666667,1,66,83,16,16
YTF,Alma,QC,CA,48.509166666666665,-71.64361111111111,0,0,0,0,0
YTG,Sullivan Bay,BC,CA,50.88388888888889,-126.82833333333333,0,0,0,0,0
YTH,Thompson,MB,CA,55.801111111111105,-97.86416666666666,1,926,1833,141,145
YTL,Big Trout Lake,ON,CA,53.8175,-89.89666666666668,1,0,0,9,8
YTM,Mont Tremblant,QC,CA,46.409444444444446,-74.78,0,0,0,0,0
YTO,Toronto,ON,CA,43.65,-79.38333333333334,1,23084926,20517022,47360,47307
YTQ,Tasiujuaq,QC,CA,58.6675,-69.95583333333333,1,16,26,33,35
YTR,Trenton,ON,CA,44.1,-77.56666666666666,0,2,4,0,0
YTS,Timmins,ON,CA,48.569722222222225,-81.37666666666667,1,96119,46335,91,80
YTT,Tisdale,SK,CA,52.85,-104.06666666666666,0,0,0,0,0
YTU,Tasu,BC,CA,52.583333333333336,-135.08333333333334,0,0,0,0,0
YTW,Yutian,,CN,36.81638888888889,81.78138888888888,1,0,19,39,35
YTX,Telegraph Creek,BC,CA,57.916666666666664,-131.16666666666666,0,0,0,0,0
YTY,Yangzhou,,CN,32.56305555555555,119.71888888888888,1,64773,63407,571,577
YUA,Yuanmou,,CN,25.65,101.91666666666667,0,0,0,0,0
YUB,Tuktoyaktuk,NT,CA,69.43333333333334,-133.0263888888889,0,0,0,0,0
YUD,Umiujaq,QC,CA,56.535555555555554,-76.51861111111111,1,36,19,24,24
YUE,Yuendumu,NT,AU,-22.266666666666666,131.78333333333333,0,0,0,0,0
YUK,Kapan,,AM,39.20305555555556,46.45416666666667,0,0,0,0,0
YUM,Yuma,AZ,US,32.65,-114.6,1,31097,32695,226,274
YUS,Yushu,,CN,32.82666666666667,97.12194444444444,1,155,2495,21,19
YUT,Repulse Bay,NU,CA,66.5213888888889,-86.22472222222223,1,37,47,51,40
YUX,Sanirajak,NU,CA,68.7761111111111,-81.24361111111111,1,63,85,9,12
YUY,Rouyn,QC,CA,48.20611111111111,-78.83555555555554,1,8330,7527,19,22
YVA,Moroni,,KM,-11.7,43.233333333333334,1,80311,77717,168,172
YVB,Bonaventure,QC,CA,48.07083333333334,-65.4588888888889,1,1202,1270,23,24
YVC,La Ronge,SK,CA,55.083333333333336,-105.33333333333333,1,0,0,7,8
YVD,Yeva,,PG,-7.55,146.16666666666666,0,0,0,0,0
YVE,Vernon,BC,CA,50.25,-119.33333333333333,0,0,0,0,0
YVG,Vermillion,AB,CA,53.36666666666667,-110.85,1,0,0,0,0
YVM,Qikiqtarjuaq,NU,CA,67.54583333333333,-64.03138888888888,1,54,70,33,29
YVN,Cape Dyer,NU,CA,66.59194444444444,-61.57333333333334,0,0,0,0,0
YVO,Val D'Or,QC,CA,48.05333333333333,-77.78277777777778,1,4786,4688,120,79
YVP,Kuujjuaq,QC,CA,58.09111111111111,-68.42722222222223,1,985,1306,93,93
YVQ,Norman Wells,NT,CA,65.28166666666667,-126.79833333333333,1,443,211,19,21
YVR,Vancouver,BC,CA,49.18333333333333,-123.18333333333334,1,18265552,15516119,38043,38168
YVT,Buffalo Narrows,SK,CA,55.85,-108.48333333333333,0,0,0,0,0
YVV,Wiarton,ON,CA,44.75,-81.15,0,0,0,0,0
YVZ,Deer Lake,ON,CA,52.655277777777776,-94.0611111111111,1,50,169,12,14
YWA,Petawawa,ON,CA,45.9,-77.28333333333333,0,0,0,0,0
YWB,Kangiqsujuaq,QC,CA,61.58777777777778,-71.92666666666668,1,27,37,18,18
YWG,Winnipeg,MB,CA,49.89972222222222,-97.13722222222223,1,3254189,2687699,8269,7539
YWJ,Deline,NT,CA,65.21111111111111,-123.43527777777778,1,0,0,8,7
YWK,Wabush,NL,CA,52.92194444444444,-66.86444444444444,1,6484,7418,166,144
YWL,Williams Lake,BC,CA,52.183055555555555,-122.05416666666666,1,3929,7546,28,35
YWM,Williams Harbour,NL,CA,52.5675,-55.78444444444444,0,0,0,0,0
YWP,Webequie,ON,CA,52.959722222222226,-87.37444444444444,1,0,0,3,2
YWQ,Chute des Passes,QC,CA,49.88722222222222,-71.2538888888889,0,0,0,0,0
YWR,White River,ON,CA,48.583333333333336,-85.25,0,0,0,0,0
YWS,Whistler,BC,CA,50.15,-122.96666666666667,0,0,1,0,0
YWY,Wrigley,NT,CA,63.2,-123.41666666666667,0,0,0,0,0
YXC,Cranbrook,BC,CA,49.61083333333333,-115.78222222222222,1,180504,163417,54,65
YXE,Saskatoon,SK,CA,52.170833333333334,-106.69972222222222,1,1578833,1399894,3166,3048
YXH,Medicine Hat,AB,CA,50.01722222222222,-110.72305555555556,1,26118,79748,52,50
YXJ,Fort St John,BC,CA,56.238055555555555,-120.74027777777778,1,390853,279907,287,194
YXK,Rimouski,QC,CA,48.46666666666667,-68.51666666666667,0,0,0,0,0
YXL,Sioux Lookout,ON,CA,50.11388888888889,-91.90527777777778,1,1238,1356,142,136
YXN,Whale Cove,NU,CA,62.23972222222222,-92.59722222222221,1,17,36,28,28
YXP,Pangnirtung,NU,CA,66.14500000000001,-65.71361111111112,1,179,166,36,38
YXQ,Beaver Creek,YT,CA,62.36666666666667,-140.86666666666667,0,0,0,0,0
YXR,Earlton,ON,CA,47.7,-79.85,0,0,0,0,0
YXS,Prince George,BC,CA,53.91916666666666,-122.7275,1,557157,546630,856,785
YXT,Terrace,BC,CA,54.468611111111116,-128.57611111111112,1,265661,277496,319,380
YXU,London,ON,CA,43.03333333333333,-81.15,1,303874,248741,342,288
YXX,Vancouver Abbotsford Intl Apt,BC,CA,49.025277777777774,-122.36055555555555,1,450593,267185,0,0
YXY,Whitehorse,YT,CA,60.70944444444445,-135.06722222222223,1,54741,74730,796,772
YXZ,Wawa,ON,CA,47.983333333333334,-84.78333333333333,0,0,0,0,0
YYA,Yueyang,,CN,29.31277777777778,113.28166666666667,1,1098,1178,82,82
YYB,North Bay,ON,CA,46.36361111111111,-79.42277777777778,1,10189,10676,36,36
YYC,Calgary,AB,CA,51.11388888888889,-114.02027777777778,1,9446124,8051069,36251,36716
YYD,Smithers,BC,CA,54.82472222222223,-127.18277777777779,1,11396,14680,17,18
YYE,Fort Nelson,BC,CA,58.83777777777778,-122.59777777777778,1,647,763,12,12
YYF,Penticton,BC,CA,49.463055555555556,-119.60222222222221,1,73408,163993,137,76
YYG,Charlottetown,PE,CA,46.28916666666667,-63.12555555555556,1,205985,280962,198,213
YYH,Taloyoak,NU,CA,69.54666666666667,-93.57666666666667,1,71,82,22,26
YYI,Rivers,MB,CA,50.03333333333333,-100.2,0,0,0,0,0
YYJ,Victoria,BC,CA,48.65,-123.43333333333334,1,1597155,1336402,4319,3885
YYL,Lynn Lake,MB,CA,56.86416666666667,-101.07083333333333,0,0,0,0,0
YYM,Cowley,AB,CA,49.56666666666667,-114.08333333333333,0,0,0,0,0
YYN,Swift Current,SK,CA,50.28333333333333,-107.68333333333334,0,0,0,0,0
YYQ,Churchill,MB,CA,58.7,-94.16666666666667,1,1120,4030,88,88
YYR,Goose Bay,NL,CA,53.31944444444445,-60.410555555555554,1,9247,10381,200,198
YYT,St Johns,NL,CA,47.618611111111115,-52.75194444444445,1,661801,636914,1624,1504
YYU,Kapuskasing,ON,CA,49.41444444444444,-82.47111111111111,1,0,0,0,0
YYW,Armstrong,ON,CA,50.29722222222222,-88.97194444444445,0,0,0,0,0
YYY,Mont Joli,QC,CA,48.60861111111111,-68.20805555555556,1,4206,3999,23,25
YZA,Ashcroft,BC,CA,50.721111111111114,-121.27972222222222,1,0,0,0,0
YZE,Gore Bay,ON,CA,45.916666666666664,-82.46666666666667,0,0,0,0,0
YZF,Yellowknife,NT,CA,62.468611111111116,-114.44305555555556,1,495766,628568,583,485
YZG,Salluit,QC,CA,62.17916666666667,-75.66694444444445,1,21,34,20,20
YZH,Slave Lake,AB,CA,55.28333333333333,-114.76666666666667,0,0,0,0,0
YZP,Sandspit,BC,CA,53.254444444444445,-131.8138888888889,1,2769,6517,7,7
YZR,Sarnia,ON,CA,42.999722222222225,-82.30888888888889,1,0,6,0,0
YZS,Coral Harbour,NU,CA,64.19333333333334,-83.35944444444443,1,13,27,35,35
YZT,Port Hardy,BC,CA,50.68055555555555,-127.36666666666666,1,886,4268,18,18
YZU,Whitecourt,AB,CA,54.144444444444446,-115.78888888888889,0,0,0,0,0
YZV,Sept-Iles,QC,CA,50.223333333333336,-66.26555555555555,1,12644,10611,122,122
YZW,Teslin,YT,CA,60.15,-132.75,0,0,0,0,0
YZX,Greenwood,NS,CA,44.983333333333334,-64.91666666666667,0,0,0,0,0
YZY,Zhangye,,CN,38.8075,100.66083333333334,1,460,1078,26,23
YZZ,Trail,BC,CA,49.05555555555555,-117.60916666666667,1,2721,6566,18,18
ZAA,Alice Arm,BC,CA,55.483333333333334,-129.48333333333332,0,0,0,0,0
ZAC,York Landing,MB,CA,56.08972222222222,-96.08944444444444,0,0,0,0,0
ZAD,Zadar,,HR,44.108333333333334,15.346666666666668,1,79463,96382,536,571
ZAG,Zagreb,,HR,45.74305555555556,16.06888888888889,1,1376224,1349859,5996,5687
ZAH,Zahedan,,IR,29.473333333333333,60.90333333333333,1,0,0,30,30
ZAJ,Zaranj,,AF,30.97138888888889,61.86638888888889,0,0,0,0,0
ZAL,Valdivia,,CL,-39.64944444444444,-73.08638888888889,1,33989,41254,608,606
ZAM,Zamboanga,,PH,6.9225,122.05972222222222,1,248007,304669,121,139
ZAO,Cahors,,FR,44.35055555555556,1.4786111111111113,0,0,0,0,0
ZAR,Zaria,,NG,11.133333333333333,7.683333333333334,0,0,0,0,0
ZAT,Zhaotong,,CN,27.325833333333332,103.75472222222223,1,1254,1368,95,94
ZAZ,Zaragoza,,ES,41.64861111111111,-0.8888888888888888,1,29310,24937,137,124
ZBE,Zabreh,,CZ,49.92833333333333,18.078333333333333,0,0,0,0,0
ZBF,Bathurst,NB,CA,47.62972222222222,-65.7388888888889,1,4132,4107,25,8
ZBK,Zabljak,,ME,43.11666666666667,19.233333333333334,0,0,0,0,0
ZBL,Biloela,QL,AU,-24.4,150.5,1,253,231,18,18
ZBM,Bromont,QC,CA,45.31666666666667,-72.83333333333333,0,0,0,0,0
ZBO,Bowen,QL,AU,-20.016666666666666,148.21666666666667,0,0,0,0,0
ZBR,Chah Bahar,,IR,25.444444444444446,60.38361111111111,1,0,0,50,50
ZBY,Sayaboury,,LA,19.233333333333334,101.73333333333333,0,0,0,0,0
ZCL,Zacatecas,,MX,22.897222222222222,-102.68694444444445,1,70986,79014,266,254
ZCO,Temuco,,CL,-38.926944444444445,-72.64694444444446,1,78360,84607,1646,1582
ZDY,Delma Island,,AE,24.51,52.33527777777778,0,0,0,0,0
ZEC,Secunda,,ZA,-26.533333333333335,29.166666666666668,0,0,0,0,0
ZEG,Senggo,,ID,-5.690833333333334,139.35027777777776,0,0,0,0,0
ZEL,Bella Bella,BC,CA,52.18472222222222,-128.15666666666667,1,335,3795,15,15
ZEM,East Main,QC,CA,52.225833333333334,-78.5225,1,51,63,30,30
ZEN,Zenag,,PG,-6.95,146.61666666666667,0,0,0,0,0
ZER,Ziro,AR,IN,27.566666666666666,93.83333333333333,1,0,0,2,2
ZFA,Faro,YT,CA,62.166666666666664,-133.66666666666666,0,0,0,0,0
ZFD,Fond du Lac,SK,CA,59.33527777777778,-107.18444444444445,1,0,0,21,21
ZFL,Zhaosu,,CN,43.08833333333334,81.22444444444444,1,2,2,4,4
ZFM,Fort McPherson,NT,CA,67.4075,-134.86055555555555,0,0,0,0,0
ZFN,Tulita Fort Norman,NT,CA,64.90972222222223,-125.57249999999999,1,0,0,4,5
ZFW,Fairview,AB,CA,56.06666666666667,-118.38333333333334,0,0,0,0,0
ZGF,Grand Forks,BC,CA,49.03333333333333,-118.46666666666667,0,0,0,0,0
ZGI,Gods River,MB,CA,54.83972222222222,-94.07722222222222,1,0,0,3,3
ZGL,South Galway,QL,AU,-25.683333333333334,142.11666666666667,0,0,0,0,0
ZGM,Ngoma,,ZM,-15.966666666666667,25.95,0,0,0,0,0
ZGR,Little Grand Rapids,MB,CA,52.04472222222222,-95.46638888888889,0,0,0,0,0
ZGS,La Romaine,QC,CA,50.25972222222222,-60.67472222222222,0,59,23,11,11
ZGU,Gaua,,VU,-14.219722222222222,167.58833333333334,1,7,3,3,2
ZHA,Zhanjiang,,CN,21.48611111111111,110.59333333333333,1,36079,41291,570,586
ZHM,Shamshernagar,,BD,24.398611111111112,91.92111111111112,0,0,0,0,0
ZHP,High Prairie,AB,CA,55.43333333333333,-116.48333333333333,0,0,0,0,0
ZHY,Zhongwei,,CN,37.57277777777778,105.15138888888889,1,498,624,106,102
ZIA,Zhukovsky,,RU,55.55333333333333,38.151666666666664,1,38,38,54,63
ZIC,Victoria,,CL,-38.21666666666667,-72.33333333333333,0,0,0,0,0
ZIG,Ziguinchor,,SN,12.555555555555557,-16.281666666666666,1,2,9,4,3
ZIH,Ixtapa/Zihuatanejo,,MX,17.601666666666667,-101.46055555555556,1,120160,233247,940,751
ZIS,Zintan,,LY,31.775277777777777,12.249444444444444,1,0,0,0,0
ZIX,Zhigansk,,RU,66.79388888888889,123.36444444444444,1,0,0,5,5
ZIZ,Zamzama,,PK,26.711111111111112,67.6675,0,0,0,0,0
ZJG,Jenpeg,MB,CA,54.51916666666666,-98.0461111111111,0,0,0,0,0
ZJN,Swan River,MB,CA,52.1,-101.26666666666667,0,0,0,0,0
ZKB,Kasaba Bay,,ZM,-8.533333333333333,30.7,0,0,0,0,0
ZKE,Kashechewan,ON,CA,52.281666666666666,-81.67805555555556,1,90,84,54,55
ZKG,Kegaska,QC,CA,50.19611111111111,-61.26583333333333,0,0,0,0,0
ZKL,Zigong,,CN,29.37638888888889,104.62555555555555,0,0,0,0,0
ZKP,Zyryanka,,RU,65.74916666666667,150.88833333333332,1,0,0,5,5
ZLO,Manzanillo,,MX,19.14472222222222,-104.5586111111111,1,41342,69164,747,345
ZLT,La Tabatiere,QC,CA,50.83083333333334,-58.97527777777778,0,0,0,8,7
ZLX,Zalengei,,SD,12.941666666666666,23.565555555555555,0,0,0,0,0
ZMD,Sena Madureira,AC,BR,-9.066666666666666,-68.66666666666667,0,0,0,0,0
ZMH,One Hundred Eight Mile Ranch,BC,CA,51.7,-121.41666666666667,0,0,0,0,0
ZMM,Zamora,,MX,19.983333333333334,-102.26666666666667,0,0,0,0,0
ZMT,Masset,BC,CA,54.027499999999996,-132.1252777777778,1,618,2904,8,8
ZNC,Nyac,AK,US,60.983333333333334,-159.98333333333332,0,0,0,0,0
ZND,Zinder,,NE,13.77888888888889,8.98361111111111,0,0,0,0,0
ZNE,Newman,WA,AU,-23.41777777777778,119.80277777777778,1,52984,53019,446,343
ZNU,Namu,BC,CA,51.85,-127.86666666666666,0,0,0,0,0
ZNZ,Zanzibar,,TZ,-6.2219444444444445,39.225,1,647289,1203366,2641,2776
ZOF,Ocean Falls,BC,CA,52.35305555555556,-127.69805555555556,0,0,0,0,0
ZOS,Osorno,,CL,-40.61138888888889,-73.06055555555555,1,26568,26022,432,436
ZPB,Sachigo Lake,ON,CA,53.89083333333333,-92.19583333333334,1,18,26,9,7
ZPC,Pucon,,CL,-39.29138888888889,-71.92083333333333,0,0,0,0,0
ZPH,Zephyrhills,FL,US,28.233333333333334,-82.16666666666667,0,0,0,0,0
ZPO,Pine House,SK,CA,55.516666666666666,-106.6,0,0,0,0,0
ZQN,Queenstown,,NZ,-45.01833333333333,168.74666666666664,1,608887,856467,2368,2285
ZQS,Queen Charlotte SPB,BC,CA,53.2525,-132.07416666666666,0,0,0,0,0
ZQZ,Zhangjiakou,,CN,40.73916666666667,114.93083333333334,1,2758,4669,66,64
ZRH,Zurich,,CH,47.45,8.55,1,7738305,6640296,30269,28953
ZRI,Serui,,ID,-1.8741666666666668,136.2397222222222,1,0,0,1,1
ZRJ,Round Lake,ON,CA,52.934999999999995,-91.30222222222221,0,0,0,0,0
ZRM,Sarmi,,ID,-1.8833333333333333,138.76666666666668,0,0,0,0,0
ZRS,Zuers/Lech,,AT,47.186388888888885,10.1625,0,0,0,0,0
ZSA,San Salvador,,BS,24.063333333333333,-74.52388888888889,1,1655,3749,71,59
ZSE,St-Pierre,,RE,-21.320833333333333,55.425,1,1941,3224,5,5
ZSJ,Sandy Lake,ON,CA,53.06444444444444,-93.34638888888888,1,55,87,10,17
ZSS,Sassandra,,CI,4.933333333333334,-6.133333333333334,0,0,0,0,0
ZST,Stewart,BC,CA,55.95,-129.98333333333332,0,0,0,0,0
ZTA,Tureia,,PF,-20.780555555555555,-138.5675,1,0,1,30,15
ZTB,Tete-a-La Baleine,QC,CA,50.67444444444444,-59.38361111111111,0,0,0,7,7
ZTH,Zakinthos Island,,GR,37.75083333333333,20.884166666666665,1,58747,74708,1306,1228
ZTM,Shamattawa,MB,CA,55.862500000000004,-92.08111111111111,0,0,0,0,0
ZTR,Zhytomyr,,UA,50.25,28.65,0,0,0,0,0
ZTS,Tahsis,BC,CA,49.916666666666664,-126.65,0,0,0,0,0
ZTU,Zaqatala,,AZ,41.56222222222222,46.66722222222222,0,0,0,0,0
ZUB,Batumi,,GE,41.520833333333336,41.54861111111111,0,0,0,0,0
ZUC,Ignace,ON,CA,49.5,-91.83333333333333,0,0,0,0,0
ZUD,Ancud,,CL,-41.9,-73.8,0,0,0,0,0
ZUH,Zhuhai,,CN,22.006666666666668,113.3761111111111,1,87831,128754,1663,1671
ZUL,Zilfi,,SA,26.3,44.81666666666667,0,0,0,0,0
ZUM,Churchill Falls,NL,CA,53.562777777777775,-64.1061111111111,1,85,108,50,31
ZVA,Miandrivazo,,MG,-19.55,45.45,0,0,0,0,0
ZVG,Springvale,WA,AU,-17.8,127.63333333333334,0,0,0,0,0
ZVK,Savannakhet,,LA,16.560833333333335,104.76388888888889,1,16986,16326,14,13
ZWA,Andapa,,MG,-14.65,49.61666666666667,0,0,0,0,0
ZWL,Wollaston Lake,SK,CA,58.10722222222223,-103.17277777777778,1,0,0,10,13
ZYI,Zunyi,,CN,27.811111111111114,107.2461111111111,1,5547,8064,191,197
ZYL,Sylhet,,BD,24.96333333333333,91.86666666666666,1,148470,157565,157,158
ZZE,Zangilan,,AZ,39.098888888888894,46.73444444444444,0,0,0,0,0
ZZO,Zonalnoye,,RU,50.66888888888889,142.76111111111112,1,0,0,2,2
ZZU,Mzuzu,,MW,-11.444722222222222,34.01166666666666,0,0,0,0,0
ZZV,Zanesville,OH,US,39.95,-81.88333333333334,0,0,0,0,0
